[
{
    "_id" : "577c432b0227c30f5cf44698",
    "actualClass" : "wli_1058",
    "authors" : [ 
        "Wei Li", 
        "rakesh krishnaiyer", 
        "dattatraya kulkarni", 
        "daniel m. lavery", 
        "chu-cheow lim", 
        "ng john", 
        "david c. sehr"
    ],
    "title" : "An Advanced Optimizer for the IA64 Architecture",
    "year" : 2000,
    "journal" : "IEEE Micro",
    "type" : "ARTICLE"
},

{
    "_id" : "577c432b0227c30f5cf44699",
    "actualClass" : "lzhang_517",
    "authors" : [ 
        "Lei Zhang", 
        "chun-hou zheng", 
        "ping zhang", 
        "xin-xin liu", 
        "ju han"
    ],
    "title" : "Gene expression data classification based on nonnegative matrix factorization",
    "year" : 2009,
    "journal" : "IJCNN",
    "type" : "ARTICLE"
},

{
    "_id" : "577c432b0227c30f5cf4469a",
    "actualClass" : "mzhao_734",
    "authors" : [ 
        "Ming Zhao", 
        "zhenning shi", 
        "mark c. reed"
    ],
    "title" : "Iterative Turbo Channel Estimation for OFDM System over Rapid Dispersive Fading Channel",
    "year" : 2008,
    "journal" : "IEEE Transactions on Wireless Communications",
    "type" : "ARTICLE"
},

{
    "_id" : "577c432b0227c30f5cf4469b",
    "actualClass" : "swagner_977",
    "authors" : [ 
        "Stefan Wagner", 
        "stephan m. winkler", 
        "hajrudin efendic", 
        "luigi del re", 
        "michael affenzeller"
    ],
    "title" : "Online modelling based on Genetic Programming",
    "year" : 2007,
    "journal" : "International Journal of Intelligent Systems Technologies and Applications",
    "type" : "ARTICLE"
},

{
    "_id" : "577c432b0227c30f5cf4469c",
    "actualClass" : "yli_1165",
    "authors" : [ 
        "Yao Li", 
        "zhanchun li", 
        "zhitang li", 
        "bin liu"
    ],
    "title" : "Masquerade Detection System Based on Principal Component Analysis and Radial Basics Function",
    "year" : 2005,
    "journal" : "Computational and Information Science",
    "type" : "ARTICLE"
},

{
    "_id" : "577c432b0227c30f5cf446ae",
    "actualClass" : "jkim_332",
    "authors" : [ 
        "Jae-Hoon Kim", 
        "kong joo lee"
    ],
    "title" : "Sentence Compression Learned by News Headline for Displaying in Small Device",
    "year" : 2004,
    "journal" : "Asia Information Retrieval Symposium",
    "type" : "ARTICLE"
},

{
    "_id" : "577c432b0227c30f5cf446af",
    "actualClass" : "sparthasarathy_962",
    "authors" : [ 
        "Srinivasan Parthasarathy", 
        "v. s. anil kumar", 
        "madhav v. marathe", 
        "aravind srinivasan"
    ],
    "title" : "Algorithmic aspects of capacity in wireless networks",
    "year" : 2005,
    "journal" : "Sigmetrics Performance Evaluation Review",
    "type" : "ARTICLE"
},

{
    "_id" : "577c432b0227c30f5cf446b0",
    "actualClass" : "jyang_464",
    "authors" : [ 
        "Jun Yang", 
        "luo chun", 
        "gao gugang", 
        "shi longxing"
    ],
    "title" : "Domain fault model and coverage metric for SoC verification",
    "year" : 2005,
    "journal" : "IEEE International Symposium on Circuits and Systems",
    "type" : "ARTICLE"
},

{
    "_id" : "577c432b0227c30f5cf446b1",
    "actualClass" : "jzhang_361",
    "authors" : [ 
        "Jian Zhang", 
        "tuan hue thi", 
        "sijun lu", 
        "li cheng", 
        "li wang"
    ],
    "title" : "Human Body Articulation for Action Recognition in Video Sequences",
    "year" : 2009,
    "journal" : "Advanced Video and Signal Based Surveillance",
    "type" : "ARTICLE"
},

{
    "_id" : "577c432b0227c30f5cf446b2",
    "actualClass" : "ywang_1156",
    "authors" : [ 
        "Yang Wang", 
        "thomas kunz"
    ],
    "title" : "A Dynamic Assignment Problem in a Mobile System with Limited Bandwidth",
    "year" : 2003,
    "journal" : "Hawaii International Conference on System Sciences",
    "type" : "ARTICLE"
},

{
    "_id" : "577c432b0227c30f5cf4469d",
    "actualClass" : "ajain_3",
    "authors" : [ 
        "Abhishek Jain", 
        "xin zhang", 
        "adrian perrig"
    ],
    "title" : "Packet-dropping adversary identification for data plane security",
    "year" : 2008,
    "journal" : "Conference on Emerging Network Experiment and Technology",
    "type" : "ARTICLE"
},

{
    "_id" : "577c432b0227c30f5cf4469e",
    "actualClass" : "jyang_467",
    "authors" : [ 
        "Jun Yang", 
        "deyun zhang", 
        "yunyi zhang"
    ],
    "title" : "An Energy-Efficient Data Gathering Protocol for Wireless Sensor Networks",
    "year" : 2009,
    "journal" : "ACIS International Conference on Computer and Information Science",
    "type" : "ARTICLE"
},

{
    "_id" : "577c432b0227c30f5cf4469f",
    "actualClass" : "kxu_475",
    "authors" : [ 
        "Kai Xu", 
        "donglin liang"
    ],
    "title" : "Monitoring with Behavior View Diagrams for Debugging",
    "year" : 2005,
    "journal" : "Asia-Pacific Software Engineering Conference",
    "type" : "ARTICLE"
},

{
    "_id" : "577c432b0227c30f5cf446a0",
    "actualClass" : "lzhang_512",
    "authors" : [ 
        "Lei Zhang", 
        "xiaolin shi", 
        "jun zhu", 
        "rui cai"
    ],
    "title" : "User grouping behavior in online forums",
    "year" : 2009,
    "journal" : "Knowledge Discovery and Data Mining",
    "type" : "ARTICLE"
},

{
    "_id" : "577c432b0227c30f5cf446a1",
    "actualClass" : "yliu_1138",
    "authors" : [ 
        "Yan Liu", 
        "luc lamarche", 
        "jiying zhao"
    ],
    "title" : "Flaw in SVD-based Watermarking",
    "year" : 2006,
    "journal" : "Canadian Conference on Electrical and Computer Engineering",
    "type" : "ARTICLE"
},

{
    "_id" : "577c432b0227c30f5cf446a2",
    "actualClass" : "yliu_1135",
    "authors" : [ 
        "Yan Liu", 
        "alexandru niculescu-mizil", 
        "aurelie c. lozano", 
        "yong lu"
    ],
    "title" : "Learning Temporal Causal Graphs for Relational Time-Series Analysis",
    "year" : 2010,
    "journal" : "International Conference on Machine Learning",
    "type" : "ARTICLE"
},

{
    "_id" : "577c432b0227c30f5cf446a3",
    "actualClass" : "kchen_487",
    "authors" : [ 
        "Ke Chen", 
        "shihai wang"
    ],
    "title" : "Regularized Boost for Semi-Supervised Learning",
    "year" : 2007,
    "journal" : "Neural Information Processing Systems",
    "type" : "ARTICLE"
},

{
    "_id" : "577c432b0227c30f5cf446a4",
    "actualClass" : "mli_742",
    "authors" : [ 
        "Minglu Li", 
        "an chen"
    ],
    "title" : "A Web Mining Based Measurement and Monitoring Model of Urban Mass Panic in Emergency Management",
    "year" : 2008,
    "journal" : "Fuzzy Systems and Knowledge Discovery",
    "type" : "ARTICLE"
},

{
    "_id" : "577c432b0227c30f5cf446a5",
    "actualClass" : "nkobayashi_776",
    "authors" : [ 
        "Naoki Kobayashi", 
        "hideaki kimata", 
        "yoshiyuki yashima"
    ],
    "title" : "Edge preserving pre-post filtering for low bitrate video coding",
    "year" : 2001,
    "journal" : "International Conference on Image Processing",
    "type" : "ARTICLE"
},

{
    "_id" : "577c432b0227c30f5cf446a6",
    "actualClass" : "xliu_1115",
    "authors" : [ 
        "Xiaoming Liu", 
        "nils krahnstoever", 
        "ting yu", 
        "peter henry tu"
    ],
    "title" : "What are customers looking at?",
    "year" : 2007,
    "journal" : "Advanced Video and Signal Based Surveillance",
    "type" : "ARTICLE"
},

{
    "_id" : "577c432b0227c30f5cf446a7",
    "actualClass" : "lzhao_570",
    "authors" : [ 
        "Liping Zhao", 
        "damin xu", 
        "yiyong yao", 
        "yongtao qin"
    ],
    "title" : "Quality Tracing and Control Information System for Extended Enterprise",
    "year" : 2007,
    "journal" : "IFIP TC8 Publications",
    "type" : "ARTICLE"
},

{
    "_id" : "577c432b0227c30f5cf446a8",
    "actualClass" : "sroy_905",
    "authors" : [ 
        "Sebastien Roy", 
        "isabelle laroche"
    ],
    "title" : "An efficient regular matrix inversion circuit architecture for MIMO processing",
    "year" : 2006,
    "journal" : "IEEE International Symposium on Circuits and Systems",
    "type" : "ARTICLE"
},

{
    "_id" : "577c432b0227c30f5cf446a9",
    "actualClass" : "mpaolucci_664",
    "authors" : [ 
        "Massimo Paolucci", 
        "davide giglio", 
        "roberto sacile"
    ],
    "title" : "A dynamic routing strategy for the real-time management of a fleet of tank trucks",
    "year" : 2004,
    "journal" : "IEEE International Conference on Systems, Man, and Cybernetics",
    "type" : "ARTICLE"
},

{
    "_id" : "577c432b0227c30f5cf446aa",
    "actualClass" : "jsun_448",
    "authors" : [ 
        "Jun Sun", 
        "jia wang", 
        "songyu yu"
    ],
    "title" : "Wavelet image coding based on directional dilation",
    "year" : 2002,
    "journal" : "Visual Communications and Image Processing",
    "type" : "ARTICLE"
},

{
    "_id" : "577c432b0227c30f5cf446ab",
    "actualClass" : "wwang_1070",
    "authors" : [ 
        "Wei Wang", 
        "qi zhang", 
        "eric yi liu", 
        "abhishek sarkar"
    ],
    "title" : "Split-Order Distance for Clustering and Classification Hierarchies",
    "year" : 2009,
    "journal" : "Statistical and Scientific Database Management",
    "type" : "ARTICLE"
},

{
    "_id" : "577c432b0227c30f5cf446ac",
    "actualClass" : "tnguyen_1024",
    "authors" : [ 
        "Trung Thanh Nguyen", 
        "lutz h.-j. lampe"
    ],
    "title" : "On Trellis Shaping for PAR Reduction in OFDM Systems",
    "year" : 2007,
    "journal" : "IEEE Transactions on Communications",
    "type" : "ARTICLE"
},

{
    "_id" : "577c432b0227c30f5cf446ad",
    "actualClass" : "jzhang_400",
    "authors" : [ 
        "Jianzhong Zhang", 
        "mei-juan huang", 
        "shu-cui xie"
    ],
    "title" : "A Secure and Efficient (t, n) Threshold Verifiable Multi-secret Sharing Scheme",
    "year" : 2005,
    "journal" : "Computational and Information Science",
    "type" : "ARTICLE"
},

{
    "_id" : "577c432b0227c30f5cf44693",
    "actualClass" : "cliu_122",
    "authors" : [ 
        "Chao Liu", 
        "ming zhang", 
        "minrui zheng", 
        "yixin chen"
    ],
    "title" : "Step-by-Step Regression: A More Efficient Alternative for Polynomial Multiple Linear Regression in Stream Cube",
    "year" : 2003,
    "journal" : "Pacific-Asia Conference on Knowledge Discovery and Data Mining",
    "type" : "ARTICLE"
},

{
    "_id" : "577c432b0227c30f5cf44694",
    "actualClass" : "lwang_536",
    "authors" : [ 
        "Liang Wang", 
        "huazhong ning", 
        "tieniu tan", 
        "weiming hu"
    ],
    "title" : "People tracking based on motion model and motion constraints with automatic initialization",
    "year" : 2004,
    "journal" : "Pattern Recognition",
    "type" : "ARTICLE"
},

{
    "_id" : "577c432b0227c30f5cf44695",
    "actualClass" : "lzhang_517",
    "authors" : [ 
        "Lei Zhang", 
        "marko j. slyz"
    ],
    "title" : "A Block-Based InterBand Lossless Hyperspectral Image Compressor",
    "year" : 2005,
    "journal" : "Data Compression Conference",
    "type" : "ARTICLE"
},

{
    "_id" : "577c432b0227c30f5cf44696",
    "actualClass" : "wwang_1070",
    "authors" : [ 
        "Wei Wang", 
        "weiyi meng", 
        "clement t. yu", 
        "naphtali rishe"
    ],
    "title" : "Performance Analysis of Three Text-Join Algorithms",
    "year" : 1998,
    "journal" : "IEEE Transactions on Knowledge and Data Engineering",
    "type" : "ARTICLE"
},

{
    "_id" : "577c432b0227c30f5cf44697",
    "actualClass" : "jzhang_367",
    "authors" : [ 
        "Jian Zhang", 
        "jaeseok kim", 
        "mazin s. yousif", 
        "robert carpenter", 
        "renato j. o. figueiredo"
    ],
    "title" : "System-level performance phase characterization for on-demand resource provisioning",
    "year" : 2007,
    "journal" : "Cluster Computing",
    "type" : "ARTICLE"
},

{
    "_id" : "577c432b0227c30f5cf4479b",
    "actualClass" : "mpaolucci_664",
    "authors" : [ 
        "Massimo Paolucci", 
        "roberto sacile", 
        "antonio boccalatte"
    ],
    "title" : "The Make-It Project: Manufacturing Agents in a Knowledge-Based Environment Driven by Internet Technologies",
    "year" : 2000,
    "journal" : "Academia/Industry Working Conference on Research Challenges",
    "type" : "ARTICLE"
},

{
    "_id" : "577c432b0227c30f5cf4479c",
    "actualClass" : "sparthasarathy_962",
    "authors" : [ 
        "Srinivasan Parthasarathy", 
        "v. s. anil kumar", 
        "madhav v. marathe", 
        "aravind srinivasan"
    ],
    "title" : "A unified approach to scheduling on unrelated parallel machines",
    "year" : 2009,
    "journal" : "Journal of The ACM",
    "type" : "ARTICLE"
},

{
    "_id" : "577c432b0227c30f5cf4479d",
    "actualClass" : "kchen_473",
    "authors" : [ 
        "Kai Chen", 
        "stephen r. schach", 
        "liguo yu", 
        "a. jefferson offutt", 
        "gillian z. heller"
    ],
    "title" : "Open-Source Change Logs",
    "year" : 2004,
    "journal" : "Empirical Software Engineering",
    "type" : "ARTICLE"
},

{
    "_id" : "577c432b0227c30f5cf4479e",
    "actualClass" : "hwang_293",
    "authors" : [ 
        "Hong Wang", 
        "charles h. c. little", 
        "kee l. teo"
    ],
    "title" : "Partition of a directed bipartite graph into two directed cycles",
    "year" : 1996,
    "journal" : "Discrete Mathematics",
    "type" : "ARTICLE"
},

{
    "_id" : "577c432b0227c30f5cf4479f",
    "actualClass" : "wwang_1071",
    "authors" : [ 
        "Wei Wang", 
        "yi chen", 
        "ziyang liu", 
        "xuemin lin"
    ],
    "title" : "Keyword search on structured and semi-structured data",
    "year" : 2009,
    "journal" : "International Conference on Management of Data",
    "type" : "ARTICLE"
},

{
    "_id" : "577c432b0227c30f5cf447a0",
    "actualClass" : "mhofmann_643",
    "authors" : [ 
        "Martin Hofmann", 
        "emanuel kitzelmann"
    ],
    "title" : "I/O guided detection of list catamorphisms: towards problem specific use of program templates in IP",
    "year" : 2010,
    "journal" : "Partial Evaluation and Semantic-Based Program Manipulation",
    "type" : "ARTICLE"
},

{
    "_id" : "577c432b0227c30f5cf447a1",
    "actualClass" : "wmuller_1094",
    "authors" : [ 
        "Wolfgang Muller", 
        "andreas henrich"
    ],
    "title" : "Faster Exact Histogram Intersection on Large Data Collections Using Inverted VA-Files",
    "year" : 2004,
    "journal" : "Conference on Image and Video Retrieval",
    "type" : "ARTICLE"
},

{
    "_id" : "577c432b0227c30f5cf447a2",
    "actualClass" : "rwang_883",
    "authors" : [ 
        "Rui Wang", 
        "nolan goodnight", 
        "cliff woolley", 
        "greg humphreys"
    ],
    "title" : "Interactive Time-Dependent Tone Mapping Using Programmable Graphics Hardware",
    "year" : 2003,
    "journal" : "Eurographics Symposium on Rendering/Eurographics Workshop on Rendering Techniques",
    "type" : "ARTICLE"
},

{
    "_id" : "577c432b0227c30f5cf447a3",
    "actualClass" : "gyang_265",
    "authors" : [ 
        "Guang Yang", 
        "felice balarin", 
        "luciano lavagno", 
        "claudio passerone", 
        "alberto l. sangiovanni-vincentelli", 
        "yosinori watanabe"
    ],
    "title" : "Concurrent execution semantics and sequential simulation algorithms for the metropolis metamodel",
    "year" : 2002,
    "journal" : "International Conference on Hardware Software Codesign",
    "type" : "ARTICLE"
},

{
    "_id" : "577c432b0227c30f5cf447a4",
    "actualClass" : "pzhang_828",
    "authors" : [ 
        "Ping Zhang", 
        "feng jiang", 
        "ying wang", 
        "xi fang", 
        "kai sun", 
        "guona hu"
    ],
    "title" : "Cross-Layer Design for the MIMO System with Zero-Forcing Receiver in the Presence of Channel Estimation Error",
    "year" : 2008,
    "journal" : "IEEE International Conference on Communications",
    "type" : "ARTICLE"
},

{
    "_id" : "577c432b0227c30f5cf447a5",
    "actualClass" : "ywang_1147",
    "authors" : [ 
        "Yan Wang", 
        "ken c. k. law", 
        "horace ho-shing ip"
    ],
    "title" : "A Structured Hypertext Data Model with Versioning for Engineering Documents",
    "year" : 2003,
    "journal" : "Multimedia Tools and Applications",
    "type" : "ARTICLE"
},

{
    "_id" : "577c432b0227c30f5cf447a6",
    "actualClass" : "rwang_888",
    "authors" : [ 
        "Rui Wang", 
        "xiangyu wang", 
        "rui chen"
    ],
    "title" : "A Cognitive Study on the Effectiveness of an Augmented Virtuality-Based Collaborative Design Space",
    "year" : 2008,
    "journal" : "Cooperative Design, Visualization, and Engineering",
    "type" : "ARTICLE"
},

{
    "_id" : "577c432b0227c30f5cf447a7",
    "actualClass" : "jsun_450",
    "authors" : [ 
        "Jun Sun", 
        "eytan modiano"
    ],
    "title" : "Opportunistic power allocation for fading channels with non-cooperative users and random access",
    "year" : 2005,
    "journal" : "International Conference on Broadband Networks",
    "type" : "ARTICLE"
},

{
    "_id" : "577c432b0227c30f5cf447a8",
    "actualClass" : "wwang_1071",
    "authors" : [ 
        "Wei Wang", 
        "haifeng jiang", 
        "hongjun lu", 
        "jeffrey xu yu"
    ],
    "title" : "XParent: An Efficient RDBMS-Based XML Database System",
    "year" : 2002,
    "journal" : "International Conference on Data Engineering",
    "type" : "ARTICLE"
},

{
    "_id" : "577c432b0227c30f5cf447a9",
    "actualClass" : "wwang_1070",
    "authors" : [ 
        "Wei Wang", 
        "xueyi wang", 
        "jun huan", 
        "jack snoeyink"
    ],
    "title" : "Mining RNA Tertiary Motifs with Structure Graphs",
    "year" : 2007,
    "journal" : "Statistical and Scientific Database Management",
    "type" : "ARTICLE"
},

{
    "_id" : "577c432b0227c30f5cf447aa",
    "actualClass" : "jsun_448",
    "authors" : [ 
        "Jun Sun", 
        "an kebin", 
        "wei-na du"
    ],
    "title" : "Homogeneity Based Image Objective Quality Metric",
    "year" : 2006,
    "journal" : "Ieice Transactions",
    "type" : "ARTICLE"
},

{
    "_id" : "577c432b0227c30f5cf447ab",
    "actualClass" : "yzhang_1185",
    "authors" : [ 
        "Yi Zhang", 
        "tao li", 
        "vikas sindhwani", 
        "chris h. q. ding"
    ],
    "title" : "Knowledge transformation for cross-domain sentiment classification",
    "year" : 2009,
    "journal" : "Research and Development in Information Retrieval",
    "type" : "ARTICLE"
},

{
    "_id" : "577c432b0227c30f5cf447ac",
    "actualClass" : "jsun_447",
    "authors" : [ 
        "Jun Sun", 
        "hongliang bai", 
        "satoshi naoi", 
        "yutaka katsuyama", 
        "yoshinobu hotta", 
        "katsuhito fujimoto"
    ],
    "title" : "Video caption duration extraction",
    "year" : 2008,
    "journal" : "International Conference on Pattern Recognition",
    "type" : "ARTICLE"
},

{
    "_id" : "577c432b0227c30f5cf447ad",
    "actualClass" : "jzhang_364",
    "authors" : [ 
        "Jian Zhang", 
        "joan feigenbaum"
    ],
    "title" : "Finding highly correlated pairs efficiently with powerful pruning",
    "year" : 2006,
    "journal" : "International Conference on Information and Knowledge Management",
    "type" : "ARTICLE"
},

{
    "_id" : "577c432b0227c30f5cf447ae",
    "actualClass" : "wwang_1071",
    "authors" : [ 
        "Wei Wang", 
        "jian pei", 
        "yidong yuan", 
        "xuemin lin", 
        "wen jin", 
        "martin ester", 
        "qing liu", 
        "yufei tao", 
        "jeffrey xu yu", 
        "qing zhang"
    ],
    "title" : "Towards multidimensional subspace skyline analysis",
    "year" : 2006,
    "journal" : "ACM Transactions on Database Systems",
    "type" : "ARTICLE"
},

{
    "_id" : "577c432b0227c30f5cf447af",
    "actualClass" : "dbrown_167",
    "authors" : [ 
        "Daniel G. Brown", 
        "christina boucher", 
        "paul church"
    ],
    "title" : "A Graph Clustering Approach to Weak Motif Recognition",
    "year" : 2007,
    "journal" : "Algorithms in Bioinformatics",
    "type" : "ARTICLE"
},

{
    "_id" : "577c432b0227c30f5cf447b0",
    "actualClass" : "yliu_1135",
    "authors" : [ 
        "Yan Liu", 
        "saharon rosset", 
        "claudia perlich"
    ],
    "title" : "Making the most of your data: KDD Cup 2007 \"\"How Many Ratings\"\" winner's report",
    "year" : 2007,
    "journal" : "Sigkdd Explorations",
    "type" : "ARTICLE"
},

{
    "_id" : "577c432b0227c30f5cf447b1",
    "actualClass" : "mweber_711",
    "authors" : [ 
        "Michael Weber", 
        "jaco van de pol"
    ],
    "title" : "A Multi-Core Solver for Parity Games",
    "year" : 2008,
    "journal" : "Electronic Notes in Theoretical Computer Science",
    "type" : "ARTICLE"
},

{
    "_id" : "577c432b0227c30f5cf447b2",
    "actualClass" : "droller_206",
    "authors" : [ 
        "Dieter Roller"
    ],
    "title" : "Solid Modeling with Constrained Form Features",
    "year" : 1993,
    "journal" : "Geometric Modelling",
    "type" : "ARTICLE"
},

{
    "_id" : "577c432b0227c30f5cf447b3",
    "actualClass" : "dking_186",
    "authors" : [ 
        "Dave King", 
        "boniface hicks", 
        "patrick mcdaniel", 
        "michael hicks"
    ],
    "title" : "Trusted declassification: : high-level policy for a security-typed language",
    "year" : 2006,
    "journal" : "SIGPLAN Conference on Programming Language Design and Implementation",
    "type" : "ARTICLE"
},

{
    "_id" : "577c432b0227c30f5cf447b4",
    "actualClass" : "pbaumgartner_809",
    "authors" : [ 
        "Peter Baumgartner", 
        "klaus himpsl"
    ],
    "title" : "Auf dem Wege zu einer neuen Lernkultur - Was die Schule vom Web 2.0 lernen kann",
    "year" : 2008,
    "journal" : "Log in",
    "type" : "ARTICLE"
},

{
    "_id" : "577c432b0227c30f5cf447b5",
    "actualClass" : "mgerke_681",
    "authors" : [ 
        "Michael Gerke", 
        "sven beyer", 
        "peter bohm", 
        "mark a. hillebrand", 
        "thomas in der rieden", 
        "steffen knapp", 
        "dirk leinenbach", 
        "wolfgang j. paul"
    ],
    "title" : "Towards the Formal Verification of Lower System Layers in Automotive Systems",
    "year" : 2005,
    "journal" : "International Conference on Computer Design",
    "type" : "ARTICLE"
},

{
    "_id" : "577c432b0227c30f5cf447b6",
    "actualClass" : "sroy_905",
    "authors" : [ 
        "Sebastien Roy", 
        "zhiyong he", 
        "paul fortier"
    ],
    "title" : "Lowering Error Floor of LDPC Codes Using a Joint Row-Column Decoding Algorithm",
    "year" : 2007,
    "journal" : "IEEE International Conference on Communications",
    "type" : "ARTICLE"
},

{
    "_id" : "577c432b0227c30f5cf447b7",
    "actualClass" : "jbao_402",
    "authors" : [ 
        "Jie Bao", 
        "chi-yin chow", 
        "mohamed f. mokbel", 
        "wei-shinn ku"
    ],
    "title" : "Efficient Evaluation of k-Range Nearest Neighbor Queries in Road Networks",
    "year" : 2010,
    "journal" : "Mobile Data Management",
    "type" : "ARTICLE"
},

{
    "_id" : "577c432b0227c30f5cf447b8",
    "actualClass" : "hwang_288",
    "authors" : [ 
        "Hong Wang", 
        "tong sun", 
        "qing yang"
    ],
    "title" : "Minimizing Area Cost of On-Chip Cache Memories by Caching Address Tags",
    "year" : 1997,
    "journal" : "IEEE Transactions on Computers",
    "type" : "ARTICLE"
},

{
    "_id" : "577c432b0227c30f5cf447b9",
    "actualClass" : "lchen_567",
    "authors" : [ 
        "Ling Chen", 
        "yiqun hu", 
        "wolfgang nejdl"
    ],
    "title" : "DECK: Detecting Events from Web ClickThrough Data",
    "year" : 2008,
    "journal" : "IEEE International Conference on Data Mining",
    "type" : "ARTICLE"
},

{
    "_id" : "577c432b0227c30f5cf447ba",
    "actualClass" : "pwillett_819",
    "authors" : [ 
        "Peter Willett", 
        "nathan brown", 
        "david j. wilton", 
        "richard a. lewis"
    ],
    "title" : "Generation and Display of Activity-Weighted Chemical Hyperstructures",
    "year" : 2003,
    "journal" : "Journal of Chemical Information and Computer Sciences",
    "type" : "ARTICLE"
},

{
    "_id" : "577c432b0227c30f5cf447bb",
    "actualClass" : "lchen_506",
    "authors" : [ 
        "Lei Chen", 
        "weixiong rao", 
        "ada wai-chee fu", 
        "hanhua chen"
    ],
    "title" : "STAIRS: Towards Efficient Full-Text Filtering and Dissemination in a DHT Environment",
    "year" : 2009,
    "journal" : "International Conference on Data Engineering",
    "type" : "ARTICLE"
},

{
    "_id" : "577c432b0227c30f5cf447bc",
    "actualClass" : "jdiederich_322",
    "authors" : [ 
        "Jorg Diederich", 
        "spiro trikaliotis"
    ],
    "title" : "Utilizing a Fault-Tolerance Protocol for Colocating Interfering Cells in a Wireless Network",
    "year" : 2006,
    "journal" : "Architektur von Rechensystemen",
    "type" : "ARTICLE"
},

{
    "_id" : "577c432b0227c30f5cf447bd",
    "actualClass" : "pwillett_819",
    "authors" : [ 
        "Peter Willett", 
        "robert d. brown", 
        "geoffrey m. downs", 
        "gareth jones"
    ],
    "title" : "Hyperstructure model for chemical structure handling: Techniques for substructure searching",
    "year" : 1994,
    "journal" : "Journal of Chemical Information and Computer Sciences",
    "type" : "ARTICLE"
},

{
    "_id" : "577c432b0227c30f5cf447be",
    "actualClass" : "kxu_477",
    "authors" : [ 
        "Kai Xu", 
        "zhi-quan cheng", 
        "bao li", 
        "yanzhen wang", 
        "gang dang", 
        "shiyao jin"
    ],
    "title" : "An Error-Resilient Arithmetic Coding Algorithm for Compressed Meshes",
    "year" : 2008,
    "journal" : "International Conference on Cyberworlds",
    "type" : "ARTICLE"
},

{
    "_id" : "577c432b0227c30f5cf447bf",
    "actualClass" : "mkim_748",
    "authors" : [ 
        "Min-Soo Kim", 
        "ki-hoon lee", 
        "kyu-young whang", 
        "wook-shin han"
    ],
    "title" : "Structural Consistency: Enabling XML Keyword Search to Eliminate Spurious Results Consistently",
    "year" : 2009,
    "journal" : "The Vldb Journal",
    "type" : "ARTICLE"
},

{
    "_id" : "577c432b0227c30f5cf447c0",
    "actualClass" : "jyang_457",
    "authors" : [ 
        "Jun Yang", 
        "adam silberstein"
    ],
    "title" : "NEXSORT: Sorting XML in External Memory",
    "year" : 2004,
    "journal" : "International Conference on Data Engineering",
    "type" : "ARTICLE"
},

{
    "_id" : "577c432b0227c30f5cf447c1",
    "actualClass" : "wzhang_1080",
    "authors" : [ 
        "Wei Zhang"
    ],
    "title" : "Replica Victim Caching to Improve Reliability of In-Cache Replication",
    "year" : 2004,
    "journal" : "Asia-Pacific Computer Systems Architecture Conference",
    "type" : "ARTICLE"
},

{
    "_id" : "577c432b0227c30f5cf447c2",
    "actualClass" : "pwu_806",
    "authors" : [ 
        "Peng Wu", 
        "gethin norman", 
        "catuscia palamidessi", 
        "david parker"
    ],
    "title" : "Model checking the probabilistic pi-calculus",
    "year" : 2007,
    "journal" : "Quantitative Evaluation of Systems",
    "type" : "ARTICLE"
},

{
    "_id" : "577c432b0227c30f5cf447c3",
    "actualClass" : "akumar_15",
    "authors" : [ 
        "Akhil Kumar", 
        "anamitra makur"
    ],
    "title" : "Iterative Error Diffusion Halftoning Using a Zero Phase Error Filter",
    "year" : 1997,
    "journal" : "International Conference on Image Processing",
    "type" : "ARTICLE"
},

{
    "_id" : "577c432b0227c30f5cf447c4",
    "actualClass" : "promano_795",
    "authors" : [ 
        "Paolo Romano", 
        "maria giuseppina campi", 
        "edward thuroff", 
        "paola visconti", 
        "maria assunta manniello", 
        "beatrice iannotta", 
        "gabriella rondanina", 
        "francesco molina", 
        "tiziana ruzzon", 
        "leonardo santi"
    ],
    "title" : "Molecular probe data base (MPDB)",
    "year" : 1996,
    "journal" : "Nucleic Acids Research",
    "type" : "ARTICLE"
},

{
    "_id" : "577c432b0227c30f5cf447c5",
    "actualClass" : "kschmidt_481",
    "authors" : [ 
        "Karsten Schmidt", 
        "theo harder"
    ],
    "title" : "Tailor-Made Native XML Storage Structures",
    "year" : 2007,
    "journal" : "Advances in Databases and Information Systems",
    "type" : "ARTICLE"
},

{
    "_id" : "577c432b0227c30f5cf447c6",
    "actualClass" : "kroy_485",
    "authors" : [ 
        "Kaushik Roy", 
        "ching y. suen", 
        "prabir bhattacharya"
    ],
    "title" : "Segmentation of Unideal Iris Images Using Game Theory",
    "year" : 2010,
    "journal" : "International Conference on Pattern Recognition",
    "type" : "ARTICLE"
},

{
    "_id" : "577c432b0227c30f5cf447c7",
    "actualClass" : "sorlando_913",
    "authors" : [ 
        "Salvatore Orlando", 
        "domenico cotroneo", 
        "stefano russo"
    ],
    "title" : "Failure classification and analysis of the Java Virtual Machine",
    "year" : 2006,
    "journal" : "International Conference on Distributed Computing Systems",
    "type" : "ARTICLE"
},

{
    "_id" : "577c432b0227c30f5cf447c8",
    "actualClass" : "kchen_488",
    "authors" : [ 
        "Ke Chen", 
        "raymond h. chan"
    ],
    "title" : "Preconditioning and convergence in the right norm",
    "year" : 2007,
    "journal" : "International Journal of Computer Mathematics",
    "type" : "ARTICLE"
},

{
    "_id" : "577c432b0227c30f5cf447c9",
    "actualClass" : "pwillett_819",
    "authors" : [ 
        "Peter Willett"
    ],
    "title" : "Computer Techniques for the Indexing of Chemical Reaction Information",
    "year" : 1979,
    "journal" : "Journal of Chemical Information and Computer Sciences",
    "type" : "ARTICLE"
},

{
    "_id" : "577c432b0227c30f5cf447ca",
    "actualClass" : "wli_1050",
    "authors" : [ 
        "Wei Li", 
        "t. aaron gulliver"
    ],
    "title" : "Performance of Hybrid Decision SIC with Transmit Diversity",
    "year" : 2004,
    "journal" : "International Conference on Wireless Networks",
    "type" : "ARTICLE"
},

{
    "_id" : "577c432b0227c30f5cf447cb",
    "actualClass" : "pklein_814",
    "authors" : [ 
        "Peter Klein", 
        "andy schurr", 
        "albert zundorf"
    ],
    "title" : "Generating Single Document Processing Tools",
    "year" : 1996,
    "journal" : "IPSEN",
    "type" : "ARTICLE"
},

{
    "_id" : "577c432b0227c30f5cf447cc",
    "actualClass" : "pwillett_819",
    "authors" : [ 
        "Peter Willett", 
        "beining chen", 
        "robert f. harrison", 
        "kitsuchart pasupa", 
        "david j. wilton", 
        "david j. wood", 
        "xiao qing lewell"
    ],
    "title" : "Virtual Screening Using Binary Kernel Discrimination: Effect of Noisy Training Data and the Optimization of Performance",
    "year" : 2006,
    "journal" : "Journal of Chemical Information and Computer Sciences",
    "type" : "ARTICLE"
},

{
    "_id" : "577c432b0227c30f5cf447cd",
    "actualClass" : "ngupta_788",
    "authors" : [ 
        "Nitin Gupta", 
        "benjamin sowell", 
        "alan j. demers", 
        "johannes gehrke", 
        "haoyuan li", 
        "walker m. white"
    ],
    "title" : "From Declarative Languages to Declarative Processing in Computer Games",
    "year" : 2009,
    "journal" : "Computing Research Repository",
    "type" : "ARTICLE"
},

{
    "_id" : "577c432b0227c30f5cf447ce",
    "actualClass" : "pwillett_819",
    "authors" : [ 
        "Peter Willett", 
        "david j. wild"
    ],
    "title" : "Similarity searching in files of three-dimensional chemical structures. Implementation of atom mapping on the distributed array processor DAP610, the MasPar MP1104, and the connection machine CM200",
    "year" : 1994,
    "journal" : "Journal of Chemical Information and Computer Sciences",
    "type" : "ARTICLE"
},

{
    "_id" : "577c432b0227c30f5cf447cf",
    "actualClass" : "jsun_445",
    "authors" : [ 
        "Jun Sun", 
        "mark k. gardner", 
        "jane w.-s. liu"
    ],
    "title" : "Bounding Completion Times of Jobs with Arbitrary Release Times, Variable Execution Times and Resource Sharing",
    "year" : 1997,
    "journal" : "IEEE Transactions on Software Engineering",
    "type" : "ARTICLE"
},

{
    "_id" : "577c432b0227c30f5cf447d0",
    "actualClass" : "mmeier_700",
    "authors" : [ 
        "Michael Meier", 
        "michael schmidt", 
        "georg lausen"
    ],
    "title" : "On Chase Termination Beyond Stratification",
    "year" : 2009,
    "journal" : "Computing Research Repository",
    "type" : "ARTICLE"
},

{
    "_id" : "577c432b0227c30f5cf447d1",
    "actualClass" : "wwang_1071",
    "authors" : [ 
        "Wei Wang", 
        "guimei liu", 
        "hongjun lu", 
        "jeffrey xu yu", 
        "xiangye xiao"
    ],
    "title" : "AFOPT: An Efficient Implementation of Pattern Growth Approach",
    "year" : 2003,
    "journal" : "Workshop on Frequent Itemset Mining Implementations",
    "type" : "ARTICLE"
},

{
    "_id" : "577c432b0227c30f5cf447d2",
    "actualClass" : "yliu_1149",
    "authors" : [ 
        "Yang Liu", 
        "qilong feng", 
        "songjian lu", 
        "jianxin wang"
    ],
    "title" : "Improved Deterministic Algorithms for Weighted Matching and Packing Problems",
    "year" : 2009,
    "journal" : "Theory and Applications of Models of Computation",
    "type" : "ARTICLE"
},

{
    "_id" : "577c432b0227c30f5cf447d3",
    "actualClass" : "lzhang_512",
    "authors" : [ 
        "Lei Zhang", 
        "ying liu", 
        "tao qin", 
        "tie-yan liu", 
        "wei-ying ma"
    ],
    "title" : "Similarity space projection for web image search and annotation",
    "year" : 2005,
    "journal" : "Multimedia Information Retrieval",
    "type" : "ARTICLE"
},

{
    "_id" : "577c432b0227c30f5cf447d4",
    "actualClass" : "hyu_273",
    "authors" : [ 
        "Haibo Yu", 
        "chunzhao jin", 
        "haiyan che"
    ],
    "title" : "A Description Logic for PKI Trust Domain Modeling",
    "year" : 2005,
    "journal" : "International Conference in IT & Application",
    "type" : "ARTICLE"
},

{
    "_id" : "577c432b0227c30f5cf447d5",
    "actualClass" : "asingh_34",
    "authors" : [ 
        "Amarjeet Singh", 
        "dustin mcintire", 
        "kei ho", 
        "bernie yip", 
        "winston h. wu", 
        "william j. kaiser"
    ],
    "title" : "The low power energy aware processing (LEAP)embedded networked sensor system",
    "year" : 2006,
    "journal" : "Information Processing in Sensor Networks",
    "type" : "ARTICLE"
},

{
    "_id" : "577c432b0227c30f5cf447d6",
    "actualClass" : "mpaul_600",
    "authors" : [ 
        "Manfred Paul", 
        "lutz michael wegner"
    ],
    "title" : "ESCHER's Portable Zeichenkettenverwaltung",
    "year" : 1990,
    "journal" : "Workshop Grundlagen von Datenbanken",
    "type" : "ARTICLE"
},

{
    "_id" : "577c432b0227c30f5cf447d7",
    "actualClass" : "lwang_574",
    "authors" : [ 
        "Long Wang", 
        "christoph meinel"
    ],
    "title" : "Detecting the Changes ofWeb Students' Learning Interest",
    "year" : 2007,
    "journal" : "Web Intelligence",
    "type" : "ARTICLE"
},

{
    "_id" : "577c432b0227c30f5cf447d8",
    "actualClass" : "nzhang_769",
    "authors" : [ 
        "Nan Zhang", 
        "wei zhao", 
        "jianer chen"
    ],
    "title" : "Performance Measurements for Privacy Preserving Data Mining",
    "year" : 2005,
    "journal" : "Pacific-Asia Conference on Knowledge Discovery and Data Mining",
    "type" : "ARTICLE"
},

{
    "_id" : "577c432b0227c30f5cf447d9",
    "actualClass" : "wwang_1069",
    "authors" : [ 
        "Wei Wang", 
        "chen wang", 
        "yongtai zhu", 
        "tianyi wu", 
        "baile shi"
    ],
    "title" : "Constraint-Based Graph Mining in Large Database",
    "year" : 2005,
    "journal" : "Asia-Pacific Web Conference",
    "type" : "ARTICLE"
},

{
    "_id" : "577c432b0227c30f5cf447da",
    "actualClass" : "xliu_1115",
    "authors" : [ 
        "Xiaoming Liu", 
        "yueting zhuang", 
        "yunhe pan"
    ],
    "title" : "Video based human animation technique",
    "year" : 1999,
    "journal" : "ACM Multimedia Conference",
    "type" : "ARTICLE"
},

{
    "_id" : "577c432b0227c30f5cf447db",
    "actualClass" : "fcheng_230",
    "authors" : [ 
        "Feng Cheng", 
        "sebastian roschke", 
        "christoph meinel"
    ],
    "title" : "An Extensible and Virtualization-Compatible IDS Management Architecture",
    "year" : 2009,
    "journal" : "Information Assurance and Security",
    "type" : "ARTICLE"
},

{
    "_id" : "577c432b0227c30f5cf447dc",
    "actualClass" : "wmuller_1095",
    "authors" : [ 
        "Wolfgang Muller", 
        "rainer domer", 
        "andreas gerstlauer"
    ],
    "title" : "Introduction to hardware-dependent software design hardware-dependent software for multi and many-core embedded systems",
    "year" : 2009,
    "journal" : "Asia and South Pacific Design Automation Conference",
    "type" : "ARTICLE"
},

{
    "_id" : "577c432b0227c30f5cf447dd",
    "actualClass" : "yzhang_1184",
    "authors" : [ 
        "Yi Zhang", 
        "philippas tsigas"
    ],
    "title" : "The Non-blocking Programming Paradigm in Large Scale Scientific Computations",
    "year" : 2003,
    "journal" : "Parallel Processing and Applied Mathematics",
    "type" : "ARTICLE"
},

{
    "_id" : "577c432b0227c30f5cf447de",
    "actualClass" : "jhershberger_432",
    "authors" : [ 
        "John Hershberger", 
        "eugene fink", 
        "jianli gong"
    ],
    "title" : "Multi-attribute exchange market: search for optimal matches",
    "year" : 2004,
    "journal" : "IEEE International Conference on Systems, Man, and Cybernetics",
    "type" : "ARTICLE"
},

{
    "_id" : "577c432b0227c30f5cf447df",
    "actualClass" : "mkim_748",
    "authors" : [ 
        "Min-Soo Kim", 
        "kyu-young whang", 
        "min-jae lee", 
        "jae-gil lee", 
        "wook-shin han"
    ],
    "title" : "Odysseus: A High-Performance ORDBMS Tightly-Coupled with IR Features",
    "year" : 2005,
    "journal" : "International Conference on Data Engineering",
    "type" : "ARTICLE"
},

{
    "_id" : "577c432b0227c30f5cf447e0",
    "actualClass" : "mzhao_737",
    "authors" : [ 
        "Ming Zhao", 
        "chun chen", 
        "stan z. li", 
        "jiajun bu"
    ],
    "title" : "Subspace Analysis and Optimization for AAM Based Face Alignment",
    "year" : 2004,
    "journal" : "IEEE International Conference on Automatic Face and Gesture Recognition",
    "type" : "ARTICLE"
},

{
    "_id" : "577c432b0227c30f5cf447e1",
    "actualClass" : "lchen_508",
    "authors" : [ 
        "Lei Chen", 
        "mary p. harper", 
        "zhongqiang huang"
    ],
    "title" : "Using maximum entropy (ME) model to incorporate gesture cues for SU detection",
    "year" : 2006,
    "journal" : "Int. Conf. on Multimodal Interfaces",
    "type" : "ARTICLE"
},

{
    "_id" : "577c432b0227c30f5cf447e2",
    "actualClass" : "lwei_533",
    "authors" : [ 
        "Li Wei", 
        "guanfei guo", 
        "yaoxue zhang", 
        "yue-zhi zhou", 
        "laurence tianruo yang", 
        "pengwei tian"
    ],
    "title" : "Performance Modeling and Analysis of the Booting Process in a Transparent Computing Environment",
    "year" : 2008,
    "journal" : "Future Generation Communication and Networking",
    "type" : "ARTICLE"
},

{
    "_id" : "577c432b0227c30f5cf447e3",
    "actualClass" : "mschneider_629",
    "authors" : [ 
        "Markus Schneider", 
        "li-qun chen", 
        "matthias enzmann", 
        "ahmad-reza sadeghi", 
        "michael steiner"
    ],
    "title" : "A Privacy-Protecting Coupon System",
    "year" : 2005,
    "journal" : "Financial Cryptography",
    "type" : "ARTICLE"
},

{
    "_id" : "577c432b0227c30f5cf447e4",
    "actualClass" : "lzhang_513",
    "authors" : [ 
        "Lei Zhang", 
        "sen wang", 
        "dimitris samaras"
    ],
    "title" : "Face Reconstruction Across Different Poses and Arbitrary Illumination Conditions",
    "year" : 2005,
    "journal" : "Audio- and Video-Based Biometric Person Authentication",
    "type" : "ARTICLE"
},

{
    "_id" : "577c432b0227c30f5cf447e5",
    "actualClass" : "wding_1042",
    "authors" : [ 
        "Wei Ding", 
        "chunhua tian", 
        "shun jiang", 
        "rongzeng cao", 
        "juhnyoung lee"
    ],
    "title" : "Business Value Assessment of Packaged Applications",
    "year" : 2008,
    "journal" : "IEEE Congress on Services",
    "type" : "ARTICLE"
},

{
    "_id" : "577c432b0227c30f5cf447e6",
    "actualClass" : "wwang_1075",
    "authors" : [ 
        "Wei Wang", 
        "honggang wang", 
        "dongming peng", 
        "hamid sharif", 
        "hsiao-hwa chen"
    ],
    "title" : "Image transmissions with security enhancement based on region and path diversity in wireless sensor networks",
    "year" : 2009,
    "journal" : "IEEE Transactions on Wireless Communications",
    "type" : "ARTICLE"
},

{
    "_id" : "577c432b0227c30f5cf447e7",
    "actualClass" : "slin_944",
    "authors" : [ 
        "Shen Lin", 
        "frank k. hwang"
    ],
    "title" : "A Direct Method to Construct Triple Systems",
    "year" : 1974,
    "journal" : "Journal of Combinatorial Theory",
    "type" : "ARTICLE"
},

{
    "_id" : "577c432b0227c30f5cf447e8",
    "actualClass" : "yzhang_1187",
    "authors" : [ 
        "Yi Zhang", 
        "chao liang", 
        "changsheng xu", 
        "jinqiao wang", 
        "hanqing lu"
    ],
    "title" : "A Hierarchical Semantics-Matching Approach for Sports Video Annotation",
    "year" : 2009,
    "journal" : "IEEE Pacific Rim Conference on Multimedia",
    "type" : "ARTICLE"
},

{
    "_id" : "577c432b0227c30f5cf447e9",
    "actualClass" : "gyang_262",
    "authors" : [ 
        "Guang Yang", 
        "mario gerla", 
        "m. y. sanadidi"
    ],
    "title" : "Defense against low-rate TCP-targeted denial-of-service attacks",
    "year" : 2004,
    "journal" : "International Symposium on Computers and Communications",
    "type" : "ARTICLE"
},

{
    "_id" : "577c432c0227c30f5cf447ea",
    "actualClass" : "lboyer_504",
    "authors" : [ 
        "Laurent Boyer", 
        "yann esposito", 
        "amaury habrard", 
        "jose oncina", 
        "marc sebban"
    ],
    "title" : "SEDiL: Software for Edit Distance Learning",
    "year" : 2008,
    "journal" : "Principles of Data Mining and Knowledge Discovery",
    "type" : "ARTICLE"
},

{
    "_id" : "577c432c0227c30f5cf447eb",
    "actualClass" : "qzhang_848",
    "authors" : [ 
        "Qing Zhang", 
        "constantinos markantonakis", 
        "keith mayes"
    ],
    "title" : "A Mutual Authentication Enabled Fair-Exchange and Anonymous E-Payment Protocol",
    "year" : 2006,
    "journal" : "Workshop on Advanced Issues of E-Commerce and Web/based Information Systems/Conference on Electronic Commerce",
    "type" : "ARTICLE"
},

{
    "_id" : "577c432c0227c30f5cf447ec",
    "actualClass" : "jsun_451",
    "authors" : [ 
        "Jun Sun", 
        "wei fang", 
        "wenbo xu"
    ],
    "title" : "Design IIR Digital Filters Using Quantum-Behaved Particle Swarm Optimization",
    "year" : 2006,
    "journal" : "International Conference on Natural Computation",
    "type" : "ARTICLE"
},

{
    "_id" : "577c432c0227c30f5cf447ed",
    "actualClass" : "sfischer_965",
    "authors" : [ 
        "Stefan Fischer", 
        "r. ambauen", 
        "horst bunke"
    ],
    "title" : "Graph Edit Distance with Node Splitting and Merging, and Its Application to Diatom Idenfication",
    "year" : 2003,
    "journal" : "Graph Based Representations in Pattern Recognition",
    "type" : "ARTICLE"
},

{
    "_id" : "577c432c0227c30f5cf447ee",
    "actualClass" : "tnguyen_1025",
    "authors" : [ 
        "Trung Thanh Nguyen", 
        "xin yao"
    ],
    "title" : "Hybridizing Cultural Algorithms and Local Search",
    "year" : 2006,
    "journal" : "Intelligent Data Engineering and Automated Learning",
    "type" : "ARTICLE"
},

{
    "_id" : "577c432c0227c30f5cf447ef",
    "actualClass" : "pbraun_812",
    "authors" : [ 
        "Peter Braun", 
        "oscar slotosch"
    ],
    "title" : "Development of a Car Seat: A Case Study using DOORS, AUTOFOCUS and the Validator",
    "year" : 2001,
    "journal" : "Object-Oriented Modeling of Embedded Real-Time Systems",
    "type" : "ARTICLE"
},

{
    "_id" : "577c432c0227c30f5cf447f0",
    "actualClass" : "lwei_534",
    "authors" : [ 
        "Li Wei", 
        "ming chen", 
        "shixin cheng", 
        "haifeng wang"
    ],
    "title" : "A Complexity Reduced Blind Channel Equalization Scheme for OFDM Systems",
    "year" : 2006,
    "journal" : "IEEE International Symposium on Personal, Indoor and Mobile Radio Communications",
    "type" : "ARTICLE"
},

{
    "_id" : "577c432c0227c30f5cf447f1",
    "actualClass" : "wmuller_1095",
    "authors" : [ 
        "Wolfgang Muller", 
        "stephan flake"
    ],
    "title" : "A UML Profile for Real-Time Constraints with the OCL",
    "year" : 2002,
    "journal" : "The Unified Modeling Language",
    "type" : "ARTICLE"
},

{
    "_id" : "577c432c0227c30f5cf447f2",
    "actualClass" : "ptaylor_799",
    "authors" : [ 
        "Paul Taylor"
    ],
    "title" : "A Lambda Calculus for Real Analysis",
    "year" : 2005,
    "journal" : "Computability and Complexity in Analysis",
    "type" : "ARTICLE"
},

{
    "_id" : "577c432c0227c30f5cf447f3",
    "actualClass" : "gyang_266",
    "authors" : [ 
        "Guang Yang", 
        "jingli zhou", 
        "lijun dong", 
        "gang liu"
    ],
    "title" : "Implementation and Performance Evaluation of an Adaptable Failure Detector for Distributed System",
    "year" : 2007,
    "journal" : "Computational and Information Science",
    "type" : "ARTICLE"
},

{
    "_id" : "577c432c0227c30f5cf447f4",
    "actualClass" : "pzhang_828",
    "authors" : [ 
        "Ping Zhang", 
        "li lihua", 
        "zhou mingyu", 
        "xiaofeng tao"
    ],
    "title" : "Adaptive frame structure in B3G-TDD uplink",
    "year" : 2007,
    "journal" : "Wireless Communications and Mobile Computing",
    "type" : "ARTICLE"
},

{
    "_id" : "577c432c0227c30f5cf447f5",
    "actualClass" : "lzhang_520",
    "authors" : [ 
        "Lei Zhang", 
        "yinhe han", 
        "qiang xu", 
        "xiaowei li"
    ],
    "title" : "Defect Tolerance in Homogeneous Manycore Processors Using Core-Level Redundancy with Unified Topology",
    "year" : 2008,
    "journal" : "Design, Automation, and Test in Europe",
    "type" : "ARTICLE"
},

{
    "_id" : "577c432c0227c30f5cf447f6",
    "actualClass" : "mwagner_710",
    "authors" : [ 
        "Michael Wagner", 
        "r. beckmann", 
        "helmut buchner", 
        "g. knoll", 
        "a. rienacker", 
        "manfred fuchs", 
        "jiri silny", 
        "j. pesch"
    ],
    "title" : "Anatomische Abbildung elektrischer Aktivitat des ZNS",
    "year" : 1996,
    "journal" : "Bildverarbeitung fur die Medizin",
    "type" : "ARTICLE"
},

{
    "_id" : "577c432c0227c30f5cf447f7",
    "actualClass" : "jmuller_328",
    "authors" : [ 
        "Jurgen Muller", 
        "eric robinson", 
        "gene cooperman"
    ],
    "title" : "A disk-based parallel implementation for direct condensation of large permutation modules",
    "year" : 2007,
    "journal" : "International Symposium on Symbolic and Algebraic Computation",
    "type" : "ARTICLE"
},

{
    "_id" : "577c432c0227c30f5cf447f8",
    "actualClass" : "lhe_555",
    "authors" : [ 
        "Lili He", 
        "bi yuan", 
        "zhang yi"
    ],
    "title" : "A 8b 10Ms/s Low Power Pipelined A/D Converter",
    "year" : 2007,
    "journal" : "International Symposium on Quality Electronic Design",
    "type" : "ARTICLE"
},

{
    "_id" : "577c432c0227c30f5cf447f9",
    "actualClass" : "sprakash_990",
    "authors" : [ 
        "Surya Prakash", 
        "pei yean lee", 
        "terry caelli"
    ],
    "title" : "3D Mapping of Surface Temperature Using Thermal Stereo",
    "year" : 2006,
    "journal" : "International Conference on Control, Automation, Robotics and Vision",
    "type" : "ARTICLE"
},

{
    "_id" : "577c432c0227c30f5cf447fa",
    "actualClass" : "mhua_723",
    "authors" : [ 
        "Ming Hua", 
        "hsine-jen tsai", 
        "les l. miller", 
        "rebecca wemhoff", 
        "sarah nusser"
    ],
    "title" : "Combining spatial data from multiple data sources",
    "year" : 2006,
    "journal" : "Computer Applications in Industry and Engineering",
    "type" : "ARTICLE"
},

{
    "_id" : "577c432c0227c30f5cf447fb",
    "actualClass" : "bliu_81",
    "authors" : [ 
        "Bin Liu", 
        "wang-chien lee", 
        "dik lun lee"
    ],
    "title" : "Supporting Complex MultiDimensional Queries in P2P Systems",
    "year" : 2005,
    "journal" : "International Conference on Distributed Computing Systems",
    "type" : "ARTICLE"
},

{
    "_id" : "577c432c0227c30f5cf447fc",
    "actualClass" : "josborne_343",
    "authors" : [ 
        "James Osborne", 
        "helen wright"
    ],
    "title" : "SuperVise: Using Grid Tools to Simplify Visualization",
    "year" : 2003,
    "journal" : "Parallel Processing and Applied Mathematics",
    "type" : "ARTICLE"
},

{
    "_id" : "577c432c0227c30f5cf447fd",
    "actualClass" : "yhe_1198",
    "authors" : [ 
        "Ying He", 
        "xian xiao", 
        "hock soon seah"
    ],
    "title" : "Harmonic 1form based skeleton extraction from examples",
    "year" : 2009,
    "journal" : "Graphical Models /graphical Models and Image Processing /computer Vision, Graphics, and Image Processing",
    "type" : "ARTICLE"
},

{
    "_id" : "577c432c0227c30f5cf447fe",
    "actualClass" : "lwang_574",
    "authors" : [ 
        "Long Wang", 
        "christoph meinel", 
        "chunnian liu"
    ],
    "title" : "Discovering Characteristic Individual Accessing Behaviors in Web Environment",
    "year" : 2005,
    "journal" : "Rough Sets, Fuzzy Sets, Data Mining, and Granular-Soft Computing",
    "type" : "ARTICLE"
},

{
    "_id" : "577c432c0227c30f5cf447ff",
    "actualClass" : "wmuller_1095",
    "authors" : [ 
        "Wolfgang Muller", 
        "alexander krupp"
    ],
    "title" : "Combining Formal Refinement and Model Checking for Real-Time Systems Verification",
    "year" : 2003,
    "journal" : "Forum on specification & Design Languages",
    "type" : "ARTICLE"
},

{
    "_id" : "577c432c0227c30f5cf44800",
    "actualClass" : "fcheng_230",
    "authors" : [ 
        "Feng Cheng", 
        "christoph meinel"
    ],
    "title" : "Deployment of Virtual Machines in LockKeeper",
    "year" : 2006,
    "journal" : "Workshop on Information Security Applications",
    "type" : "ARTICLE"
},

{
    "_id" : "577c432c0227c30f5cf44801",
    "actualClass" : "lantunes_593",
    "authors" : [ 
        "Luis Antunes", 
        "lance fortnow", 
        "alexandre pinto", 
        "andre souto"
    ],
    "title" : "Low-Depth Witnesses are Easy to Find",
    "year" : 2006,
    "journal" : "Electronic Colloquium on Computational Complexity",
    "type" : "ARTICLE"
},

{
    "_id" : "577c432c0227c30f5cf44802",
    "actualClass" : "sparthasarathy_962",
    "authors" : [ 
        "Srinivasan Parthasarathy", 
        "v. s. anil kumar", 
        "madhav v. marathe", 
        "aravind srinivasan", 
        "sibylle zust"
    ],
    "title" : "Provable Algorithms for Parallel Sweep Scheduling on Unstructured Meshes",
    "year" : 2005,
    "journal" : "International Parallel and Distributed Processing Symposium/International Parallel Processing Symposium",
    "type" : "ARTICLE"
},

{
    "_id" : "577c432c0227c30f5cf44803",
    "actualClass" : "lwang_538",
    "authors" : [ 
        "Liang Wang", 
        "eliathamby ambikairajah", 
        "eric h. c. choi"
    ],
    "title" : "Robust language identification based on fused phonotactic information with MLKSFM pre-classifier",
    "year" : 2009,
    "journal" : "International Conference on Multimedia Computing and Systems/International Conference on Multimedia and Expo",
    "type" : "ARTICLE"
},

{
    "_id" : "577c432c0227c30f5cf44804",
    "actualClass" : "ywang_1147",
    "authors" : [ 
        "Yan Wang", 
        "jian ren"
    ],
    "title" : "Building Internet Marketplaces on the Basis of Mobile Agents for Parallel Processing",
    "year" : 2002,
    "journal" : "World Wide Web",
    "type" : "ARTICLE"
},

{
    "_id" : "577c432c0227c30f5cf44805",
    "actualClass" : "yhe_1198",
    "authors" : [ 
        "Ying He", 
        "xian xiao", 
        "hock soon seah"
    ],
    "title" : "Example based skeletonization using harmonic one-forms",
    "year" : 2008,
    "journal" : "Shape Modeling International",
    "type" : "ARTICLE"
},

{
    "_id" : "577c432c0227c30f5cf44806",
    "actualClass" : "jmuller_348",
    "authors" : [ 
        "Jan Muller", 
        "barbel kratz", 
        "tobias knopp", 
        "may oehler", 
        "thorsten m. buzug"
    ],
    "title" : "Non-equispaced Fourier Transform Vs. Polynomial-Based Metal Artifact Reduction in Computed Tomography",
    "year" : 2008,
    "journal" : "Bildverarbeitung fur die Medizin",
    "type" : "ARTICLE"
},

{
    "_id" : "577c432c0227c30f5cf44807",
    "actualClass" : "mzhao_735",
    "authors" : [ 
        "Ming Zhao", 
        "jing xu", 
        "jose a. b. fortes", 
        "robert carpenter", 
        "mazin s. yousif"
    ],
    "title" : "Autonomic resource management in virtualized data centers using fuzzy logic-based approaches",
    "year" : 2008,
    "journal" : "Cluster Computing",
    "type" : "ARTICLE"
},

{
    "_id" : "577c432c0227c30f5cf44808",
    "actualClass" : "fwang_235",
    "authors" : [ 
        "Feng Wang", 
        "erika camacho", 
        "kuai xu"
    ],
    "title" : "Positive Influence Dominating Set in Online Social Networks",
    "year" : 2009,
    "journal" : "Conference on Combinatorial Optimization and Applications",
    "type" : "ARTICLE"
},

{
    "_id" : "577c432c0227c30f5cf44809",
    "actualClass" : "tludwig_1012",
    "authors" : [ 
        "Thomas Ludwig", 
        "bernhard kick", 
        "ulrich baur", 
        "jurgen koehl", 
        "thomas pflueger"
    ],
    "title" : "Standard-cell-based design methodology for high-performance support chips",
    "year" : 1997,
    "journal" : "Ibm Journal of Research and Development",
    "type" : "ARTICLE"
},

{
    "_id" : "577c432c0227c30f5cf4480a",
    "actualClass" : "qxu_842",
    "authors" : [ 
        "Qing Xu", 
        "zhongyuan geng", 
        "jizhou sun"
    ],
    "title" : "Object Space Adaptive Sampling for Global Illumination",
    "year" : 2009,
    "journal" : "IEEE Control Systems Magazine",
    "type" : "ARTICLE"
},

{
    "_id" : "577c432c0227c30f5cf4480b",
    "actualClass" : "tludwig_1011",
    "authors" : [ 
        "Thomas Ludwig", 
        "gunther rackl", 
        "filippo de stefani", 
        "francois heran", 
        "antonello pasquarelli"
    ],
    "title" : "Airport Simulation using CORBA and DIS",
    "year" : 1999,
    "journal" : "High-Performance Computing and Networking",
    "type" : "ARTICLE"
},

{
    "_id" : "577c432c0227c30f5cf4480c",
    "actualClass" : "hzhang_311",
    "authors" : [ 
        "Hui Zhang", 
        "huadong liu", 
        "rauf izmailov", 
        "guofei jiang", 
        "xiaoqiao meng"
    ],
    "title" : "Real-time Application Monitoring and Diagnosis for Service Hosting Platforms of Black Boxes",
    "year" : 2007,
    "journal" : "Integrated Network Management",
    "type" : "ARTICLE"
},

{
    "_id" : "577c432c0227c30f5cf4480d",
    "actualClass" : "fwang_235",
    "authors" : [ 
        "Feng Wang", 
        "kuai xu", 
        "supratik bhattacharyya", 
        "zhi-li zhang"
    ],
    "title" : "A Real-Time Network Traffic Profiling System",
    "year" : 2007,
    "journal" : "Dependable Systems and Networks",
    "type" : "ARTICLE"
},

{
    "_id" : "577c432c0227c30f5cf4480e",
    "actualClass" : "txie_1003",
    "authors" : [ 
        "Tao Xie", 
        "xiao qin", 
        "mais nijim"
    ],
    "title" : "SHARP: a new real-time scheduling algorithm to improve security of parallel applications on heterogeneous clusters",
    "year" : 2006,
    "journal" : "International Performance, Computing, and Communications Conference",
    "type" : "ARTICLE"
},

{
    "_id" : "577c432c0227c30f5cf4480f",
    "actualClass" : "rwang_890",
    "authors" : [ 
        "Rui Wang", 
        "yue-xiang yang", 
        "yang liu", 
        "shang-zhen li", 
        "xiao-yong zhou"
    ],
    "title" : "Solving P2P Traffic Identification Problems Via Optimized Support Vector Machines",
    "year" : 2007,
    "journal" : "ACS/IEEE International Conference on Computer Systems and Applications",
    "type" : "ARTICLE"
},

{
    "_id" : "577c432c0227c30f5cf44810",
    "actualClass" : "jzhang_360",
    "authors" : [ 
        "Jian Zhang", 
        "feifei ma", 
        "sheng liu"
    ],
    "title" : "Volume Computation for Boolean Combination of Linear Arithmetic Constraints",
    "year" : 2009,
    "journal" : "Conference on Automated Deduction",
    "type" : "ARTICLE"
},

{
    "_id" : "577c432c0227c30f5cf44811",
    "actualClass" : "lzhang_517",
    "authors" : [ 
        "Lei Zhang", 
        "yan liang", 
        "donghua zhou", 
        "quan pan"
    ],
    "title" : "Estimation of systems with statistically-constrained inputs",
    "year" : 2010,
    "journal" : "Applied Mathematics and Computation",
    "type" : "ARTICLE"
},

{
    "_id" : "577c432c0227c30f5cf44812",
    "actualClass" : "lchen_506",
    "authors" : [ 
        "Lei Chen", 
        "dexi liu", 
        "changxuan wan", 
        "naixue xiong", 
        "laurence tianruo yang"
    ],
    "title" : "Two Novel Semantics of Top-k Queries Processing in Uncertain Database",
    "year" : 2010,
    "journal" : "Conference on Computer and Information Technology",
    "type" : "ARTICLE"
},

{
    "_id" : "577c432c0227c30f5cf44813",
    "actualClass" : "kschmidt_481",
    "authors" : [ 
        "Karsten Schmidt", 
        "theo harder", 
        "christian mathis"
    ],
    "title" : "Comparison of Complete and Elementless Native Storage of XML Documents",
    "year" : 2007,
    "journal" : "International Database Engineering and Application Symposium",
    "type" : "ARTICLE"
},

{
    "_id" : "577c432c0227c30f5cf44814",
    "actualClass" : "bhan_80",
    "authors" : [ 
        "Bin Han", 
        "wen chen", 
        "rong-qing jia"
    ],
    "title" : "On simple oversampled A/D conversion in shift-invariant spaces",
    "year" : 2005,
    "journal" : "IEEE Transactions on Information Theory",
    "type" : "ARTICLE"
},

{
    "_id" : "577c432c0227c30f5cf44815",
    "actualClass" : "qliu_834",
    "authors" : [ 
        "Qiang Liu", 
        "patrick lambrix", 
        "he tan"
    ],
    "title" : "SAMBO and SAMBOdtf Results for the Ontology Alignment Evaluation Initiative 2008",
    "year" : 2008,
    "journal" : "International Semantic Web Conference",
    "type" : "ARTICLE"
},

{
    "_id" : "577c432c0227c30f5cf44816",
    "actualClass" : "tschneider_1020",
    "authors" : [ 
        "Thomas Schneider", 
        "martin mundhenk"
    ],
    "title" : "The Complexity of Hybrid Logics over Equivalence Relations",
    "year" : 2009,
    "journal" : "Journal of Logic, Language and Information",
    "type" : "ARTICLE"
},

{
    "_id" : "577c432c0227c30f5cf44817",
    "actualClass" : "wwang_1069",
    "authors" : [ 
        "Wei Wang", 
        "bing liu", 
        "yuliang shi", 
        "zhihui wang", 
        "baile shi"
    ],
    "title" : "Dynamic Incremental Data Summarization for Hierarchical Clustering",
    "year" : 2006,
    "journal" : "Web-Age Information Management",
    "type" : "ARTICLE"
},

{
    "_id" : "577c432c0227c30f5cf44818",
    "actualClass" : "tneumann_1016",
    "authors" : [ 
        "Thomas Neumann", 
        "jose l. encarnacao"
    ],
    "title" : "A Survey of DB Requirements for Graphical Applications in Engineering",
    "year" : 1979,
    "journal" : "IBM Germany Scientific Symposium Series",
    "type" : "ARTICLE"
},

{
    "_id" : "577c432c0227c30f5cf44819",
    "actualClass" : "skohler_993",
    "authors" : [ 
        "Sven Kohler", 
        "christian schindelhauer", 
        "martin ziegler"
    ],
    "title" : "On Approximating Real-World Halting Problems",
    "year" : 2005,
    "journal" : "Fundamentals of Computation Theory",
    "type" : "ARTICLE"
},

{
    "_id" : "577c432c0227c30f5cf4481a",
    "actualClass" : "ywang_1147",
    "authors" : [ 
        "Yan Wang", 
        "vijay varadharajan"
    ],
    "title" : "Secure route structures for parallel mobile agents based systems using fast binary dispatch",
    "year" : 2005,
    "journal" : "Mobile Information Systems",
    "type" : "ARTICLE"
},

{
    "_id" : "577c432c0227c30f5cf4481b",
    "actualClass" : "jklein_427",
    "authors" : [ 
        "Joachim Klein", 
        "andreas buhmann"
    ],
    "title" : "Examining the Performance of a Constraint-Based Database Cache",
    "year" : 2007,
    "journal" : "International Database Engineering and Application Symposium",
    "type" : "ARTICLE"
},

{
    "_id" : "577c432c0227c30f5cf4481c",
    "actualClass" : "hwang_286",
    "authors" : [ 
        "Hong Wang", 
        "yang yi", 
        "tao li", 
        "lei guo"
    ],
    "title" : "Adaptive Tracking Control for the Output PDFs Based on Dynamic Neural Networks",
    "year" : 2007,
    "journal" : "International Symposium on Neural Networks",
    "type" : "ARTICLE"
},

{
    "_id" : "577c432c0227c30f5cf4481d",
    "actualClass" : "lding_526",
    "authors" : [ 
        "Li Ding", 
        "hui zhang", 
        "pinaki mazumder", 
        "kyounghoon yang"
    ],
    "title" : "Performance modeling of resonant tunneling based RAMs",
    "year" : 2003,
    "journal" : "IEEE International Symposium on Circuits and Systems",
    "type" : "ARTICLE"
},

{
    "_id" : "577c432c0227c30f5cf4481e",
    "actualClass" : "wmuller_1095",
    "authors" : [ 
        "Wolfgang Muller", 
        "robbie schaefer", 
        "steffen bleul"
    ],
    "title" : "Interactive Multimodal User Interfaces for Mobile Devices",
    "year" : 2004,
    "journal" : "Hawaii International Conference on System Sciences",
    "type" : "ARTICLE"
},

{
    "_id" : "577c432c0227c30f5cf4481f",
    "actualClass" : "pklein_814",
    "authors" : [ 
        "Peter Klein", 
        "roland baumann", 
        "katja cremer", 
        "ansgar radermacher"
    ],
    "title" : "Distributed Aspects of Integrated Systems",
    "year" : 1996,
    "journal" : "IPSEN",
    "type" : "ARTICLE"
},

{
    "_id" : "577c432c0227c30f5cf44820",
    "actualClass" : "jwang_409",
    "authors" : [ 
        "Jing Wang", 
        "shuangfeng han", 
        "youzheng wang", 
        "osamu kato", 
        "akihiko nishio"
    ],
    "title" : "Capacity and Coverage of TD-SCDMA System with Smart Antenna",
    "year" : 2002,
    "journal" : "CDMA International Conference",
    "type" : "ARTICLE"
},

{
    "_id" : "577c432c0227c30f5cf44821",
    "actualClass" : "fwang_235",
    "authors" : [ 
        "Feng Wang", 
        "hongwei du", 
        "xiaohua jia", 
        "my t. thai", 
        "yingshu li"
    ],
    "title" : "A Note on Optical Network with Nonsplitting Nodes",
    "year" : 2005,
    "journal" : "Journal of Combinatorial Optimization",
    "type" : "ARTICLE"
},

{
    "_id" : "577c432c0227c30f5cf44822",
    "actualClass" : "wli_1047",
    "authors" : [ 
        "Wei Li", 
        "arie e. kaufman", 
        "kevin kreeger"
    ],
    "title" : "Real-Time Volume Rendering for Virtual Colonoscopy",
    "year" : 2001,
    "journal" : "Volume Graphics",
    "type" : "ARTICLE"
},

{
    "_id" : "577c432c0227c30f5cf44823",
    "actualClass" : "jkim_336",
    "authors" : [ 
        "Jae-Hoon Kim", 
        "joseph s. gomes", 
        "mira yun", 
        "hyeong-ah choi", 
        "jungkyo sohn", 
        "hyeong in choi"
    ],
    "title" : "Scheduling Algorithms For Policy Driven QoS Support in HSDPA Networks",
    "year" : 2007,
    "journal" : "Vehicular Technology Conference",
    "type" : "ARTICLE"
},

{
    "_id" : "577c432c0227c30f5cf44824",
    "actualClass" : "qliu_834",
    "authors" : [ 
        "Qiang Liu", 
        "patrick lambrix"
    ],
    "title" : "A System for Debugging Missing Isa Structure in Networked Ontologies",
    "year" : 2010,
    "journal" : "Data Integration in the Life Sciences",
    "type" : "ARTICLE"
},

{
    "_id" : "577c432c0227c30f5cf44825",
    "actualClass" : "wwang_1070",
    "authors" : [ 
        "Wei Wang", 
        "qi zhang"
    ],
    "title" : "A Fast Algorithm for Approximate Quantiles in High Speed Data Streams",
    "year" : 2007,
    "journal" : "Statistical and Scientific Database Management",
    "type" : "ARTICLE"
},

{
    "_id" : "577c432c0227c30f5cf44826",
    "actualClass" : "jwei_453",
    "authors" : [ 
        "Jun Wei", 
        "yoshihiro hagihara", 
        "hidefumi kobatake"
    ],
    "title" : "Detection of Rounded Opacities on Chest Radiographs Using Convergence Index Filter",
    "year" : 1999,
    "journal" : "International Conference on Image Analysis and Processing",
    "type" : "ARTICLE"
},

{
    "_id" : "577c432c0227c30f5cf44827",
    "actualClass" : "jyang_457",
    "authors" : [ 
        "Jun Yang", 
        "pankaj k. agarwal", 
        "junyi xie", 
        "hai yu"
    ],
    "title" : "Scalable Continuous Query Processing by Tracking Hotspots",
    "year" : 2006,
    "journal" : "Very Large Data Bases",
    "type" : "ARTICLE"
},

{
    "_id" : "577c432c0227c30f5cf44828",
    "actualClass" : "mzhao_734",
    "authors" : [ 
        "Ming Zhao", 
        "qinghai xiao", 
        "yunzhou li", 
        "shidong zhou", 
        "jing wang"
    ],
    "title" : "Opportunistic channel selection approach under collision probability constraint in cognitive radio systems",
    "year" : 2009,
    "journal" : "Computer Communications",
    "type" : "ARTICLE"
},

{
    "_id" : "577c432c0227c30f5cf44829",
    "actualClass" : "jsun_443",
    "authors" : [ 
        "Jun Sun", 
        "jin song dong"
    ],
    "title" : "Design Synthesis from Interaction and State-Based Specifications",
    "year" : 2006,
    "journal" : "IEEE Transactions on Software Engineering",
    "type" : "ARTICLE"
},

{
    "_id" : "577c432c0227c30f5cf4482a",
    "actualClass" : "mbertram_635",
    "authors" : [ 
        "Martin Bertram"
    ],
    "title" : "Qualitatsaspekte der Wiederverwendung von Schemata",
    "year" : 1995,
    "journal" : "Emisa Forum",
    "type" : "ARTICLE"
},

{
    "_id" : "577c432c0227c30f5cf4482b",
    "actualClass" : "mpaolucci_664",
    "authors" : [ 
        "Massimo Paolucci", 
        "roberto sacile", 
        "antonio boccalatte"
    ],
    "title" : "Allocating crude oil supply to port and refinery tanks: a simulation-based decision support system",
    "year" : 2002,
    "journal" : "Decision Support Systems",
    "type" : "ARTICLE"
},

{
    "_id" : "577c432c0227c30f5cf4482c",
    "actualClass" : "yliu_1135",
    "authors" : [ 
        "Yan Liu", 
        "jaime g. carbonell", 
        "peter weigele", 
        "vanathi gopalakrishnan"
    ],
    "title" : "Segmentation Conditional Random Fields (SCRFs): A New Approach for Protein Fold Recognition",
    "year" : 2005,
    "journal" : "Research in Computational Molecular Biology",
    "type" : "ARTICLE"
},

{
    "_id" : "577c432c0227c30f5cf4482d",
    "actualClass" : "hliu_275",
    "authors" : [ 
        "Haiming Liu", 
        "dawei song", 
        "stefan m. ruger", 
        "rui hu", 
        "victoria s. uren"
    ],
    "title" : "Comparing Dissimilarity Measures for Content-Based Image Retrieval",
    "year" : 2008,
    "journal" : "Asia Information Retrieval Symposium",
    "type" : "ARTICLE"
},

{
    "_id" : "577c432c0227c30f5cf4482e",
    "actualClass" : "wding_1043",
    "authors" : [ 
        "Wei Ding", 
        "xusheng wang", 
        "ping chen"
    ],
    "title" : "Web-Based Interactive Visualization of Data Cubes",
    "year" : 2005,
    "journal" : "Int. Conf. on Modeling, Simulation & Visualization Methods",
    "type" : "ARTICLE"
},

{
    "_id" : "577c432c0227c30f5cf4482f",
    "actualClass" : "pwillett_819",
    "authors" : [ 
        "Peter Willett", 
        "frank h. allen", 
        "peter a. bath"
    ],
    "title" : "Angular Spectroscopy: Rapid Visualization of Three-Dimensional Substructure Dissimilarity Using Valence Angle or Torsional Descriptors",
    "year" : 1995,
    "journal" : "Journal of Chemical Information and Computer Sciences",
    "type" : "ARTICLE"
},

{
    "_id" : "577c432c0227c30f5cf44830",
    "actualClass" : "alodi_45",
    "authors" : [ 
        "Andrea Lodi", 
        "fabio campi", 
        "andrea cappelli", 
        "roberto guerrieri", 
        "mario toma", 
        "alberto la rosa", 
        "luciano lavagno", 
        "claudio passerone", 
        "roberto canegallo"
    ],
    "title" : "A Reconfigurable Processor Architecture and Software Development Environment for Embedded Systems",
    "year" : 2003,
    "journal" : "International Parallel and Distributed Processing Symposium/International Parallel Processing Symposium",
    "type" : "ARTICLE"
},

{
    "_id" : "577c432c0227c30f5cf44831",
    "actualClass" : "wwang_1076",
    "authors" : [ 
        "Wei Wang", 
        "changyun wen", 
        "jing zhou"
    ],
    "title" : "New results in decentralized adaptive backstepping stabilization of nonlinear interconnected systems",
    "year" : 2008,
    "journal" : "International Conference on Control, Automation, Robotics and Vision",
    "type" : "ARTICLE"
},

{
    "_id" : "577c432c0227c30f5cf44832",
    "actualClass" : "miguchi_599",
    "authors" : [ 
        "Manabu Iguchi", 
        "liping shen", 
        "xiangqun song", 
        "fujio yamamoto"
    ],
    "title" : "A method for recognizing particles in overlapped particle images",
    "year" : 2000,
    "journal" : "Pattern Recognition Letters",
    "type" : "ARTICLE"
},

{
    "_id" : "577c432b0227c30f5cf44612",
    "actualClass" : "wli_1047",
    "authors" : [ 
        "Wei Li", 
        "xiaoming wei", 
        "ye zhao", 
        "zhe fan", 
        "feng qiu", 
        "suzanne yoakum-stover", 
        "arie e. kaufman"
    ],
    "title" : "Lattice-Based Flow Field Modeling",
    "year" : 2004,
    "journal" : "IEEE Transactions on Visualization and Computer Graphics",
    "type" : "ARTICLE"
},

{
    "_id" : "577c432b0227c30f5cf44613",
    "actualClass" : "lchen_506",
    "authors" : [ 
        "Lei Chen", 
        "bin wang", 
        "xiaochun yang", 
        "guoren wang", 
        "sean x. wang", 
        "xuemin lin", 
        "ge yu"
    ],
    "title" : "Answering Constrained k-NN Queries in Unstructured P2P Systems",
    "year" : 2006,
    "journal" : "Databases, Information Systems, and Peer-to-Peer Computing",
    "type" : "ARTICLE"
},

{
    "_id" : "577c432b0227c30f5cf44615",
    "actualClass" : "nzhang_769",
    "authors" : [ 
        "Nan Zhang", 
        "wei yu", 
        "xinwen fu", 
        "sajal k. das"
    ],
    "title" : "Towards Effective Defense Against Insider Attacks: The Establishment of Defender's Reputation",
    "year" : 2008,
    "journal" : "International Conference on Parallel and Distributed Systems",
    "type" : "ARTICLE"
},

{
    "_id" : "577c432b0227c30f5cf44616",
    "actualClass" : "mislam_674",
    "authors" : [ 
        "Md. Saiful Islam", 
        "muhammad mahbubur rahman", 
        "zerina begum", 
        "mohd. zulfiquar hafiz"
    ],
    "title" : "Realization of a Novel Fault Tolerant Reversible Full Adder Circuit in Nanotechnology",
    "year" : 2010,
    "journal" : "The International Arab Journal of Information Technology",
    "type" : "ARTICLE"
},

{
    "_id" : "577c432b0227c30f5cf44617",
    "actualClass" : "ylu_1175",
    "authors" : [ 
        "Yi Lu", 
        "thomas marconi", 
        "georgi gaydadjiev", 
        "koen bertels"
    ],
    "title" : "An efficient algorithm for free resources management on the FPGA",
    "year" : 2008,
    "journal" : "Design, Automation, and Test in Europe",
    "type" : "ARTICLE"
},

{
    "_id" : "577c432b0227c30f5cf44619",
    "actualClass" : "wli_1055",
    "authors" : [ 
        "Wei Li", 
        "bin yang", 
        "xiaoqiang li"
    ],
    "title" : "A Robust Mesh Watermarking Scheme Based on PCA",
    "year" : 2009,
    "journal" : "IEEE Internet Computing",
    "type" : "ARTICLE"
},

{
    "_id" : "577c432b0227c30f5cf4461a",
    "actualClass" : "swagner_978",
    "authors" : [ 
        "Stefan Wagner", 
        "hans-dieter kochs"
    ],
    "title" : "Quality Assurance at Continuous Hot-Dip Galvanizing Lines by Neuro-Model Assisted Fuzzy-Control",
    "year" : 1998,
    "journal" : "International Journal of Uncertainty, Fuzziness and Knowledge-based Systems",
    "type" : "ARTICLE"
},

{
    "_id" : "577c432b0227c30f5cf4461b",
    "actualClass" : "rlaue_862",
    "authors" : [ 
        "Ralf Laue", 
        "osman ugus", 
        "dirk westhoff", 
        "abdulhadi shoufan", 
        "sorin a. huss"
    ],
    "title" : "Optimized Implementation of Elliptic Curve Based Additive Homomorphic Encryption for Wireless Sensor Networks",
    "year" : 2009,
    "journal" : "Computing Research Repository",
    "type" : "ARTICLE"
},

{
    "_id" : "577c432b0227c30f5cf4461c",
    "actualClass" : "agupta_10",
    "authors" : [ 
        "Ajay Gupta", 
        "vishal s. batra", 
        "jaijit bhattacharya", 
        "harish chauhan", 
        "mukesh k. mohania", 
        "upendra sharma"
    ],
    "title" : "Policy Driven Data Administration",
    "year" : 2002,
    "journal" : "Policies for Distributed Systems and Networks",
    "type" : "ARTICLE"
},

{
    "_id" : "577c432b0227c30f5cf4461d",
    "actualClass" : "yqi_1145",
    "authors" : [ 
        "Yan Qi", 
        "huiping cao", 
        "k. selcuk candan", 
        "maria luisa sapino"
    ],
    "title" : "Exploring path query results through relevance feedback",
    "year" : 2009,
    "journal" : "International Conference on Information and Knowledge Management",
    "type" : "ARTICLE"
},

{
    "_id" : "577c432b0227c30f5cf4461e",
    "actualClass" : "hlin_308",
    "authors" : [ 
        "Hui Lin", 
        "eric guilbert"
    ],
    "title" : "B-Spline curve smoothing under position constraints for line generalisation",
    "year" : 2006,
    "journal" : "Workshop on Advances in Geographic Information Systems",
    "type" : "ARTICLE"
},

{
    "_id" : "577c432b0227c30f5cf4461f",
    "actualClass" : "lzhang_512",
    "authors" : [ 
        "Lei Zhang", 
        "shuicheng yan", 
        "dong xu", 
        "qiang yang", 
        "xiaoou tang", 
        "hongjiang zhang"
    ],
    "title" : "Multilinear Discriminant Analysis for Face Recognition",
    "year" : 2007,
    "journal" : "IEEE Transactions on Image Processing",
    "type" : "ARTICLE"
},

{
    "_id" : "577c432b0227c30f5cf44620",
    "actualClass" : "lzhang_512",
    "authors" : [ 
        "Lei Zhang", 
        "yuxiao hu", 
        "dalong jiang", 
        "shuicheng yan", 
        "hongjiang zhang"
    ],
    "title" : "Automatic 3D Reconstruction for Face Recognition",
    "year" : 2004,
    "journal" : "IEEE International Conference on Automatic Face and Gesture Recognition",
    "type" : "ARTICLE"
},

{
    "_id" : "577c432b0227c30f5cf44621",
    "actualClass" : "byang_84",
    "authors" : [ 
        "Bin Yang", 
        "hua lu", 
        "christian s. jensen"
    ],
    "title" : "Probabilistic threshold k nearest neighbor queries over moving objects in symbolic indoor space",
    "year" : 2010,
    "journal" : "Extending Database Technology",
    "type" : "ARTICLE"
},

{
    "_id" : "577c432b0227c30f5cf44622",
    "actualClass" : "lchen_506",
    "authors" : [ 
        "Lei Chen", 
        "xiang lian", 
        "shaoxu song"
    ],
    "title" : "Consistent query answers in inconsistent probabilistic databases",
    "year" : 2010,
    "journal" : "International Conference on Management of Data",
    "type" : "ARTICLE"
},

{
    "_id" : "577c432b0227c30f5cf44623",
    "actualClass" : "jwang_415",
    "authors" : [ 
        "Jing Wang", 
        "wangqi qiu", 
        "xiang lu", 
        "zhuo li", 
        "d. m. h. walker"
    ],
    "title" : "A Statistical Fault Coverage Metric for Realistic Path Delay Faults",
    "year" : 2004,
    "journal" : "IEEE VLSI Test Symposium",
    "type" : "ARTICLE"
}
]