[
{
    "_id" : "577c432b0227c30f5cf44624",
    "actualClass" : "ywang_1158",
    "authors" : [ 
        "Yang Wang", 
        "a. canning", 
        "b. ujfalussy", 
        "thomas c. schulthess", 
        "x.-g. zhang", 
        "william a. shelton", 
        "d. m. c. nicholson", 
        "g. m. stocks", 
        "t. dirks"
    ],
    "title" : "Multi-teraflops spin dynamics studies of the magnetic structure of FeMn/Co interfaces",
    "year" : 2001,
    "journal" : "Supercomputing Conference",
    "type" : "ARTICLE"
},

{
    "_id" : "577c432b0227c30f5cf44625",
    "actualClass" : "skohler_993",
    "authors" : [ 
        "Sven Kohler", 
        "volker turau"
    ],
    "title" : "A New Technique for Proving Self-stabilizing under the Distributed Scheduler",
    "year" : 2010,
    "journal" : "Self-Stabilizing Systems",
    "type" : "ARTICLE"
},

{
    "_id" : "577c432b0227c30f5cf44626",
    "actualClass" : "pzhang_828",
    "authors" : [ 
        "Ping Zhang", 
        "yanyan zhang", 
        "jianhua zhang", 
        "feifei sun", 
        "chong feng", 
        "minghua xia"
    ],
    "title" : "A Novel Timing Synchronization Method for Distributed MIMO-OFDM Systems in Multipath Rayleigh Fading Channels",
    "year" : 2008,
    "journal" : "Vehicular Technology Conference",
    "type" : "ARTICLE"
},

{
    "_id" : "577c432b0227c30f5cf44627",
    "actualClass" : "ajafari_32",
    "authors" : [ 
        "Ali Jafari"
    ],
    "title" : "Issues in Distance Education",
    "year" : 1997,
    "journal" : "World Conference on the WWW and Internet",
    "type" : "ARTICLE"
},

{
    "_id" : "577c432b0227c30f5cf44628",
    "actualClass" : "lwang_537",
    "authors" : [ 
        "Liang Wang", 
        "miao liao", 
        "ruigang yang", 
        "minglun gong"
    ],
    "title" : "Light Fall-off Stereo",
    "year" : 2007,
    "journal" : "Computer Vision and Pattern Recognition",
    "type" : "ARTICLE"
},

{
    "_id" : "577c432b0227c30f5cf44629",
    "actualClass" : "wli_1057",
    "authors" : [ 
        "Wei Li", 
        "raed shatnawi"
    ],
    "title" : "The effectiveness of software metrics in identifying error-prone classes in post-release software evolution process",
    "year" : 2008,
    "journal" : "Journal of Systems and Software",
    "type" : "ARTICLE"
},

{
    "_id" : "577c432b0227c30f5cf4462a",
    "actualClass" : "pwillett_819",
    "authors" : [ 
        "Peter Willett", 
        "f. cuna ekmekcioglu", 
        "michael f. lynch"
    ],
    "title" : "Stemming and N-gram matching for term conflation in Turkish texts",
    "year" : 1996,
    "journal" : "Information Research",
    "type" : "ARTICLE"
},

{
    "_id" : "577c432b0227c30f5cf4462b",
    "actualClass" : "lzhang_513",
    "authors" : [ 
        "Lei Zhang", 
        "dimitris samaras", 
        "nelly alia-klein", 
        "nora d. volkow", 
        "rita goldstein"
    ],
    "title" : "Modeling Neuronal Interactivity using Dynamic Bayesian Networks",
    "year" : 2005,
    "journal" : "Neural Information Processing Systems",
    "type" : "ARTICLE"
},

{
    "_id" : "577c432b0227c30f5cf4462c",
    "actualClass" : "lchen_506",
    "authors" : [ 
        "Lei Chen", 
        "shaoliang peng", 
        "shanshan li", 
        "yuxing peng", 
        "nong xiao"
    ],
    "title" : "Scalable Base-Station Model-Based Multicast in Wireless Sensor Networks",
    "year" : 2008,
    "journal" : "Journal of Computer Science and Technology",
    "type" : "ARTICLE"
},

{
    "_id" : "577c432b0227c30f5cf4462d",
    "actualClass" : "jsun_447",
    "authors" : [ 
        "Jun Sun", 
        "yutaka katsuyama", 
        "satoshi naoi"
    ],
    "title" : "Video Degradation Model and Its Application to Character Recognition in e-Learning Videos",
    "year" : 2004,
    "journal" : "Document Analysis Systems",
    "type" : "ARTICLE"
},

{
    "_id" : "577c432b0227c30f5cf4462e",
    "actualClass" : "tludwig_1011",
    "authors" : [ 
        "Thomas Ludwig", 
        "alexandros stamatakis", 
        "markus lindermeier", 
        "michael ott", 
        "harald meier"
    ],
    "title" : "DAxML: A Program for Distributed Computation of Phylogenetic Trees Based on Load Managed CORBA",
    "year" : 2003,
    "journal" : "Parallel Computing Technologies",
    "type" : "ARTICLE"
},

{
    "_id" : "577c432b0227c30f5cf4462f",
    "actualClass" : "clange_152",
    "authors" : [ 
        "Christoph Lange", 
        "michael kohlhase"
    ],
    "title" : "A Mathematical Approach to Ontology Authoring and Documentation",
    "year" : 2009,
    "journal" : "Mathematical Knowledge Management",
    "type" : "ARTICLE"
},

{
    "_id" : "577c432b0227c30f5cf44630",
    "actualClass" : "mjiang_726",
    "authors" : [ 
        "Ming Jiang", 
        "ling wang", 
        "elke a. rundensteiner", 
        "murali mani"
    ],
    "title" : "HUX: a schemacentric approach for updating XML views",
    "year" : 2006,
    "journal" : "International Conference on Information and Knowledge Management",
    "type" : "ARTICLE"
},

{
    "_id" : "577c432b0227c30f5cf44631",
    "actualClass" : "hzhang_314",
    "authors" : [ 
        "Hui Zhang", 
        "suyash p. awate", 
        "james c. gee"
    ],
    "title" : "Fuzzy Nonparametric DTI Segmentation for Robust Cingulum-Tract Extraction",
    "year" : 2007,
    "journal" : "Medical Image Computing and Computer-Assisted Intervention",
    "type" : "ARTICLE"
},

{
    "_id" : "577c432b0227c30f5cf44632",
    "actualClass" : "drossi_179",
    "authors" : [ 
        "Daniele Rossi", 
        "vittorio cortellessa", 
        "pierluigi pierini"
    ],
    "title" : "On the adequacy of UML-RT for performance validation of an SDH telecommunication system",
    "year" : 2005,
    "journal" : "Object-Oriented Real-Time Distributed Computing",
    "type" : "ARTICLE"
},

{
    "_id" : "577c432b0227c30f5cf44633",
    "actualClass" : "jli_408",
    "authors" : [ 
        "Jing Li", 
        "yingyao zhou", 
        "robert c. elston"
    ],
    "title" : "Haplotype-based quantitative trait mapping using a clustering algorithm",
    "year" : 2006,
    "journal" : "BMC Bioinformatics",
    "type" : "ARTICLE"
},

{
    "_id" : "577c432b0227c30f5cf44634",
    "actualClass" : "ywang_1157",
    "authors" : [ 
        "Yang Wang", 
        "yanmin sun", 
        "mohamed s. kamel", 
        "andrew k. c. wong"
    ],
    "title" : "Cost-sensitive boosting for classification of imbalanced data",
    "year" : 2007,
    "journal" : "Pattern Recognition",
    "type" : "ARTICLE"
},

{
    "_id" : "577c432b0227c30f5cf44635",
    "actualClass" : "wwang_1069",
    "authors" : [ 
        "Wei Wang", 
        "jin yuan", 
        "xiangdong zhou", 
        "junqi zhang", 
        "mei wang", 
        "qi zhang", 
        "baile shi"
    ],
    "title" : "Positive Sample Enhanced Angle-Diversity Active Learning for SVM Based Image Retrieval",
    "year" : 2007,
    "journal" : "International Conference on Multimedia Computing and Systems/International Conference on Multimedia and Expo",
    "type" : "ARTICLE"
},

{
    "_id" : "577c432b0227c30f5cf44636",
    "actualClass" : "mjackson_715",
    "authors" : [ 
        "Mike Jackson", 
        "mario antonioletti", 
        "malcolm p. atkinson", 
        "neil p. chue hong", 
        "bartosz dobrzelecki", 
        "alastair c. hume", 
        "kostas karasavvas", 
        "amy krause", 
        "jennifer m. schopf", 
        "tom sugden", 
        "elias theocharopoulos"
    ],
    "title" : "Grid Enabling Your Data Resources with OGSA-DAI",
    "year" : 2006,
    "journal" : "Workshop on Applied Parallel Computing",
    "type" : "ARTICLE"
},

{
    "_id" : "577c432b0227c30f5cf44637",
    "actualClass" : "yliu_1136",
    "authors" : [ 
        "Yan Liu", 
        "mark shereshevsky", 
        "jonathan crowell", 
        "bojan cukic", 
        "vijai gandikota"
    ],
    "title" : "Software Aging and Multifractality of Memory Resources",
    "year" : 2003,
    "journal" : "Dependable Systems and Networks",
    "type" : "ARTICLE"
},

{
    "_id" : "577c432b0227c30f5cf44638",
    "actualClass" : "cthomas_158",
    "authors" : [ 
        "Christopher Thomas", 
        "david finkel", 
        "chet hooker", 
        "scott salvidio", 
        "mark sullivan"
    ],
    "title" : "Teaching C++ to high school students",
    "year" : 1994,
    "journal" : "ACM Sigcse Bulletin",
    "type" : "ARTICLE"
},

{
    "_id" : "577c432b0227c30f5cf44639",
    "actualClass" : "fwang_235",
    "authors" : [ 
        "Feng Wang", 
        "chen wang", 
        "my t. thai", 
        "yingshu li", 
        "weili wu"
    ],
    "title" : "Minimum Coverage Breach and Maximum Network Lifetime in Wireless Sensor Networks",
    "year" : 2007,
    "journal" : "Global Telecommunications Conference",
    "type" : "ARTICLE"
},

{
    "_id" : "577c432b0227c30f5cf4463a",
    "actualClass" : "wwang_1069",
    "authors" : [ 
        "Wei Wang", 
        "peng wang", 
        "haixun wang", 
        "baile shi", 
        "philip s. yu"
    ],
    "title" : "LOCI: Load Shedding through Class-Preserving Data Acquisition",
    "year" : 2006,
    "journal" : "IEEE International Conference on Data Mining",
    "type" : "ARTICLE"
},

{
    "_id" : "577c432b0227c30f5cf4463b",
    "actualClass" : "nzhang_769",
    "authors" : [ 
        "Nan Zhang", 
        "arjun dasgupta", 
        "gautam das"
    ],
    "title" : "Leveraging COUNT Information in Sampling Hidden Databases",
    "year" : 2009,
    "journal" : "International Conference on Data Engineering",
    "type" : "ARTICLE"
},

{
    "_id" : "577c432b0227c30f5cf4463c",
    "actualClass" : "kchen_491",
    "authors" : [ 
        "Ke Chen", 
        "chang xu", 
        "lidan shou", 
        "gang chen", 
        "wei hu", 
        "tianlei hu"
    ],
    "title" : "Towards Efficient Concurrent Scans on Flash Disks",
    "year" : 2010,
    "journal" : "Database and Expert Systems Applications",
    "type" : "ARTICLE"
},

{
    "_id" : "577c432b0227c30f5cf4463d",
    "actualClass" : "qnguyen_850",
    "authors" : [ 
        "Quang Huy Nguyen", 
        "claude kirchner", 
        "helene kirchner"
    ],
    "title" : "External Rewriting for Skeptical Proof Assistants",
    "year" : 2002,
    "journal" : "Journal of Automated Reasoning",
    "type" : "ARTICLE"
},

{
    "_id" : "577c432b0227c30f5cf4463e",
    "actualClass" : "fshu_234",
    "authors" : [ 
        "Feng Shu", 
        "yu bing han"
    ],
    "title" : "Image Super-Resolution Reconstruction using Multigrid and Krylov Subspace Accelerative Algorithm",
    "year" : 2007,
    "journal" : "International Conference on Multimedia Computing and Systems/International Conference on Multimedia and Expo",
    "type" : "ARTICLE"
},

{
    "_id" : "577c432b0227c30f5cf4463f",
    "actualClass" : "kchen_487",
    "authors" : [ 
        "Ke Chen"
    ],
    "title" : "Adaptive Smoothing via Contextual and Local Discontinuities",
    "year" : 2005,
    "journal" : "IEEE Transactions on Pattern Analysis and Machine Intelligence",
    "type" : "ARTICLE"
},

{
    "_id" : "577c432b0227c30f5cf44640",
    "actualClass" : "jchen_390",
    "authors" : [ 
        "Jianjun Chen", 
        "yao zheng"
    ],
    "title" : "Parallel Unstructured Quadrilateral Mesh Generation",
    "year" : 2005,
    "journal" : "International Symposium on Parallel and Distributed Processing and Applications",
    "type" : "ARTICLE"
},

{
    "_id" : "577c432b0227c30f5cf44641",
    "actualClass" : "mjiang_741",
    "authors" : [ 
        "Minghui Jiang", 
        "yi shen", 
        "xiaoxin liao"
    ],
    "title" : "Global stability of periodic solution for bidirectional associative memory neural networks with varying-time delay",
    "year" : 2006,
    "journal" : "Applied Mathematics and Computation",
    "type" : "ARTICLE"
},

{
    "_id" : "577c432b0227c30f5cf44642",
    "actualClass" : "jzhang_398",
    "authors" : [ 
        "Jianzhong Zhang", 
        "qi zhao", 
        "yun he"
    ],
    "title" : "A Hybrid Approach for Overlay Multicast",
    "year" : 2006,
    "journal" : "International Multi-Symposium of Computer and Computational Sciences",
    "type" : "ARTICLE"
},

{
    "_id" : "577c432b0227c30f5cf44643",
    "actualClass" : "lchen_550",
    "authors" : [ 
        "Lijun Chen", 
        "hai-gang gong", 
        "ming liu", 
        "yinchi mao", 
        "li xie"
    ],
    "title" : "Distributed Energy Efficient Data Gathering with Intra-cluster Coverage in Wireless Sensor Networks",
    "year" : 2006,
    "journal" : "Asia-Pacific Web Conference",
    "type" : "ARTICLE"
},

{
    "_id" : "577c432b0227c30f5cf44644",
    "actualClass" : "mzhao_734",
    "authors" : [ 
        "Ming Zhao", 
        "yuanzhang xiao", 
        "wei miao", 
        "shidong zhou", 
        "jing wang"
    ],
    "title" : "Limited-Feedback Modified Block Diagonalization for Multiuser MIMO Downlink with Time-Varying Channels",
    "year" : 2009,
    "journal" : "IEEE International Conference on Communications",
    "type" : "ARTICLE"
},

{
    "_id" : "577c432b0227c30f5cf44645",
    "actualClass" : "lzhang_591",
    "authors" : [ 
        "Lu Zhang", 
        "lin yang", 
        "tao yang"
    ],
    "title" : "Cognitive Interference Management for LTE-A Femtocells with Distributed Carrier Selection",
    "year" : 2010,
    "journal" : "Vehicular Technology Conference",
    "type" : "ARTICLE"
},

{
    "_id" : "577c432b0227c30f5cf44646",
    "actualClass" : "pzhang_828",
    "authors" : [ 
        "Ping Zhang", 
        "ping wu", 
        "li lihua"
    ],
    "title" : "Universal Unitary Space Vector Quantization Codebook Design for Precoding MIMO System under Spatial Correlated Channel",
    "year" : 2008,
    "journal" : "Vehicular Technology Conference",
    "type" : "ARTICLE"
},

{
    "_id" : "577c432b0227c30f5cf44647",
    "actualClass" : "lchen_506",
    "authors" : [ 
        "Lei Chen", 
        "lei zou", 
        "jeffrey xu yu", 
        "yansheng lu"
    ],
    "title" : "A novel spectral coding in a large graph database",
    "year" : 2008,
    "journal" : "Extending Database Technology",
    "type" : "ARTICLE"
},

{
    "_id" : "577c432b0227c30f5cf44648",
    "actualClass" : "ywang_1151",
    "authors" : [ 
        "Yang Wang", 
        "tele tan", 
        "kia-fock loe"
    ],
    "title" : "Switching Hypothesized Measurements: A Dynamic Model with Applications to Occlusion Adaptive Joint Tracking",
    "year" : 2003,
    "journal" : "International Joint Conference on Artificial Intelligence",
    "type" : "ARTICLE"
},

{
    "_id" : "577c432b0227c30f5cf44649",
    "actualClass" : "jmontanana_442",
    "authors" : [ 
        "Jose Miguel Montanana", 
        "jose a. pino"
    ],
    "title" : "Design of Software System For Negotiation",
    "year" : 1993,
    "journal" : "Next Generation Information Technologies and Systems",
    "type" : "ARTICLE"
},

{
    "_id" : "577c432b0227c30f5cf4464a",
    "actualClass" : "wli_1048",
    "authors" : [ 
        "Wei Li", 
        "zhikun zhao"
    ],
    "title" : "Automating Dynamic Reconfiguration for Non-Stop Dataflow Systems",
    "year" : 2007,
    "journal" : "International Computer Software and Applications Conference",
    "type" : "ARTICLE"
},

{
    "_id" : "577c432b0227c30f5cf4464b",
    "actualClass" : "kchen_487",
    "authors" : [ 
        "Ke Chen"
    ],
    "title" : "A connectionist method for pattern classification with diverse features",
    "year" : 1998,
    "journal" : "Pattern Recognition Letters",
    "type" : "ARTICLE"
},

{
    "_id" : "577c432b0227c30f5cf4464c",
    "actualClass" : "plucas_815",
    "authors" : [ 
        "Peter Lucas", 
        "susan salis"
    ],
    "title" : "Taming complexity at MAYA design",
    "year" : 1996,
    "journal" : "Computer Human Interaction",
    "type" : "ARTICLE"
},

{
    "_id" : "577c432b0227c30f5cf4464d",
    "actualClass" : "mjaved_760",
    "authors" : [ 
        "Muhammad Javed", 
        "yalemisew m. abgaz", 
        "claus pahl"
    ],
    "title" : "A Pattern-Based Framework of Change Operators for Ontology Evolution",
    "year" : 2009,
    "journal" : "OTM Workshops",
    "type" : "ARTICLE"
},

{
    "_id" : "577c432b0227c30f5cf4464e",
    "actualClass" : "nzhang_785",
    "authors" : [ 
        "Ning Zhang", 
        "yuqiang xian", 
        "guangze xiong"
    ],
    "title" : "Concurrent Garbage Collection Implementation in a Standard JVM for Real-Time Purposes",
    "year" : 2004,
    "journal" : "International Conference on Embedded Software and Systems",
    "type" : "ARTICLE"
},

{
    "_id" : "577c432b0227c30f5cf4464f",
    "actualClass" : "cliu_124",
    "authors" : [ 
        "Chao Liu", 
        "ji wu", 
        "yong po liu", 
        "xiao-xia jia"
    ],
    "title" : "Mining Open Source Component Behavior and Performance for Reuse Evaluation",
    "year" : 2008,
    "journal" : "International Conference for Young Computer Scientists",
    "type" : "ARTICLE"
},

{
    "_id" : "577c432b0227c30f5cf44650",
    "actualClass" : "jwang_415",
    "authors" : [ 
        "Jing Wang", 
        "david l. gold", 
        "kevin r. coombes", 
        "bani k. mallick"
    ],
    "title" : "Enrichment analysis in high-throughput genomics - accounting for dependency in the NULL",
    "year" : 2007,
    "journal" : "Briefings in Bioinformatics",
    "type" : "ARTICLE"
},

{
    "_id" : "577c432b0227c30f5cf44651",
    "actualClass" : "dbrown_167",
    "authors" : [ 
        "Daniel G. Brown", 
        "dan gusfield", 
        "yelena frid"
    ],
    "title" : "Integer Programming Formulations and Computations Solving Phylogenetic and Population Genetic Problems with Missing or Genotypic Data",
    "year" : 2007,
    "journal" : "Computing and Combinatorics",
    "type" : "ARTICLE"
},

{
    "_id" : "577c432b0227c30f5cf44652",
    "actualClass" : "rwang_888",
    "authors" : [ 
        "Rui Wang", 
        "xiangyu wang", 
        "wei wang"
    ],
    "title" : "Motivated learning agent model for distributed collaborative systems",
    "year" : 2009,
    "journal" : "Expert Systems With Applications",
    "type" : "ARTICLE"
},

{
    "_id" : "577c432b0227c30f5cf44653",
    "actualClass" : "aspillner_63",
    "authors" : [ 
        "Andreas Spillner", 
        "antje von knethen", 
        "joachim muller"
    ],
    "title" : "Objektorientierte Softwareentwicklung im Rahmen eines Ausbildungsprojektes",
    "year" : 1993,
    "journal" : "GI-Jahrestagung",
    "type" : "ARTICLE"
},

{
    "_id" : "577c432b0227c30f5cf44654",
    "actualClass" : "wli_1046",
    "authors" : [ 
        "Wei Li", 
        "rohini k. srihari", 
        "cheng niu", 
        "jihong ding"
    ],
    "title" : "A Case Restoration Approach to Named Entity Tagging in Degraded Documents",
    "year" : 2003,
    "journal" : "International Conference on Document Analysis and Recognition",
    "type" : "ARTICLE"
},

{
    "_id" : "577c432b0227c30f5cf44655",
    "actualClass" : "hzhu_295",
    "authors" : [ 
        "Hongwei Zhu", 
        "stuart e. madnick"
    ],
    "title" : "Improving data quality through effective use of data semantics",
    "year" : 2006,
    "journal" : "Data & Knowledge Engineering",
    "type" : "ARTICLE"
},

{
    "_id" : "577c432b0227c30f5cf44656",
    "actualClass" : "mkuhn_693",
    "authors" : [ 
        "Michael Kuhn", 
        "julian m. kunkel", 
        "thomas ludwig"
    ],
    "title" : "Directory-Based Metadata Optimizations for Small Files in PVFS",
    "year" : 2008,
    "journal" : "European Conference on Parallel Processing",
    "type" : "ARTICLE"
},

{
    "_id" : "577c432b0227c30f5cf44657",
    "actualClass" : "jyang_460",
    "authors" : [ 
        "Jun Yang", 
        "youtao zhang", 
        "lingling jin", 
        "weijia li"
    ],
    "title" : "Locating Compromised Sensor Nodes Through Incremental Hashing Authentication",
    "year" : 2006,
    "journal" : "Distributed Computing in Sensor Systems",
    "type" : "ARTICLE"
},

{
    "_id" : "577c432b0227c30f5cf44658",
    "actualClass" : "jzhang_368",
    "authors" : [ 
        "Jian Zhang", 
        "hsinchun chen", 
        "ronald n. kostoff", 
        "chaomei chen", 
        "michael s. e. vogeley", 
        "katy borner", 
        "nianli ma", 
        "russell j. duhon", 
        "angela zoss", 
        "venkat srinivasan", 
        "edward a. fox", 
        "christopher c. yang", 
        "chih-ping wei"
    ],
    "title" : "AI and Global Science and Technology Assessment",
    "year" : 2009,
    "journal" : "IEEE Expert / IEEE Intelligent Systems",
    "type" : "ARTICLE"
},

{
    "_id" : "577c432b0227c30f5cf44659",
    "actualClass" : "tschneider_1020",
    "authors" : [ 
        "Thomas Schneider", 
        "michael bauland", 
        "martin mundhenk", 
        "henning schnoor", 
        "ilka schnoor", 
        "heribert vollmer"
    ],
    "title" : "The Tractability of Model-Checking for LTL: The Good, the Bad, and the Ugly Fragments",
    "year" : 2008,
    "journal" : "Electronic Colloquium on Computational Complexity",
    "type" : "ARTICLE"
},

{
    "_id" : "577c432b0227c30f5cf4465a",
    "actualClass" : "jzheng_382",
    "authors" : [ 
        "Jiang Zheng", 
        "alex k. jones", 
        "ahmed amer"
    ],
    "title" : "Entropy Based Evaluation of Communication Predictability in Parallel Applications",
    "year" : 2006,
    "journal" : "Ieice Transactions",
    "type" : "ARTICLE"
},

{
    "_id" : "577c432b0227c30f5cf4465b",
    "actualClass" : "skim_914",
    "authors" : [ 
        "Sangho Kim", 
        "hyoung-seog chung"
    ],
    "title" : "Multiobjective Optimization Using Adjoint Gradient Enhanced Approximation Models for Genetic Algorithms",
    "year" : 2006,
    "journal" : "Computational Science and Its Applications",
    "type" : "ARTICLE"
},

{
    "_id" : "577c432b0227c30f5cf4465c",
    "actualClass" : "mkuhn_692",
    "authors" : [ 
        "Michael Kuhn", 
        "marco von arb", 
        "matthias bader", 
        "roger wattenhofer"
    ],
    "title" : "VENETA: Serverless Friend-of-Friend Detection in Mobile Social Networking",
    "year" : 2008,
    "journal" : "Wireless and Moble Computing",
    "type" : "ARTICLE"
},

{
    "_id" : "577c432b0227c30f5cf4465d",
    "actualClass" : "mnguyen_744",
    "authors" : [ 
        "Minh Ngoc Nguyen", 
        "jagath c. rajapakse", 
        "kaibo duan"
    ],
    "title" : "Amino Acid Features for Prediction of Protein-Protein Interface Residues with Support Vector Machines",
    "year" : 2007,
    "journal" : "EvoWorkshops",
    "type" : "ARTICLE"
},

{
    "_id" : "577c432b0227c30f5cf4465e",
    "actualClass" : "yzhang_1183",
    "authors" : [ 
        "Yi Zhang", 
        "valia kordoni"
    ],
    "title" : "Disambiguating Compound Nouns for a Dynamic HPSG Treebank of Wall Street Journal Texts",
    "year" : 2010,
    "journal" : "Language Resources and Evaluation",
    "type" : "ARTICLE"
},

{
    "_id" : "577c432b0227c30f5cf4465f",
    "actualClass" : "jzhang_360",
    "authors" : [ 
        "Jian Zhang", 
        "chen xu", 
        "s. c. cheung"
    ],
    "title" : "Automatic Generation of Database Instances for White-box Testing",
    "year" : 2001,
    "journal" : "International Computer Software and Applications Conference",
    "type" : "ARTICLE"
},

{
    "_id" : "577c432b0227c30f5cf44660",
    "actualClass" : "bwang_101",
    "authors" : [ 
        "Bo Wang", 
        "tulay adali"
    ],
    "title" : "Time-Dmain Equalizer Design for Discrete Multitone Systems",
    "year" : 2000,
    "journal" : "IEEE International Conference on Communications",
    "type" : "ARTICLE"
},

{
    "_id" : "577c432b0227c30f5cf44661",
    "actualClass" : "jsun_443",
    "authors" : [ 
        "Jun Sun", 
        "hai h. wang", 
        "nick gibbins", 
        "terry r. payne", 
        "ahmed saleh"
    ],
    "title" : "A Formal Model of Semantic Web Service Ontology (WSMO) Execution",
    "year" : 2008,
    "journal" : "International Conference on Engineering of Complex Computer Systems",
    "type" : "ARTICLE"
},

{
    "_id" : "577c432b0227c30f5cf44662",
    "actualClass" : "pyang_807",
    "authors" : [ 
        "Peng Yang", 
        "takashi kitagawa", 
        "goichiro hanaoka", 
        "rui zhang", 
        "kanta matsuura", 
        "hideki imai"
    ],
    "title" : "Applying Fujisaki-Okamoto to Identity-Based Encryption",
    "year" : 2006,
    "journal" : "Applied Algebra, Algebraic Algorithms and Error-Correcting Codes",
    "type" : "ARTICLE"
},

{
    "_id" : "577c432b0227c30f5cf44663",
    "actualClass" : "yzhang_1182",
    "authors" : [ 
        "Yi Zhang", 
        "piotr berman", 
        "bhaskar dasgupta", 
        "dhruv mubayi", 
        "robert h. sloan", 
        "gyorgy turan"
    ],
    "title" : "The inverse protein folding problem on 2D and 3D lattices",
    "year" : 2007,
    "journal" : "Discrete Applied Mathematics",
    "type" : "ARTICLE"
},

{
    "_id" : "577c432b0227c30f5cf44664",
    "actualClass" : "jyang_461",
    "authors" : [ 
        "Jun Yang", 
        "dawei ding", 
        "qing li"
    ],
    "title" : "Multimedia Data Integration and Navigation through MediaView: Implementation, Evolution and Utilization",
    "year" : 2004,
    "journal" : "Database Systems for Advanced Applications",
    "type" : "ARTICLE"
},

{
    "_id" : "577c432b0227c30f5cf44665",
    "actualClass" : "kschmidt_482",
    "authors" : [ 
        "Karsten Schmidt"
    ],
    "title" : "Narrowing Petri Net State Spaces Using the State Equation",
    "year" : 2001,
    "journal" : "Fundamenta Informaticae",
    "type" : "ARTICLE"
},

{
    "_id" : "577c432b0227c30f5cf44666",
    "actualClass" : "jyang_460",
    "authors" : [ 
        "Jun Yang", 
        "rajiv gupta"
    ],
    "title" : "Energy efficient frequent value data cache design",
    "year" : 2002,
    "journal" : "International Symposium on Microarchitecture",
    "type" : "ARTICLE"
},

{
    "_id" : "577c432b0227c30f5cf44667",
    "actualClass" : "mhess_684",
    "authors" : [ 
        "Michael Hess", 
        "adrian doicu", 
        "franz schreier", 
        "siegfried hilgers"
    ],
    "title" : "Multiparameter regularization method for atmospheric remote sensing",
    "year" : 2005,
    "journal" : "Computer Physics Communications",
    "type" : "ARTICLE"
},

{
    "_id" : "577c432b0227c30f5cf44668",
    "actualClass" : "sfischer_965",
    "authors" : [ 
        "Stefan Fischer", 
        "kaspar gilomen", 
        "horst bunke"
    ],
    "title" : "Identification of Diatoms by Grid Graph Matching",
    "year" : 2002,
    "journal" : "International Workshop on Structural and Syntactic Pattern Recognition",
    "type" : "ARTICLE"
},

{
    "_id" : "577c432b0227c30f5cf44669",
    "actualClass" : "pwillett_819",
    "authors" : [ 
        "Peter Willett", 
        "terence wilson", 
        "stewart f. reddaway"
    ],
    "title" : "Atom-by-atom searching using massive parallelism. Implementation of the Ullmann subgraph isomorphism algorithm on the distributed array processor",
    "year" : 1991,
    "journal" : "Journal of Chemical Information and Computer Sciences",
    "type" : "ARTICLE"
},

{
    "_id" : "577c432b0227c30f5cf4466a",
    "actualClass" : "wli_1055",
    "authors" : [ 
        "Wei Li", 
        "xiaoqiang li", 
        "xiangyang xue"
    ],
    "title" : "An Optimized Multi-bits Blind Watermarking Scheme",
    "year" : 2003,
    "journal" : "International Conference on Information and Communication Security",
    "type" : "ARTICLE"
},

{
    "_id" : "577c432b0227c30f5cf4466b",
    "actualClass" : "hwang_286",
    "authors" : [ 
        "Hong Wang", 
        "hong yue", 
        "aurelie j. a. leprand"
    ],
    "title" : "Output PDF Shaping of Singular Weights System: Monotonical Performance Design",
    "year" : 2006,
    "journal" : "International Symposium on Neural Networks",
    "type" : "ARTICLE"
},

{
    "_id" : "577c432b0227c30f5cf4466c",
    "actualClass" : "jkim_336",
    "authors" : [ 
        "Jae-Hoon Kim", 
        "joseph s. gomes", 
        "hyeong-ah choi", 
        "jungkyo sohn", 
        "hyeong in choi"
    ],
    "title" : "Integrating admission control and packet scheduling for quality controlled streaming services in HSDPA networks",
    "year" : 2007,
    "journal" : "International Conference on Broadband Networks",
    "type" : "ARTICLE"
},

{
    "_id" : "577c432b0227c30f5cf4466d",
    "actualClass" : "wwang_1070",
    "authors" : [ 
        "Wei Wang", 
        "jiong yang", 
        "richard r. muntz"
    ],
    "title" : "An Approach to Active Spatial Data Mining Based on Statistical Information",
    "year" : 2000,
    "journal" : "IEEE Transactions on Knowledge and Data Engineering",
    "type" : "ARTICLE"
},

{
    "_id" : "577c432b0227c30f5cf4466e",
    "actualClass" : "fwagner_246",
    "authors" : [ 
        "Frank Wagner", 
        "tobias kraft", 
        "carmen constantinescu", 
        "nicola honle"
    ],
    "title" : "Bericht zur BTW2003",
    "year" : 2003,
    "journal" : "Datenbank-spektrum",
    "type" : "ARTICLE"
},

{
    "_id" : "577c432b0227c30f5cf4466f",
    "actualClass" : "jzhang_370",
    "authors" : [ 
        "Jian Zhang", 
        "faming liang"
    ],
    "title" : "Learning Bayesian networks for discrete data",
    "year" : 2009,
    "journal" : "Computational Statistics & Data Analysis",
    "type" : "ARTICLE"
},

{
    "_id" : "577c432b0227c30f5cf44670",
    "actualClass" : "qzhu_837",
    "authors" : [ 
        "Qiang Zhu", 
        "qi-yan zhou", 
        "san-yang liu"
    ],
    "title" : "Local diagnosability of generic star-pyramid graph",
    "year" : 2009,
    "journal" : "Information Processing Letters",
    "type" : "ARTICLE"
},

{
    "_id" : "577c432b0227c30f5cf44671",
    "actualClass" : "psilva_801",
    "authors" : [ 
        "Paulo F. Silva", 
        "carlos becker westphall", 
        "carla merkle westphall", 
        "marcos dias de assuncao"
    ],
    "title" : "Design and Evaluation of a Grid Computing Based Architecture for Integrating Heterogeneous IDSs",
    "year" : 2007,
    "journal" : "Global Telecommunications Conference",
    "type" : "ARTICLE"
},

{
    "_id" : "577c432b0227c30f5cf44672",
    "actualClass" : "mschulz_656",
    "authors" : [ 
        "Martin Schulz"
    ],
    "title" : "Creating a Culture of Knowledge Sharing in Law Firms - Some Obstacles and Solutions",
    "year" : 2005,
    "journal" : "Wissensmanagement",
    "type" : "ARTICLE"
},

{
    "_id" : "577c432b0227c30f5cf44673",
    "actualClass" : "tmatsuda_998",
    "authors" : [ 
        "Takahiro Matsuda", 
        "goichiro hanaoka", 
        "kanta matsuura", 
        "hideki imai"
    ],
    "title" : "An Efficient Encapsulation Scheme from Near Collision Resistant Pseudorandom Generators and Its Application to IBE-to-PKE Transformations",
    "year" : 2009,
    "journal" : "The Cryptographer's Track at RSA Conference",
    "type" : "ARTICLE"
},

{
    "_id" : "577c432b0227c30f5cf44674",
    "actualClass" : "wwang_1062",
    "authors" : [ 
        "Wei Wang", 
        "mehul motani", 
        "vikram srinivasan"
    ],
    "title" : "Opportunistic energy-efficient contact probing in delay-tolerant applications",
    "year" : 2009,
    "journal" : "IEEE/ACM Transactions on Networking",
    "type" : "ARTICLE"
},

{
    "_id" : "577c432b0227c30f5cf44675",
    "actualClass" : "mjackson_715",
    "authors" : [ 
        "Mike Jackson", 
        "konstantinos karasavvas", 
        "mario antonioletti", 
        "malcolm p. atkinson", 
        "neil p. chue hong", 
        "tom sugden", 
        "alastair c. hume", 
        "amrey krause", 
        "charaka palansuriya"
    ],
    "title" : "Introduction to OGSA-DAI Services",
    "year" : 2004,
    "journal" : "Scientific Applications of Grid Computing",
    "type" : "ARTICLE"
},

{
    "_id" : "577c432b0227c30f5cf44676",
    "actualClass" : "tschneider_1020",
    "authors" : [ 
        "Thomas Schneider", 
        "arne meier", 
        "martin mundhenk", 
        "michael thomas", 
        "volker weber", 
        "felix weiss"
    ],
    "title" : "The Complexity of Satisfiability for Fragments of Hybrid Logic-Part I",
    "year" : 2009,
    "journal" : "Computing Research Repository",
    "type" : "ARTICLE"
},

{
    "_id" : "577c432b0227c30f5cf44677",
    "actualClass" : "swagner_977",
    "authors" : [ 
        "Stefan Wagner", 
        "stephan m. winkler", 
        "hajrudin efendic", 
        "michael affenzeller", 
        "luigi del re"
    ],
    "title" : "On-Line Modelling Based on Genetic Programming",
    "year" : 2005,
    "journal" : "Automatic Learning and Real-Time",
    "type" : "ARTICLE"
},

{
    "_id" : "577c432b0227c30f5cf44678",
    "actualClass" : "lchen_567",
    "authors" : [ 
        "Ling Chen", 
        "ralf krestel"
    ],
    "title" : "The Art of Tagging: Measuring the Quality of Tags",
    "year" : 2008,
    "journal" : "Asian Semantic Web Conference",
    "type" : "ARTICLE"
},

{
    "_id" : "577c432b0227c30f5cf44679",
    "actualClass" : "mjiang_741",
    "authors" : [ 
        "Minghui Jiang", 
        "yi shen", 
        "haigeng luo", 
        "xiaoxin liao"
    ],
    "title" : "Nonlinear behavior of the parameterized Logistic differential systems",
    "year" : 2007,
    "journal" : "Applied Mathematics and Computation",
    "type" : "ARTICLE"
},

{
    "_id" : "577c432b0227c30f5cf4467a",
    "actualClass" : "yliu_1137",
    "authors" : [ 
        "Yan Liu", 
        "john r. kender"
    ],
    "title" : "Video feature selection using fast-converging sort-merge tree",
    "year" : 2004,
    "journal" : "International Conference on Multimedia Computing and Systems/International Conference on Multimedia and Expo",
    "type" : "ARTICLE"
},

{
    "_id" : "577c432b0227c30f5cf4467b",
    "actualClass" : "yliu_1143",
    "authors" : [ 
        "Yan Liu", 
        "chang-sheng xie", 
        "huaiyang li", 
        "zhen zhao"
    ],
    "title" : "Data Migration in RAID Based on Stripe Unit Heat",
    "year" : 2005,
    "journal" : "Machine Learning and Cybernetics",
    "type" : "ARTICLE"
},

{
    "_id" : "577c432b0227c30f5cf4467c",
    "actualClass" : "pzhang_827",
    "authors" : [ 
        "Ping Zhang", 
        "na li", 
        "heshan sun"
    ],
    "title" : "Affective Quality and Cognitive Absorption: Extending Technology Acceptance Research",
    "year" : 2006,
    "journal" : "Hawaii International Conference on System Sciences",
    "type" : "ARTICLE"
},

{
    "_id" : "577c432b0227c30f5cf4467d",
    "actualClass" : "bzhou_87",
    "authors" : [ 
        "Bin Zhou", 
        "jian pei"
    ],
    "title" : "Preserving Privacy in Social Networks Against Neighborhood Attacks",
    "year" : 2008,
    "journal" : "International Conference on Data Engineering",
    "type" : "ARTICLE"
},

{
    "_id" : "577c432b0227c30f5cf4467e",
    "actualClass" : "mjiang_732",
    "authors" : [ 
        "Ming Jiang", 
        "jingfan tang", 
        "ming xu"
    ],
    "title" : "Towards Workflow Oriented Virtual Enterprise Based on Policy Driven and Multi-agent Service Composition",
    "year" : 2008,
    "journal" : "Fuzzy Systems and Knowledge Discovery",
    "type" : "ARTICLE"
},

{
    "_id" : "577c432b0227c30f5cf4467f",
    "actualClass" : "sfischer_966",
    "authors" : [ 
        "Stefan Fischer", 
        "sven doring", 
        "werner kie�ling", 
        "timotheus preisinger"
    ],
    "title" : "Optimizing the Catalog Search Process for E-Procurement Platforms",
    "year" : 2005,
    "journal" : "Data Engineering Issues in E-Commerce",
    "type" : "ARTICLE"
},

{
    "_id" : "577c432b0227c30f5cf44680",
    "actualClass" : "yliu_1135",
    "authors" : [ 
        "Yan Liu", 
        "aurelie c. lozano", 
        "naoki abe", 
        "saharon rosset"
    ],
    "title" : "Grouped graphical Granger modeling for gene expression regulatory networks discovery",
    "year" : 2009,
    "journal" : "Bioinformatics/computer Applications in The Biosciences",
    "type" : "ARTICLE"
},

{
    "_id" : "577c432b0227c30f5cf44681",
    "actualClass" : "sorlando_913",
    "authors" : [ 
        "Salvatore Orlando", 
        "stefano russo"
    ],
    "title" : "Java Virtual Machine Monitoring for Dependability Benchmarking",
    "year" : 2006,
    "journal" : "Object-Oriented Real-Time Distributed Computing",
    "type" : "ARTICLE"
},

{
    "_id" : "577c432b0227c30f5cf44682",
    "actualClass" : "mmuller_647",
    "authors" : [ 
        "Martin Muller"
    ],
    "title" : "Partial order bounding: A new approach to evaluation in game tree search",
    "year" : 2001,
    "journal" : "Artificial Intelligence",
    "type" : "ARTICLE"
},

{
    "_id" : "577c432b0227c30f5cf44683",
    "actualClass" : "dfranco_166",
    "authors" : [ 
        "Daniel Franco", 
        "diego lugones", 
        "emilio luque"
    ],
    "title" : "Adaptive Multipath Routing for Congestion Control in InfiniBand Networks",
    "year" : 2009,
    "journal" : "International Conference on Parallel Processing",
    "type" : "ARTICLE"
},

{
    "_id" : "577c432b0227c30f5cf44684",
    "actualClass" : "lchen_506",
    "authors" : [ 
        "Lei Chen", 
        "shaoxu song"
    ],
    "title" : "Similarity Joins of Text with Incomplete Information Formats",
    "year" : 2007,
    "journal" : "Database Systems for Advanced Applications",
    "type" : "ARTICLE"
},

{
    "_id" : "577c432b0227c30f5cf44685",
    "actualClass" : "mpaolucci_664",
    "authors" : [ 
        "Massimo Paolucci", 
        "antonio boccalatte", 
        "davide giglio"
    ],
    "title" : "ISYDES: The Project of a Tool Aimed at Information System Development",
    "year" : 2000,
    "journal" : "Academia/Industry Working Conference on Research Challenges",
    "type" : "ARTICLE"
},

{
    "_id" : "577c432b0227c30f5cf44686",
    "actualClass" : "xhuang_1133",
    "authors" : [ 
        "Xuemei Huang", 
        "bernard ng", 
        "rafeef abugharbieh", 
        "martin j. mckeown"
    ],
    "title" : "Spatial Characterization of fMRI Activation Maps Using Invariant 3-D Moment Descriptors",
    "year" : 2009,
    "journal" : "IEEE Transactions on Medical Imaging",
    "type" : "ARTICLE"
},

{
    "_id" : "577c432b0227c30f5cf44687",
    "actualClass" : "pwillett_819",
    "authors" : [ 
        "Peter Willett", 
        "john w. raymond"
    ],
    "title" : "Effectiveness of graph-based and fingerprint-based similarity measures for virtual screening of 2D chemical structure databases",
    "year" : 2002,
    "journal" : "Journal of Computer-aided Molecular Design",
    "type" : "ARTICLE"
},

{
    "_id" : "577c432b0227c30f5cf44688",
    "actualClass" : "rwang_886",
    "authors" : [ 
        "Rui Wang", 
        "tracy mullen", 
        "viswanath avasarala", 
        "john yen"
    ],
    "title" : "A Market-Based Adaptation for Resolving Competing Needs for Scarce Resources",
    "year" : 2006,
    "journal" : "IEEE Industry Applications Magazine",
    "type" : "ARTICLE"
},

{
    "_id" : "577c432b0227c30f5cf44689",
    "actualClass" : "pzhang_829",
    "authors" : [ 
        "Ping Zhang", 
        "gary chartrand", 
        "ladislav nebesky"
    ],
    "title" : "Hamiltonian colorings of graphs",
    "year" : 2005,
    "journal" : "Discrete Applied Mathematics",
    "type" : "ARTICLE"
},

{
    "_id" : "577c432b0227c30f5cf4468a",
    "actualClass" : "yliu_1135",
    "authors" : [ 
        "Yan Liu", 
        "jaime g. carbonell", 
        "judith klein-seetharaman", 
        "vanathi gopalakrishnan"
    ],
    "title" : "Comparison of probabilistic combination methods for protein secondary structure prediction",
    "year" : 2004,
    "journal" : "Bioinformatics/computer Applications in The Biosciences",
    "type" : "ARTICLE"
},

{
    "_id" : "577c432b0227c30f5cf4468b",
    "actualClass" : "dfranco_166",
    "authors" : [ 
        "Daniel Franco", 
        "gonzalo zarza", 
        "diego lugones", 
        "emilio luque"
    ],
    "title" : "A Multipath Fault-Tolerant Routing Method for High-Speed Interconnection Networks",
    "year" : 2009,
    "journal" : "European Conference on Parallel Processing",
    "type" : "ARTICLE"
},

{
    "_id" : "577c432b0227c30f5cf4468c",
    "actualClass" : "jgirard_352",
    "authors" : [ 
        "Jean-Yves Girard", 
        "dikran s. meliksetian", 
        "jean-pierre prost", 
        "amarjit s. bahl", 
        "irwin boutboul", 
        "david p. currier", 
        "sebastien fibra", 
        "kevin m. kassab", 
        "jean-luc lepesant", 
        "colm malone", 
        "paul manesco"
    ],
    "title" : "Design and implementation of an enterprise grid",
    "year" : 2004,
    "journal" : "Ibm Systems Journal",
    "type" : "ARTICLE"
},

{
    "_id" : "577c432b0227c30f5cf4468d",
    "actualClass" : "abauer_47",
    "authors" : [ 
        "Andreas Bauer", 
        "patrik haslum"
    ],
    "title" : "LTL Goal Specifications Revisited",
    "year" : 2010,
    "journal" : "European Conference on Artificial Intelligence",
    "type" : "ARTICLE"
},

{
    "_id" : "577c432b0227c30f5cf4468e",
    "actualClass" : "txie_1003",
    "authors" : [ 
        "Tao Xie", 
        "yao sun"
    ],
    "title" : "No More Energy-Performance Trade-Off: A New Data Placement Strategy for RAID-Structured Storage Systems",
    "year" : 2007,
    "journal" : "High Performance Computing",
    "type" : "ARTICLE"
},

{
    "_id" : "577c432b0227c30f5cf4468f",
    "actualClass" : "pwillett_819",
    "authors" : [ 
        "Peter Willett", 
        "richard c. angell", 
        "george e. freund"
    ],
    "title" : "Automatic Spelling Correction Using a Trigram Similarity Measure",
    "year" : 1983,
    "journal" : "Information Processing and Management",
    "type" : "ARTICLE"
},

{
    "_id" : "577c432b0227c30f5cf44690",
    "actualClass" : "myamamoto_663",
    "authors" : [ 
        "Masaki Yamamoto", 
        "takao ichiko", 
        "yousuke kawamura", 
        "motochika hanano"
    ],
    "title" : "Advanced multimedia telecommunications using a high speed broadband backbone network beyond all aspects of the current internet (revised)",
    "year" : 2001,
    "journal" : "Computers & Education",
    "type" : "ARTICLE"
},

{
    "_id" : "577c432b0227c30f5cf44691",
    "actualClass" : "wmuller_1095",
    "authors" : [ 
        "Wolfgang Muller", 
        "stephan flake", 
        "ulrich pape", 
        "jurgen ruf"
    ],
    "title" : "Specification and Formal Verification of Temporal Properties of Production Automation Systems",
    "year" : 2004,
    "journal" : "DFG Projects",
    "type" : "ARTICLE"
},

{
    "_id" : "577c432b0227c30f5cf44692",
    "actualClass" : "mmeier_700",
    "authors" : [ 
        "Michael Meier", 
        "georg lausen", 
        "michael schmidt"
    ],
    "title" : "SPARQLing constraints for RDF",
    "year" : 2008,
    "journal" : "Extending Database Technology",
    "type" : "ARTICLE"
},

{
    "_id" : "577c432c0227c30f5cf44833",
    "actualClass" : "wwang_1070",
    "authors" : [ 
        "Wei Wang", 
        "dean duncan", 
        "hye-chung kum", 
        "kimberly flair"
    ],
    "title" : "Successfully Adopting IT for Social Welfare Program Management",
    "year" : 2004,
    "journal" : "DG.O (Inter)National Conference on Digital Government Research",
    "type" : "ARTICLE"
},

{
    "_id" : "577c432c0227c30f5cf44834",
    "actualClass" : "promano_795",
    "authors" : [ 
        "Paolo Romano", 
        "emilio bartezzaghi", 
        "claudio ciborra", 
        "piercarlo maggiolini"
    ],
    "title" : "Information Systems and Organization - Empirical Findings Regarding the Introduction of Computers in Manufacturing Firms",
    "year" : 1977,
    "journal" : "World Computer Congress",
    "type" : "ARTICLE"
},

{
    "_id" : "577c432c0227c30f5cf44835",
    "actualClass" : "mgupta_608",
    "authors" : [ 
        "Manish Gupta", 
        "jicheng fu", 
        "farokh b. bastani", 
        "latifur khan", 
        "i-ling yen"
    ],
    "title" : "Rapid goal-oriented automated software testing using MEA-graph planning",
    "year" : 2007,
    "journal" : "Software Quality Journal",
    "type" : "ARTICLE"
},

{
    "_id" : "577c432c0227c30f5cf44836",
    "actualClass" : "jsun_451",
    "authors" : [ 
        "Jun Sun", 
        "bin ye", 
        "wenbo xu"
    ],
    "title" : "Solving the Hard Knapsack Problems with a Binary Particle Swarm Approach",
    "year" : 2006,
    "journal" : "International Conference on Intelligent Computing",
    "type" : "ARTICLE"
},

{
    "_id" : "577c432c0227c30f5cf44837",
    "actualClass" : "jzheng_381",
    "authors" : [ 
        "Jiang Zheng", 
        "brian p. robinson", 
        "laurie williams", 
        "karen smiley"
    ],
    "title" : "Applying regression test selection for COTS-based applications",
    "year" : 2006,
    "journal" : "International Conference on Software Engineering",
    "type" : "ARTICLE"
},

{
    "_id" : "577c432c0227c30f5cf44838",
    "actualClass" : "fli_229",
    "authors" : [ 
        "Fei-Fei Li", 
        "li-jia li", 
        "juan carlos niebles"
    ],
    "title" : "OPTIMOL: A Framework for Online Picture Collection via Incremental Model Learning",
    "year" : 2007,
    "journal" : "National Conference on Artificial Intelligence",
    "type" : "ARTICLE"
},

{
    "_id" : "577c432c0227c30f5cf44839",
    "actualClass" : "lchen_567",
    "authors" : [ 
        "Ling Chen", 
        "sourav s. bhowmick", 
        "liang-tien chia"
    ],
    "title" : "VRules: an effective association-based classifier for videos",
    "year" : 2004,
    "journal" : "ACM International Workshop on Multimedia Databases",
    "type" : "ARTICLE"
},

{
    "_id" : "577c432c0227c30f5cf4483a",
    "actualClass" : "bzeng_86",
    "authors" : [ 
        "Bin Zeng", 
        "tao hu", 
        "jun wei"
    ],
    "title" : "An approach to constructing evolutionary agent structure for workflow management system based on simulation",
    "year" : 2008,
    "journal" : "IEEE Congress on Evolutionary Computation",
    "type" : "ARTICLE"
},

{
    "_id" : "577c432c0227c30f5cf4483b",
    "actualClass" : "dbrown_167",
    "authors" : [ 
        "Daniel G. Brown", 
        "alexander k. hudek"
    ],
    "title" : "New Algorithms for Multiple DNA Sequence Alignment",
    "year" : 2004,
    "journal" : "Algorithms in Bioinformatics",
    "type" : "ARTICLE"
},

{
    "_id" : "577c432c0227c30f5cf4483c",
    "actualClass" : "yzhang_1182",
    "authors" : [ 
        "Yi Zhang", 
        "bing liu"
    ],
    "title" : "Semantic Text Classification of Emergent Disease Reports",
    "year" : 2007,
    "journal" : "Principles of Data Mining and Knowledge Discovery",
    "type" : "ARTICLE"
},

{
    "_id" : "577c432c0227c30f5cf4483d",
    "actualClass" : "wmuller_1097",
    "authors" : [ 
        "Wolfgang Muller", 
        "sebastian a. wei�", 
        "florian berger", 
        "alexander marbach"
    ],
    "title" : "CharanisML: A Flexible Virtual Actor Control Interface",
    "year" : 2009,
    "journal" : "Edutainment - International Conference on E-learning and Games",
    "type" : "ARTICLE"
},

{
    "_id" : "577c432c0227c30f5cf4483e",
    "actualClass" : "ywang_1162",
    "authors" : [ 
        "Yang Wang", 
        "thomas hornung"
    ],
    "title" : "Deep Web Navigation by Example",
    "year" : 2008,
    "journal" : "Business Information Systems",
    "type" : "ARTICLE"
},

{
    "_id" : "577c432c0227c30f5cf4483f",
    "actualClass" : "cschaefer_115",
    "authors" : [ 
        "Carl F. Schaefer", 
        "kira anthony", 
        "shiva krupa", 
        "jeffrey buchoff", 
        "timo hannay", 
        "kenneth h. buetow"
    ],
    "title" : "PID: the Pathway Interaction Database",
    "year" : 2009,
    "journal" : "Nucleic Acids Research",
    "type" : "ARTICLE"
},

{
    "_id" : "577c432c0227c30f5cf44840",
    "actualClass" : "she_940",
    "authors" : [ 
        "Shan He", 
        "min wu"
    ],
    "title" : "Group-based joint coding and embedding technique for multimedia fingerprinting",
    "year" : 2005,
    "journal" : "Security, Steganography, and Watermarking of Multimedia Contents",
    "type" : "ARTICLE"
},

{
    "_id" : "577c432c0227c30f5cf44841",
    "actualClass" : "wwang_1075",
    "authors" : [ 
        "Wei Wang", 
        "puttipong mahasukhon", 
        "hamid sharif", 
        "michael hempel", 
        "ting zhou", 
        "tadeusz a. wysocki"
    ],
    "title" : "Performance Analysis of Multi-hop IEEE 802.11 DCF Backhaul Networks",
    "year" : 2008,
    "journal" : "Wireless and Moble Computing",
    "type" : "ARTICLE"
},

{
    "_id" : "577c432c0227c30f5cf44842",
    "actualClass" : "yzhang_1187",
    "authors" : [ 
        "Yi Zhang", 
        "hanqing lu", 
        "changsheng xu"
    ],
    "title" : "Collaborate ball and player trajectory extraction in broadcast soccer video",
    "year" : 2008,
    "journal" : "International Conference on Pattern Recognition",
    "type" : "ARTICLE"
},

{
    "_id" : "577c432c0227c30f5cf44843",
    "actualClass" : "jsun_443",
    "authors" : [ 
        "Jun Sun", 
        "jin song dong", 
        "ping hao", 
        "shengchao qin", 
        "wang yi"
    ],
    "title" : "Timed Patterns: TCOZ to Timed Automata",
    "year" : 2004,
    "journal" : "IEEE International Conference on Formal Engineering Methods",
    "type" : "ARTICLE"
},

{
    "_id" : "577c432c0227c30f5cf44844",
    "actualClass" : "skohler_993",
    "authors" : [ 
        "Sven Kohler", 
        "volker turau"
    ],
    "title" : "Fault-Containing Self-Stabilization in Asynchronous Systems with Constant Fault-Gap",
    "year" : 2010,
    "journal" : "International Conference on Distributed Computing Systems",
    "type" : "ARTICLE"
},

{
    "_id" : "577c432c0227c30f5cf44845",
    "actualClass" : "lwang_536",
    "authors" : [ 
        "Liang Wang", 
        "fuchao wu"
    ],
    "title" : "A factorization algorithm for trifocal tensor estimation",
    "year" : 2008,
    "journal" : "International Conference on Pattern Recognition",
    "type" : "ARTICLE"
},

{
    "_id" : "577c432c0227c30f5cf44846",
    "actualClass" : "kschmidt_482",
    "authors" : [ 
        "Karsten Schmidt", 
        "stephan roch"
    ],
    "title" : "On the Step Explosion Problem",
    "year" : 2006,
    "journal" : "Application and Theory of Petri Nets",
    "type" : "ARTICLE"
},

{
    "_id" : "577c432c0227c30f5cf44847",
    "actualClass" : "jsun_443",
    "authors" : [ 
        "Jun Sun", 
        "zhenchang xing", 
        "yang liu", 
        "jin song dong"
    ],
    "title" : "SpecDiff: debugging formal specifications",
    "year" : 2010,
    "journal" : "Automated Software Engineering",
    "type" : "ARTICLE"
},

{
    "_id" : "577c432c0227c30f5cf44848",
    "actualClass" : "byang_84",
    "authors" : [ 
        "Bin Yang", 
        "weining qian", 
        "aoying zhou"
    ],
    "title" : "Using Wide Table to manage web data: a survey",
    "year" : 2008,
    "journal" : "Frontiers of Computer Science in China",
    "type" : "ARTICLE"
},

{
    "_id" : "577c432c0227c30f5cf44849",
    "actualClass" : "wwang_1069",
    "authors" : [ 
        "Wei Wang", 
        "chen wang", 
        "mingsheng hong", 
        "jian pei", 
        "haofeng zhou", 
        "baile shi"
    ],
    "title" : "Efficient Pattern-Growth Methods for Frequent Tree Pattern Mining",
    "year" : 2004,
    "journal" : "Pacific-Asia Conference on Knowledge Discovery and Data Mining",
    "type" : "ARTICLE"
},

{
    "_id" : "577c432c0227c30f5cf4484a",
    "actualClass" : "gkhanna_250",
    "authors" : [ 
        "Gaurav Khanna", 
        "nagavijayalakshmi vydyanathan", 
        "tahsin m. kurc", 
        "umit v. catalyurek", 
        "pete wyckoff", 
        "joel h. saltz", 
        "p. sadayappan"
    ],
    "title" : "Use of PVFS for Efficient Execution of Jobs with Pipeline-Shared I/O",
    "year" : 2004,
    "journal" : "Grid Computing",
    "type" : "ARTICLE"
},

{
    "_id" : "577c432c0227c30f5cf4484b",
    "actualClass" : "yliu_1135",
    "authors" : [ 
        "Yan Liu", 
        "john d. lafferty", 
        "xiaojin zhu"
    ],
    "title" : "Kernel conditional random fields: representation and clique selection",
    "year" : 2004,
    "journal" : "International Conference on Machine Learning",
    "type" : "ARTICLE"
},

{
    "_id" : "577c432c0227c30f5cf4484c",
    "actualClass" : "mhirsch_637",
    "authors" : [ 
        "Martin Hirsch", 
        "mohamed khalgui", 
        "dirk missal", 
        "hans-michael hanisch"
    ],
    "title" : "Reconfiguration of Embedded Systems",
    "year" : 2008,
    "journal" : "International Conference on Informatics in Control, Automation and Robotics",
    "type" : "ARTICLE"
},

{
    "_id" : "577c432c0227c30f5cf4484d",
    "actualClass" : "qzhu_837",
    "authors" : [ 
        "Qiang Zhu", 
        "jun-ming xu", 
        "xinmin hou", 
        "min xu"
    ],
    "title" : "On reliability of the folded hypercubes",
    "year" : 2007,
    "journal" : "Information Sciences",
    "type" : "ARTICLE"
},

{
    "_id" : "577c432c0227c30f5cf4484e",
    "actualClass" : "cjulien_150",
    "authors" : [ 
        "Christine Julien", 
        "max chevalier", 
        "c. soule-dupuy", 
        "nathalie valles-parlangeau"
    ],
    "title" : "Personalized Information Access Through Flexible and Interoperable Profiles",
    "year" : 2007,
    "journal" : "Web Information Systems Engineering",
    "type" : "ARTICLE"
},

{
    "_id" : "577c432c0227c30f5cf4484f",
    "actualClass" : "pzhang_828",
    "authors" : [ 
        "Ping Zhang", 
        "zhi zhang", 
        "xiaoguang wu", 
        "guixia kang"
    ],
    "title" : "A High Precision Channel Estimation Method for OFDM System",
    "year" : 2007,
    "journal" : "Global Telecommunications Conference",
    "type" : "ARTICLE"
},

{
    "_id" : "577c432c0227c30f5cf44850",
    "actualClass" : "mziegler_659",
    "authors" : [ 
        "Martin Ziegler", 
        "jorg flum"
    ],
    "title" : "Pseudo-Finite Homogeneity and Saturation",
    "year" : 1999,
    "journal" : "Journal of Symbolic Logic",
    "type" : "ARTICLE"
},

{
    "_id" : "577c432c0227c30f5cf44851",
    "actualClass" : "nzhang_782",
    "authors" : [ 
        "Ning Zhang", 
        "edward p. f. chan"
    ],
    "title" : "Finding shortest paths in large network systems",
    "year" : 2001,
    "journal" : "Workshop on Advances in Geographic Information Systems",
    "type" : "ARTICLE"
},

{
    "_id" : "577c432c0227c30f5cf44852",
    "actualClass" : "hwang_288",
    "authors" : [ 
        "Hong Wang", 
        "jamison d. collins", 
        "dean m. tullsen"
    ],
    "title" : "Control Flow Optimization Via Dynamic Reconvergence Prediction",
    "year" : 2004,
    "journal" : "IEEE Internet Computing",
    "type" : "ARTICLE"
},

{
    "_id" : "577c432c0227c30f5cf44853",
    "actualClass" : "kschmidt_481",
    "authors" : [ 
        "Karsten Schmidt", 
        "theo harder"
    ],
    "title" : "Usage-driven storage structures for native XML databases",
    "year" : 2008,
    "journal" : "International Database Engineering and Application Symposium",
    "type" : "ARTICLE"
},

{
    "_id" : "577c432c0227c30f5cf44854",
    "actualClass" : "hwang_289",
    "authors" : [ 
        "Hong Wang", 
        "fan xia", 
        "xiaolan fu", 
        "jiaying zhao"
    ],
    "title" : "An XML-Based Implementation of Multimodal Affective Annotation",
    "year" : 2005,
    "journal" : "Affective Computing and Intelligent Interaction",
    "type" : "ARTICLE"
},

{
    "_id" : "577c432c0227c30f5cf44855",
    "actualClass" : "jyang_464",
    "authors" : [ 
        "Jun Yang", 
        "xuexiang wang", 
        "hanlai pu", 
        "longxing shi"
    ],
    "title" : "Extended Control Flow Graph Based Performance and Energy Consumption Optimization Using Scratch-Pad Memory",
    "year" : 2009,
    "journal" : "Journal of Circuits, Systems, and Computers",
    "type" : "ARTICLE"
},

{
    "_id" : "577c432c0227c30f5cf44856",
    "actualClass" : "jsun_447",
    "authors" : [ 
        "Jun Sun", 
        "yusaku fujii", 
        "hiroaki takebe", 
        "katsuhito fujimoto", 
        "satoshi naoi"
    ],
    "title" : "An Image Based Watermark String Detection System for Document Security Checking",
    "year" : 2008,
    "journal" : "Document Analysis Systems",
    "type" : "ARTICLE"
},

{
    "_id" : "577c432c0227c30f5cf44857",
    "actualClass" : "mislam_674",
    "authors" : [ 
        "Md. Saiful Islam", 
        "zerina begum", 
        "mohd. zulfiquar hafiz"
    ],
    "title" : "Fault Tolerant Variable Block Carry Skip Logic (VBCSL) using Parity Preserving Reversible Gates",
    "year" : 2010,
    "journal" : "Computing Research Repository",
    "type" : "ARTICLE"
},

{
    "_id" : "577c432c0227c30f5cf44858",
    "actualClass" : "hwang_286",
    "authors" : [ 
        "Hong Wang", 
        "aiping wang", 
        "lei guo"
    ],
    "title" : "Advances in stochastic distribution control",
    "year" : 2008,
    "journal" : "International Conference on Control, Automation, Robotics and Vision",
    "type" : "ARTICLE"
},

{
    "_id" : "577c432c0227c30f5cf44859",
    "actualClass" : "pzhang_828",
    "authors" : [ 
        "Ping Zhang", 
        "zhiheng guo", 
        "li lihua", 
        "xiaofeng tao"
    ],
    "title" : "Performance of Antenna Selection for Low Data Rate in TDD Uplink",
    "year" : 2006,
    "journal" : "Vehicular Technology Conference",
    "type" : "ARTICLE"
},

{
    "_id" : "577c432c0227c30f5cf4485a",
    "actualClass" : "jsun_447",
    "authors" : [ 
        "Jun Sun", 
        "x. c. yin", 
        "satoshi naoi", 
        "katsuhito fujimoto", 
        "yusaku fujii", 
        "koji kurokawa", 
        "hiroaki takebe"
    ],
    "title" : "A MultiStage Strategy to Perspective Rectification for Mobile Phone Camera-Based Document Images",
    "year" : 2007,
    "journal" : "International Conference on Document Analysis and Recognition",
    "type" : "ARTICLE"
},

{
    "_id" : "577c432c0227c30f5cf4485b",
    "actualClass" : "lzhang_512",
    "authors" : [ 
        "Lei Zhang", 
        "longbin chen", 
        "bao-gang hu", 
        "mingjing li", 
        "hongjiang zhang"
    ],
    "title" : "Face Annotation for Family Photo Album Management",
    "year" : 2003,
    "journal" : "International Journal of Image and Graphics",
    "type" : "ARTICLE"
},

{
    "_id" : "577c432c0227c30f5cf4485c",
    "actualClass" : "yzhang_1189",
    "authors" : [ 
        "Yi Zhang", 
        "zhi hu wang", 
        "bo gao", 
        "changjie guo", 
        "wei sun", 
        "xiaoping li"
    ],
    "title" : "An Effective Heuristic for On-line Tenant Placement Problem in SaaS",
    "year" : 2010,
    "journal" : "International Conference on Web Services",
    "type" : "ARTICLE"
},

{
    "_id" : "577c432c0227c30f5cf4485d",
    "actualClass" : "ywang_1147",
    "authors" : [ 
        "Yan Wang", 
        "vijay varadharajan"
    ],
    "title" : "A Mobile Autonomous Agent-based Secure Payment Protocol Supporting Multiple Payments",
    "year" : 2005,
    "journal" : "International Agent Technology Conference",
    "type" : "ARTICLE"
},

{
    "_id" : "577c432c0227c30f5cf4485e",
    "actualClass" : "xfeng_1104",
    "authors" : [ 
        "Xiaobing Feng", 
        "chengyong wu", 
        "ruiqi lian", 
        "junchao zhang", 
        "roy ju", 
        "sun chan", 
        "lixia liu", 
        "zhaoqing zhang"
    ],
    "title" : "An Overview of the Open Research Compiler",
    "year" : 2004,
    "journal" : "Languages and Compilers for Parallel Computing",
    "type" : "ARTICLE"
},

{
    "_id" : "577c432c0227c30f5cf4485f",
    "actualClass" : "abirk_51",
    "authors" : [ 
        "Andreas Birk", 
        "kaustubh pathak", 
        "jann poppinga"
    ],
    "title" : "Sub-pixel depth accuracy with a time of flight sensor using multimodal Gaussian analysis",
    "year" : 2008,
    "journal" : "International Conference on Intelligent RObots and Systems - IROS",
    "type" : "ARTICLE"
},

{
    "_id" : "577c432c0227c30f5cf44860",
    "actualClass" : "txie_1003",
    "authors" : [ 
        "Tao Xie", 
        "xiao qin", 
        "mais nijim"
    ],
    "title" : "Solving Energy-Latency Dilemma: Task Allocation for Parallel Applications in Heterogeneous Embedded Systems",
    "year" : 2006,
    "journal" : "International Conference on Parallel Processing",
    "type" : "ARTICLE"
},

{
    "_id" : "577c432c0227c30f5cf44861",
    "actualClass" : "slee_933",
    "authors" : [ 
        "Seung-Jin Lee", 
        "hyeong-uk park", 
        "mee-young park", 
        "jae-woo lee", 
        "yung-hwan byun"
    ],
    "title" : "Development of Requirement Driven Design Concept Selection Process in Aerospace System",
    "year" : 2006,
    "journal" : "Computational Science and Its Applications",
    "type" : "ARTICLE"
},

{
    "_id" : "577c432c0227c30f5cf44862",
    "actualClass" : "lxiao_544",
    "authors" : [ 
        "Liang Xiao", 
        "paul h. lewis", 
        "alex gibb"
    ],
    "title" : "Developing a security protocol for a distributed decision support system in a healthcare environment",
    "year" : 2008,
    "journal" : "International Conference on Software Engineering",
    "type" : "ARTICLE"
},

{
    "_id" : "577c432c0227c30f5cf44863",
    "actualClass" : "wwang_1062",
    "authors" : [ 
        "Wei Wang", 
        "vikram srinivasan", 
        "kee-chaing chua"
    ],
    "title" : "Power Control for Distributed MAC Protocols in Wireless Ad Hoc Networks",
    "year" : 2008,
    "journal" : "IEEE Transactions on Mobile Computing",
    "type" : "ARTICLE"
},

{
    "_id" : "577c432c0227c30f5cf44864",
    "actualClass" : "wtan_1059",
    "authors" : [ 
        "Wei Tan", 
        "liang ma", 
        "qunxiu chen", 
        "shaoping ma", 
        "shuicai shi", 
        "shibin xiao", 
        "hongwei wang", 
        "hongjun wang"
    ],
    "title" : "THUIR at TREC 2003: HARD Experiments",
    "year" : 2003,
    "journal" : "Text REtrieval Conference",
    "type" : "ARTICLE"
},

{
    "_id" : "577c432c0227c30f5cf44865",
    "actualClass" : "lzhang_561",
    "authors" : [ 
        "Liming Zhang", 
        "ngaihong chan", 
        "yilin chu"
    ],
    "title" : "Cognitive Load Theory Based Effectiveness Evaluation on Dynamic Math Teaching",
    "year" : 2010,
    "journal" : "International Conference on Hybrid Learning and Education",
    "type" : "ARTICLE"
},

{
    "_id" : "577c432c0227c30f5cf44866",
    "actualClass" : "jyang_350",
    "authors" : [ 
        "Jean Yang", 
        "michael buckley"
    ],
    "title" : "Regularised shortest-path extraction",
    "year" : 1997,
    "journal" : "Pattern Recognition Letters",
    "type" : "ARTICLE"
},

{
    "_id" : "577c432c0227c30f5cf44867",
    "actualClass" : "kogata_486",
    "authors" : [ 
        "Kazuhiro Ogata", 
        "tian song", 
        "kosuke saito", 
        "takashi shimamoto"
    ],
    "title" : "Adaptive Search Range Motion Estimation Algorithm for H.264/AVC",
    "year" : 2007,
    "journal" : "IEEE International Symposium on Circuits and Systems",
    "type" : "ARTICLE"
},

{
    "_id" : "577c432c0227c30f5cf44868",
    "actualClass" : "akumar_39",
    "authors" : [ 
        "Amit Kumar", 
        "li-shiuan peh", 
        "partha kundu", 
        "niraj k. jha"
    ],
    "title" : "Toward Ideal On-Chip Communication Using Express Virtual Channels",
    "year" : 2008,
    "journal" : "IEEE Micro",
    "type" : "ARTICLE"
},

{
    "_id" : "577c432c0227c30f5cf44869",
    "actualClass" : "lwang_537",
    "authors" : [ 
        "Liang Wang", 
        "amir akbarzadeh", 
        "jan-michael frahm", 
        "philippos mordohai", 
        "brian clipp", 
        "chris engels", 
        "david gallup", 
        "paul merrell", 
        "m. phelps", 
        "sudipta n. sinha", 
        "b. talton", 
        "qingxiong yang", 
        "henrik stewenius", 
        "ruigang yang", 
        "greg welch", 
        "herman towles", 
        "david nister", 
        "marc pollefeys"
    ],
    "title" : "Towards Urban 3D Reconstruction from Video",
    "year" : 2006,
    "journal" : "3D Data Processing Visualization and Transmission",
    "type" : "ARTICLE"
},

{
    "_id" : "577c432c0227c30f5cf4486a",
    "actualClass" : "rwang_887",
    "authors" : [ 
        "Rui Wang", 
        "vincent k. n. lau", 
        "kaibin huang"
    ],
    "title" : "A New Scaling Law on Throughput and Delay Performance of Wireless Mobile Relay Networks over Parallel Fading Channels",
    "year" : 2009,
    "journal" : "Computing Research Repository",
    "type" : "ARTICLE"
},

{
    "_id" : "577c432c0227c30f5cf4486b",
    "actualClass" : "skramer_955",
    "authors" : [ 
        "Simon Kramer", 
        "ji eun kim", 
        "oliver rogalla", 
        "arne hamann"
    ],
    "title" : "Extracting, specifying and predicting software system properties in component based real-time embedded software development",
    "year" : 2009,
    "journal" : "International Conference on Software Engineering",
    "type" : "ARTICLE"
},

{
    "_id" : "577c432c0227c30f5cf4486c",
    "actualClass" : "mkumar_611",
    "authors" : [ 
        "Manoj Kumar", 
        "yogesh singh", 
        "anjana gosain"
    ],
    "title" : "From Early Requirements to Late Requirements Modeling for a Data Warehouse",
    "year" : 2009,
    "journal" : "Networked Computing and Advanced Information Management",
    "type" : "ARTICLE"
},

{
    "_id" : "577c432c0227c30f5cf4486d",
    "actualClass" : "lolson_503",
    "authors" : [ 
        "Lars E. Olson", 
        "john f. ladisa jr.", 
        "kristina m. ropella", 
        "robert c. molthen", 
        "steven t. haworth", 
        "judy r. kersten", 
        "david c. warltier", 
        "paul s. pagel"
    ],
    "title" : "Microfocal X-ray computed tomography post-processing operations for optimizing reconstruction volumes of stented arteries during 3D computational fluid dynamics modeling",
    "year" : 2005,
    "journal" : "Computer Methods and Programs in Biomedicine",
    "type" : "ARTICLE"
},

{
    "_id" : "577c432c0227c30f5cf4486e",
    "actualClass" : "ylu_1175",
    "authors" : [ 
        "Yi Lu", 
        "neil w. bergmann"
    ],
    "title" : "Dynamic Loading of Peripherals on Reconfigurable System-on-Chip",
    "year" : 2005,
    "journal" : "IEEE International Conference on Field-Programmable Technology",
    "type" : "ARTICLE"
},

{
    "_id" : "577c432c0227c30f5cf4486f",
    "actualClass" : "gyang_262",
    "authors" : [ 
        "Guang Yang", 
        "ling-jyh chen", 
        "tony sun", 
        "m. y. sanadidi", 
        "mario gerla"
    ],
    "title" : "AdHoc Probe: end-to-end capacity probing in wireless ad hoc networks",
    "year" : 2009,
    "journal" : "Wireless Networks",
    "type" : "ARTICLE"
},

{
    "_id" : "577c432c0227c30f5cf44870",
    "actualClass" : "ccollet_155",
    "authors" : [ 
        "Christophe Collet", 
        "ryan cassel"
    ],
    "title" : "Tracking of Real Time Acrobatic Movements by Image Processing",
    "year" : 2003,
    "journal" : "Gesture Workshop",
    "type" : "ARTICLE"
},

{
    "_id" : "577c432c0227c30f5cf44871",
    "actualClass" : "mzhao_736",
    "authors" : [ 
        "Ming Zhao", 
        "yantao zheng", 
        "yang song", 
        "hartwig adam", 
        "ulrich buddemeier", 
        "alessandro bissacco", 
        "fernando brucher", 
        "tat-seng chua", 
        "hartmut neven", 
        "jay yagnik"
    ],
    "title" : "Tour the world: a technical demonstration of a web-scale landmark recognition engine",
    "year" : 2009,
    "journal" : "ACM Multimedia Conference",
    "type" : "ARTICLE"
},

{
    "_id" : "577c432c0227c30f5cf44872",
    "actualClass" : "xying_1103",
    "authors" : [ 
        "Xiao Ying", 
        "chen deren", 
        "chen min"
    ],
    "title" : "Research of Web services workflow and its key technology based on XPDL",
    "year" : 2004,
    "journal" : "IEEE International Conference on Systems, Man, and Cybernetics",
    "type" : "ARTICLE"
},

{
    "_id" : "577c432c0227c30f5cf44873",
    "actualClass" : "amuller_54",
    "authors" : [ 
        "Andreas Muller", 
        "philipp frank"
    ],
    "title" : "Cooperative Interference Prediction for Enhanced Link Adaptation in the 3GPP LTE Uplink",
    "year" : 2010,
    "journal" : "Vehicular Technology Conference",
    "type" : "ARTICLE"
},

{
    "_id" : "577c432c0227c30f5cf44874",
    "actualClass" : "cliu_121",
    "authors" : [ 
        "Chao Liu", 
        "xifeng yan", 
        "jiawei han"
    ],
    "title" : "Mining Control Flow Abnormality for Logic Error Isolation",
    "year" : 2006,
    "journal" : "SIAM International Conference on Data Mining",
    "type" : "ARTICLE"
},

{
    "_id" : "577c432c0227c30f5cf44875",
    "actualClass" : "lzhang_517",
    "authors" : [ 
        "Lei Zhang", 
        "weisheng dong", 
        "david zhang", 
        "guangming shi"
    ],
    "title" : "Two-stage image denoising by principal component analysis with local pixel grouping",
    "year" : 2010,
    "journal" : "Pattern Recognition",
    "type" : "ARTICLE"
},

{
    "_id" : "577c432c0227c30f5cf44876",
    "actualClass" : "mhofmann_638",
    "authors" : [ 
        "Martin Hofmann", 
        "s. schmezko"
    ],
    "title" : "Graphical Structure-Oriented Search in a Hypertext System",
    "year" : 1992,
    "journal" : "Database and Expert Systems Applications",
    "type" : "ARTICLE"
},

{
    "_id" : "577c432c0227c30f5cf44877",
    "actualClass" : "lwei_534",
    "authors" : [ 
        "Li Wei", 
        "ming chen", 
        "li mingming"
    ],
    "title" : "Information Security Routing Protocol in the WSN",
    "year" : 2009,
    "journal" : "Information Assurance and Security",
    "type" : "ARTICLE"
},

{
    "_id" : "577c432c0227c30f5cf44878",
    "actualClass" : "rbischoff_853",
    "authors" : [ 
        "Rainer Bischoff", 
        "volker graefe"
    ],
    "title" : "Learning from Nature to Build Intelligent Autonomous Robots",
    "year" : 2006,
    "journal" : "Intelligent Autonomous Systems",
    "type" : "ARTICLE"
},

{
    "_id" : "577c432c0227c30f5cf44879",
    "actualClass" : "jyang_461",
    "authors" : [ 
        "Jun Yang", 
        "yueting zhuang", 
        "qing li", 
        "yunhe pan"
    ],
    "title" : "A graphic-theoretic model for incremental relevance feedback in image retrieval",
    "year" : 2002,
    "journal" : "International Conference on Image Processing",
    "type" : "ARTICLE"
},

{
    "_id" : "577c432c0227c30f5cf4487a",
    "actualClass" : "sfischer_967",
    "authors" : [ 
        "Stefan Fischer", 
        "sonja m. schwarzl", 
        "danzhi huang", 
        "jeremy c. smith"
    ],
    "title" : "Nonuniform charge scaling (NUCS): A practical approximation of solvent electrostatic screening in proteins",
    "year" : 2005,
    "journal" : "Journal of Computational Chemistry",
    "type" : "ARTICLE"
},

{
    "_id" : "577c432c0227c30f5cf4487b",
    "actualClass" : "fwu_227",
    "authors" : [ 
        "Fei Wu", 
        "daniel s. weld"
    ],
    "title" : "Automatically refining the wikipedia infobox ontology",
    "year" : 2008,
    "journal" : "World Wide Web Conference Series",
    "type" : "ARTICLE"
},

{
    "_id" : "577c432c0227c30f5cf4487c",
    "actualClass" : "rzhang_893",
    "authors" : [ 
        "Rui Zhang", 
        "nuttapong attrapadung", 
        "jun furukawa", 
        "takeshi gomi", 
        "goichiro hanaoka", 
        "hideki imai"
    ],
    "title" : "Efficient Identity-Based Encryption with Tight Security Reduction",
    "year" : 2007,
    "journal" : "Ieice Transactions",
    "type" : "ARTICLE"
},

{
    "_id" : "577c432c0227c30f5cf4487d",
    "actualClass" : "nzhang_770",
    "authors" : [ 
        "Nan Zhang", 
        "tao tao", 
        "ravi vijaya satya", 
        "amar mukherjee"
    ],
    "title" : "A Flexible Compressed Text Retrieval System Using a Modified LZW Algorithm",
    "year" : 2005,
    "journal" : "Data Compression Conference",
    "type" : "ARTICLE"
},

{
    "_id" : "577c432c0227c30f5cf4487e",
    "actualClass" : "pzhang_829",
    "authors" : [ 
        "Ping Zhang"
    ],
    "title" : "The characteristic polynomials of subarrangements of Coxeter arrangements",
    "year" : 1997,
    "journal" : "Discrete Mathematics",
    "type" : "ARTICLE"
},

{
    "_id" : "577c432c0227c30f5cf4487f",
    "actualClass" : "cbrown_157",
    "authors" : [ 
        "Christopher Brown", 
        "simon j. thompson", 
        "huiqing li", 
        "claus reinke", 
        "nik sultana"
    ],
    "title" : "Refactoring Functional Programs at the University of Kent",
    "year" : 2007,
    "journal" : "European Conference on Object-Oriented Programming",
    "type" : "ARTICLE"
},

{
    "_id" : "577c432c0227c30f5cf44880",
    "actualClass" : "wwang_1062",
    "authors" : [ 
        "Wei Wang", 
        "vikram srinivasan", 
        "bang wang", 
        "kee chaing chua"
    ],
    "title" : "Coverage for target localization in wireless sensor networks",
    "year" : 2008,
    "journal" : "IEEE Transactions on Wireless Communications",
    "type" : "ARTICLE"
},

{
    "_id" : "577c432c0227c30f5cf44881",
    "actualClass" : "jzhang_396",
    "authors" : [ 
        "Jianzhong Zhang", 
        "xiucui guan"
    ],
    "title" : "Improving multicut in directed trees by upgrading nodes",
    "year" : 2007,
    "journal" : "European Journal of Operational Research",
    "type" : "ARTICLE"
},

{
    "_id" : "577c432c0227c30f5cf44882",
    "actualClass" : "cwagner_161",
    "authors" : [ 
        "Clemens Wagner"
    ],
    "title" : "Fast Parallel Hermite Normal Form Computation of Matrices over F[x]",
    "year" : 1998,
    "journal" : "European Conference on Parallel Processing",
    "type" : "ARTICLE"
},

{
    "_id" : "577c432c0227c30f5cf44883",
    "actualClass" : "hlin_308",
    "authors" : [ 
        "Hui Lin", 
        "bo huang"
    ],
    "title" : "Restructuring the SQL Framework for Spatial Queries",
    "year" : 1997,
    "journal" : "Annals of Gis / Geographic Information Sciences",
    "type" : "ARTICLE"
},

{
    "_id" : "577c432c0227c30f5cf44884",
    "actualClass" : "yfeng_1172",
    "authors" : [ 
        "Yi Feng", 
        "amotz bar-noy", 
        "mordecai j. golin"
    ],
    "title" : "Paging Mobile Users Efficiently and Optimally",
    "year" : 2007,
    "journal" : "IEEE INFOCOM",
    "type" : "ARTICLE"
},

{
    "_id" : "577c432c0227c30f5cf44885",
    "actualClass" : "hsun_297",
    "authors" : [ 
        "Hongyu Sun", 
        "weiyi meng", 
        "wenxian wang", 
        "clement t. yu"
    ],
    "title" : "Concept Hierarchy-Based Text Database Categorization",
    "year" : 2002,
    "journal" : "Knowledge and Information Systems",
    "type" : "ARTICLE"
},

{
    "_id" : "577c432c0227c30f5cf44886",
    "actualClass" : "dlee_214",
    "authors" : [ 
        "Dongwon Lee", 
        "nicholas l. ball", 
        "robert j. kauffman", 
        "baba prasad", 
        "sriram thirumalai", 
        "priscilla arling"
    ],
    "title" : "Book Review Section: Thinking About Information Technologies in the New Digital Economy",
    "year" : 2003,
    "journal" : "Electronic Markets",
    "type" : "ARTICLE"
},

{
    "_id" : "577c432c0227c30f5cf44887",
    "actualClass" : "kchen_473",
    "authors" : [ 
        "Kai Chen", 
        "liguo yu", 
        "stephen r. schach", 
        "a. jefferson offutt"
    ],
    "title" : "Categorization of Common Coupling and Its Application to the Maintainability of the Linux Kernel",
    "year" : 2004,
    "journal" : "IEEE Transactions on Software Engineering",
    "type" : "ARTICLE"
},

{
    "_id" : "577c432c0227c30f5cf44888",
    "actualClass" : "abirk_51",
    "authors" : [ 
        "Andreas Birk", 
        "max pfingsthorn"
    ],
    "title" : "A HMI Supporting Adjustable Autonomy of Rescue Robots",
    "year" : 2005,
    "journal" : "RoboCup",
    "type" : "ARTICLE"
},

{
    "_id" : "577c432c0227c30f5cf44889",
    "actualClass" : "pbishop_811",
    "authors" : [ 
        "Peter Bishop", 
        "gary l. schaps"
    ],
    "title" : "A Practical Approach to NFS Response Time Monitoring",
    "year" : 1993,
    "journal" : "USENIX Systems Administration Conference",
    "type" : "ARTICLE"
},

{
    "_id" : "577c432c0227c30f5cf448a1",
    "actualClass" : "xliu_1119",
    "authors" : [ 
        "Xiaoming Liu", 
        "herbert van de sompel", 
        "jeroen bekaert", 
        "lyudmila balakireva", 
        "thorsten schwander"
    ],
    "title" : "aDORe: A Modular, Standards-Based Digital Object Repository",
    "year" : 2005,
    "journal" : "The Computer Journal",
    "type" : "ARTICLE"
},

{
    "_id" : "577c432c0227c30f5cf448a2",
    "actualClass" : "mjiang_729",
    "authors" : [ 
        "Ming Jiang", 
        "edward k. wong", 
        "nasir d. memon"
    ],
    "title" : "Robust Document Image Authentication",
    "year" : 2007,
    "journal" : "International Conference on Multimedia Computing and Systems/International Conference on Multimedia and Expo",
    "type" : "ARTICLE"
}
]