[
{
    "_id" : "577c432c0227c30f5cf44a22",
    "actualClass" : "hpark_317",
    "authors" : [ 
        "Hyunchul Park", 
        "sangwoong hwang", 
        "chansuk yang", 
        "manjai lee"
    ],
    "title" : "Harmonics Table: Audiovisual Expression of Group Interaction on a Sensing Table",
    "year" : 2004,
    "journal" : "International Workshop on Entertainment Computing",
    "type" : "ARTICLE"
},

{
    "_id" : "577c432c0227c30f5cf44a23",
    "actualClass" : "yliu_1137",
    "authors" : [ 
        "Yan Liu", 
        "john r. kender"
    ],
    "title" : "Fast video segment retrieval by Sort-Merge feature selection, boundary refinement, and lazy evaluation",
    "year" : 2003,
    "journal" : "Computer Vision and Image Understanding",
    "type" : "ARTICLE"
},

{
    "_id" : "577c432c0227c30f5cf44a24",
    "actualClass" : "wwang_1073",
    "authors" : [ 
        "Wei Wang", 
        "sujian li", 
        "yu zhang", 
        "chen wang"
    ],
    "title" : "Using Proximity in Query Focused Multi-document Extractive Summarization",
    "year" : 2009,
    "journal" : "International Conference on the Computer Processing of Oriental Languages",
    "type" : "ARTICLE"
},

{
    "_id" : "577c432c0227c30f5cf44a25",
    "actualClass" : "wli_1058",
    "authors" : [ 
        "Wei Li", 
        "michal cierniak"
    ],
    "title" : "Recovering Logical Structures of Data",
    "year" : 1995,
    "journal" : "Languages and Compilers for Parallel Computing",
    "type" : "ARTICLE"
},

{
    "_id" : "577c432c0227c30f5cf44a26",
    "actualClass" : "bfischer_75",
    "authors" : [ 
        "Bernd Fischer", 
        "paulo j. matos", 
        "joao marques-silva"
    ],
    "title" : "A Lazy Unbounded Model Checker for Event-B",
    "year" : 2009,
    "journal" : "IEEE International Conference on Formal Engineering Methods",
    "type" : "ARTICLE"
},

{
    "_id" : "577c432c0227c30f5cf44a27",
    "actualClass" : "lzhang_517",
    "authors" : [ 
        "Lei Zhang", 
        "qin li", 
        "jane you", 
        "david zhang", 
        "prabir bhattacharya"
    ],
    "title" : "Dark line detection with line width extraction",
    "year" : 2008,
    "journal" : "International Conference on Image Processing",
    "type" : "ARTICLE"
},

{
    "_id" : "577c432c0227c30f5cf44a29",
    "actualClass" : "yzhang_1188",
    "authors" : [ 
        "Yi Zhang"
    ],
    "title" : "Adjoining Almost Disjoint Permutations",
    "year" : 2002,
    "journal" : "Mathematical Logic Quarterly",
    "type" : "ARTICLE"
},

{
    "_id" : "577c432c0227c30f5cf44a2a",
    "actualClass" : "mmehta_609",
    "authors" : [ 
        "Manish Mehta", 
        "jorma rissanen", 
        "rakesh agrawal"
    ],
    "title" : "MDL-Based Decision Tree Pruning",
    "year" : 1995,
    "journal" : "Knowledge Discovery and Data Mining",
    "type" : "ARTICLE"
},

{
    "_id" : "577c432c0227c30f5cf44a2b",
    "actualClass" : "jliu_388",
    "authors" : [ 
        "Jianguo Liu", 
        "zhenbing liu", 
        "zhong chen"
    ],
    "title" : "A generalized Gilbert's algorithm for approximating general SVM classifiers",
    "year" : 2009,
    "journal" : "Neurocomputing",
    "type" : "ARTICLE"
},

{
    "_id" : "577c432c0227c30f5cf44a2c",
    "actualClass" : "jsun_443",
    "authors" : [ 
        "Jun Sun", 
        "chunqing chen", 
        "jin song dong", 
        "andrew martin"
    ],
    "title" : "A verification system for interval-based specification languages",
    "year" : 2010,
    "journal" : "ACM Transactions on Software Engineering and Methodology",
    "type" : "ARTICLE"
},

{
    "_id" : "577c432c0227c30f5cf44a2d",
    "actualClass" : "wwang_1072",
    "authors" : [ 
        "Wei Wang", 
        "xiaohong guan", 
        "xiangliang zhang"
    ],
    "title" : "Fast intrusion detection based on a nonnegative matrix factorization model",
    "year" : 2009,
    "journal" : "Journal of Network and Computer Applications",
    "type" : "ARTICLE"
},

{
    "_id" : "577c432c0227c30f5cf44a2e",
    "actualClass" : "cliu_124",
    "authors" : [ 
        "Chao Liu", 
        "ji wu", 
        "chun wang", 
        "xiao-xia jia"
    ],
    "title" : "Mining Open Source Component Behavior for Reuse Evaluation",
    "year" : 2008,
    "journal" : "International Conference on Software Reuse",
    "type" : "ARTICLE"
},

{
    "_id" : "577c432c0227c30f5cf44a2f",
    "actualClass" : "yhe_1198",
    "authors" : [ 
        "Ying He", 
        "xin li", 
        "xiaohu guo", 
        "hongyu wang", 
        "xianfeng gu", 
        "hong qin"
    ],
    "title" : "Harmonic volumetric mapping for solid modeling applications",
    "year" : 2007,
    "journal" : "Symposium on Solid Modeling and Applications",
    "type" : "ARTICLE"
},

{
    "_id" : "577c432c0227c30f5cf44a30",
    "actualClass" : "cli_128",
    "authors" : [ 
        "Chen Li", 
        "daniela tulone", 
        "chee-keng yap"
    ],
    "title" : "Randomized Zero Testing of Radical Expressions and Elementary Geometry Theorem Proving",
    "year" : 2000,
    "journal" : "Automated Deduction in Geometry",
    "type" : "ARTICLE"
},

{
    "_id" : "577c432c0227c30f5cf44a31",
    "actualClass" : "fli_229",
    "authors" : [ 
        "Fei-Fei Li", 
        "robert fergus", 
        "pietro perona", 
        "andrew zisserman"
    ],
    "title" : "Learning Object Categories from Google's Image Search",
    "year" : 2005,
    "journal" : "International Conference on Computer Vision",
    "type" : "ARTICLE"
},

{
    "_id" : "577c432c0227c30f5cf44a32",
    "actualClass" : "pzhang_828",
    "authors" : [ 
        "Ping Zhang", 
        "hui tian", 
        "shuang wang", 
        "youjun gao", 
        "qiaoyun sun"
    ],
    "title" : "A QoS-Guarantee Resource Allocation Scheme in Multi-User MIMO-OFDM Systems",
    "year" : 2007,
    "journal" : "Vehicular Technology Conference",
    "type" : "ARTICLE"
},

{
    "_id" : "577c432c0227c30f5cf44a33",
    "actualClass" : "qzhu_837",
    "authors" : [ 
        "Qiang Zhu", 
        "san-yang liu", 
        "min xu"
    ],
    "title" : "On conditional diagnosability of the folded hypercubes",
    "year" : 2008,
    "journal" : "Information Sciences",
    "type" : "ARTICLE"
},

{
    "_id" : "577c432c0227c30f5cf44a34",
    "actualClass" : "ppapadimitriou_794",
    "authors" : [ 
        "Panagiotis Papadimitriou", 
        "hector garcia-molina"
    ],
    "title" : "A Model for Data Leakage Detection",
    "year" : 2009,
    "journal" : "International Conference on Data Engineering",
    "type" : "ARTICLE"
},

{
    "_id" : "577c432c0227c30f5cf44a35",
    "actualClass" : "pwillett_819",
    "authors" : [ 
        "Peter Willett", 
        "john w. raymond"
    ],
    "title" : "Similarity Searching in Databases of Flexible 3D Structures Using Smoothed Bounded Distance Matrices",
    "year" : 2003,
    "journal" : "Journal of Chemical Information and Computer Sciences",
    "type" : "ARTICLE"
},

{
    "_id" : "577c432c0227c30f5cf44a36",
    "actualClass" : "abirk_51",
    "authors" : [ 
        "Andreas Birk", 
        "ivan delchev"
    ],
    "title" : "Vectorization of Grid Maps by an Evolutionary Algorithm",
    "year" : 2006,
    "journal" : "RoboCup",
    "type" : "ARTICLE"
},

{
    "_id" : "577c432c0227c30f5cf44a37",
    "actualClass" : "lzhang_512",
    "authors" : [ 
        "Lei Zhang", 
        "changhu wang", 
        "feng jing", 
        "hongjiang zhang"
    ],
    "title" : "Image annotation refinement using random walk with restarts",
    "year" : 2006,
    "journal" : "ACM Multimedia Conference",
    "type" : "ARTICLE"
},

{
    "_id" : "577c432c0227c30f5cf44a3f",
    "actualClass" : "pzhang_829",
    "authors" : [ 
        "Ping Zhang", 
        "gary chartrand", 
        "ladislav nebesky"
    ],
    "title" : "Greedy F-colorings of graphs",
    "year" : 2003,
    "journal" : "Discrete Mathematics",
    "type" : "ARTICLE"
},

{
    "_id" : "577c432c0227c30f5cf44a38",
    "actualClass" : "lchen_506",
    "authors" : [ 
        "Lei Chen", 
        "xiang lian"
    ],
    "title" : "Efficient join processing on uncertain data streams",
    "year" : 2009,
    "journal" : "International Conference on Information and Knowledge Management",
    "type" : "ARTICLE"
},

{
    "_id" : "577c432c0227c30f5cf44a39",
    "actualClass" : "jzeng_374",
    "authors" : [ 
        "Jianchao Zeng", 
        "aya sayedelahl", 
        "r. phillip bording", 
        "mohamed f. chouikha"
    ],
    "title" : "A Study of Seismic Inverse Methods for Radar Signal Processing",
    "year" : 2005,
    "journal" : "Applied Imagery Pattern Recognition Workshop",
    "type" : "ARTICLE"
},

{
    "_id" : "577c432c0227c30f5cf44a3a",
    "actualClass" : "rkumar_856",
    "authors" : [ 
        "Rajesh Kumar", 
        "sorabh gandhi", 
        "subhash surii"
    ],
    "title" : "Target Counting under Minimal Sensing: Complexity and Approximations",
    "year" : 2008,
    "journal" : "Algorithmic Aspects of Wireless Sensor Networks",
    "type" : "ARTICLE"
},

{
    "_id" : "577c432c0227c30f5cf44a3b",
    "actualClass" : "xliu_1119",
    "authors" : [ 
        "Xiaoming Liu", 
        "kurt maly", 
        "mohammad zubair", 
        "michael l. nelson"
    ],
    "title" : "Arc: an OAI service provider for cross-archive searching",
    "year" : 2001,
    "journal" : "ACM/IEEE Joint Conference on Digital Libraries",
    "type" : "ARTICLE"
},

{
    "_id" : "577c432c0227c30f5cf44a3c",
    "actualClass" : "wli_1055",
    "authors" : [ 
        "Wei Li", 
        "yaduo liu", 
        "xiangyang xue"
    ],
    "title" : "Robust audio identification for MP3 popular music",
    "year" : 2010,
    "journal" : "Research and Development in Information Retrieval",
    "type" : "ARTICLE"
},

{
    "_id" : "577c432c0227c30f5cf44a3d",
    "actualClass" : "cjacobi_143",
    "authors" : [ 
        "Christian Jacobi", 
        "cedric lichtenau"
    ],
    "title" : "Highly Concurrent Locking in Shared Memory Database Systems",
    "year" : 1999,
    "journal" : "European Conference on Parallel Processing",
    "type" : "ARTICLE"
},

{
    "_id" : "577c432c0227c30f5cf44a40",
    "actualClass" : "abirk_51",
    "authors" : [ 
        "Andreas Birk", 
        "minoru asada", 
        "raffaello d'andrea", 
        "hiroaki kitano", 
        "manuela m. veloso"
    ],
    "title" : "Robotics in Edutainment",
    "year" : 2000,
    "journal" : "International Conference on Robotics and Automation",
    "type" : "ARTICLE"
},

{
    "_id" : "577c432c0227c30f5cf44a41",
    "actualClass" : "agupta_10",
    "authors" : [ 
        "Ajay Gupta", 
        "manish bhide", 
        "v. chakravarthy", 
        "himanshu gupta", 
        "mukesh k. mohania", 
        "kriti puniyani", 
        "prasan roy", 
        "sourashis roy", 
        "vibhuti s. sengar"
    ],
    "title" : "Enhanced Business Intelligence using EROCS",
    "year" : 2008,
    "journal" : "International Conference on Data Engineering",
    "type" : "ARTICLE"
},

{
    "_id" : "577c432c0227c30f5cf44a42",
    "actualClass" : "lzhang_519",
    "authors" : [ 
        "Lei Zhang", 
        "yong yu", 
        "jian zhou", 
        "chenxi lin", 
        "yin yang"
    ],
    "title" : "An enhanced model for searching in semantic portals",
    "year" : 2005,
    "journal" : "World Wide Web Conference Series",
    "type" : "ARTICLE"
},

{
    "_id" : "577c432c0227c30f5cf44a43",
    "actualClass" : "mtan_721",
    "authors" : [ 
        "Min Tan", 
        "james b. armstrong", 
        "howard jay siegel", 
        "william e. cohen", 
        "henry g. dietz", 
        "jose a. b. fortes"
    ],
    "title" : "Dynamic Task Migration from SPMD to SIMD Virtual Machines",
    "year" : 1994,
    "journal" : "International Conference on Parallel Processing",
    "type" : "ARTICLE"
},

{
    "_id" : "577c432c0227c30f5cf44a44",
    "actualClass" : "gpapadopoulos_254",
    "authors" : [ 
        "George Papadopoulos", 
        "martin brown"
    ],
    "title" : "Feature Sensitivity on Biochemical Signaling Pathways",
    "year" : 2007,
    "journal" : "Symposium on Computational Intelligence in Bioinformatics and Computational Biology",
    "type" : "ARTICLE"
},

{
    "_id" : "577c432c0227c30f5cf44a45",
    "actualClass" : "tmuller_1014",
    "authors" : [ 
        "Thomas Muller"
    ],
    "title" : "SQL-basierte Datenbankzugriffe und XML: Klassifizierung von Anwendungsprogrammen",
    "year" : 2004,
    "journal" : "Workshop Grundlagen von Datenbanken",
    "type" : "ARTICLE"
},

{
    "_id" : "577c432c0227c30f5cf44a46",
    "actualClass" : "swan_986",
    "authors" : [ 
        "Stephen Wan", 
        "binh thai", 
        "aruna seneviratne"
    ],
    "title" : "Executions of \"\"home applications\"\" and service customisations in Integrated Personal Mobility Architecture",
    "year" : 2002,
    "journal" : "International Symposium on Computers and Communications",
    "type" : "ARTICLE"
},

{
    "_id" : "577c432c0227c30f5cf44a47",
    "actualClass" : "amuller_58",
    "authors" : [ 
        "Andreas Muller", 
        "dominik scherer", 
        "sven behnke"
    ],
    "title" : "Evaluation of Pooling Operations in Convolutional Architectures for Object Recognition",
    "year" : 2010,
    "journal" : "Int. Conference on Artificial Neural Networks",
    "type" : "ARTICLE"
},

{
    "_id" : "577c432c0227c30f5cf44a48",
    "actualClass" : "rkumar_860",
    "authors" : [ 
        "Rajesh Kumar"
    ],
    "title" : "Fuzzy ideals and fuzzy semiprime ideals: Some ring theoretic analogues",
    "year" : 1992,
    "journal" : "Information Sciences",
    "type" : "ARTICLE"
},

{
    "_id" : "577c432c0227c30f5cf44a49",
    "actualClass" : "swagner_978",
    "authors" : [ 
        "Stefan Wagner", 
        "hans-dieter kochs"
    ],
    "title" : "An Adjusted Evolutionary Algorithm for the Optimization of Fuzzy Controllers",
    "year" : 1997,
    "journal" : "Fuzzy Days",
    "type" : "ARTICLE"
},

{
    "_id" : "577c432c0227c30f5cf44a4a",
    "actualClass" : "lzhang_522",
    "authors" : [ 
        "Lei Zhang", 
        "lijun zhao", 
        "xiyan hu"
    ],
    "title" : "Linear restriction problem of Hermitian reflexive matrices and its approximation",
    "year" : 2008,
    "journal" : "Applied Mathematics and Computation",
    "type" : "ARTICLE"
},

{
    "_id" : "577c432c0227c30f5cf44a4b",
    "actualClass" : "jreilly_345",
    "authors" : [ 
        "James Reilly", 
        "juha koivisto"
    ],
    "title" : "Cerial: A Tool for XDR or ASN.1 BER Serialization of C++ Objects",
    "year" : 1993,
    "journal" : "Technology of Object-Oriented Languages and Systems",
    "type" : "ARTICLE"
},

{
    "_id" : "577c432c0227c30f5cf44a4c",
    "actualClass" : "swagner_977",
    "authors" : [ 
        "Stefan Wagner", 
        "michael affenzeller", 
        "stephan m. winkler"
    ],
    "title" : "GA-Selection Revisited from an ES-Driven Point of View",
    "year" : 2005,
    "journal" : "Lecture Notes in Computer Science",
    "type" : "ARTICLE"
},

{
    "_id" : "577c432c0227c30f5cf44a4d",
    "actualClass" : "jzhang_369",
    "authors" : [ 
        "Jian Zhang", 
        "xiaohui yuan", 
        "xiaojing yuan", 
        "bill p. buckles"
    ],
    "title" : "Low Level Fusion of Imagery Based on Dempster-Shafer Theory",
    "year" : 2003,
    "journal" : "The Florida AI Research Society Conference",
    "type" : "ARTICLE"
},

{
    "_id" : "577c432c0227c30f5cf44a4e",
    "actualClass" : "lding_528",
    "authors" : [ 
        "Li Ding", 
        "feng yang", 
        "chunxin yang", 
        "xiugan yuan", 
        "yang li"
    ],
    "title" : "Study on the Appraisal Methods of Hand Fatigue",
    "year" : 2007,
    "journal" : "Human-Computer Interaction",
    "type" : "ARTICLE"
},

{
    "_id" : "577c432c0227c30f5cf44a4f",
    "actualClass" : "txie_1003",
    "authors" : [ 
        "Tao Xie", 
        "xiao qin", 
        "andrew sung"
    ],
    "title" : "SAREC: A Security-Aware Scheduling Strategy for Real-Time Applications on Clusters",
    "year" : 2005,
    "journal" : "International Conference on Parallel Processing",
    "type" : "ARTICLE"
},

{
    "_id" : "577c432c0227c30f5cf44a50",
    "actualClass" : "wli_1045",
    "authors" : [ 
        "Wei Li", 
        "peter van beek"
    ],
    "title" : "Guiding Real-World SAT Solving with Dynamic Hypergraph Separator Decomposition",
    "year" : 2004,
    "journal" : "International Conference on Tools with Artificial Intelligence",
    "type" : "ARTICLE"
},

{
    "_id" : "577c432c0227c30f5cf44a51",
    "actualClass" : "agupta_10",
    "authors" : [ 
        "Ajay Gupta", 
        "manish bhide", 
        "mukul joshi", 
        "mukesh k. mohania", 
        "shree raman"
    ],
    "title" : "Policy Framework for Autonomic Data Managemen",
    "year" : 2004,
    "journal" : "International Conference on Autonomic Computing",
    "type" : "ARTICLE"
},

{
    "_id" : "577c432c0227c30f5cf44a52",
    "actualClass" : "pwillett_819",
    "authors" : [ 
        "Peter Willett", 
        "robert d. brown", 
        "geoffrey m. downs", 
        "anthony p. f. cook"
    ],
    "title" : "Hyperstructure model for chemical structure handling: generation and atom-by-atom searching of hyperstructures",
    "year" : 1992,
    "journal" : "Journal of Chemical Information and Computer Sciences",
    "type" : "ARTICLE"
},

{
    "_id" : "577c432c0227c30f5cf44a53",
    "actualClass" : "tmatsuda_998",
    "authors" : [ 
        "Takahiro Matsuda", 
        "nuttapong attrapadung", 
        "goichiro hanaoka", 
        "kanta matsuura", 
        "hideki imai"
    ],
    "title" : "A CDH-Based Strongly Unforgeable Signature Without Collision Resistant Hash Function",
    "year" : 2007,
    "journal" : "Provable Security",
    "type" : "ARTICLE"
},

{
    "_id" : "577c432c0227c30f5cf44a54",
    "actualClass" : "mweber_711",
    "authors" : [ 
        "Michael Weber", 
        "benedikt bollig", 
        "martin leucker"
    ],
    "title" : "Local Parallel Model Checking for the Alternation-Free �-Calculus",
    "year" : 2002,
    "journal" : "SPIN",
    "type" : "ARTICLE"
},

{
    "_id" : "577c432c0227c30f5cf44a55",
    "actualClass" : "ssmirnov_929",
    "authors" : [ 
        "Sergey Smirnov", 
        "ahmed awad", 
        "mathias weske"
    ],
    "title" : "Resolution of Compliance Violation in Business Process Models: A Planning-Based Approach",
    "year" : 2009,
    "journal" : "OTM Workshops",
    "type" : "ARTICLE"
},

{
    "_id" : "577c432c0227c30f5cf44a56",
    "actualClass" : "npapanikolaou_781",
    "authors" : [ 
        "Nikolaos Papanikolaou", 
        "antonis g. gotsis", 
        "dimitris komnakos", 
        "agamemnon yalofas", 
        "philip constantinou"
    ],
    "title" : "Non-ionizing electromagnetic radiation monitoring in Greece",
    "year" : 2008,
    "journal" : "Annales Des T??l??communications",
    "type" : "ARTICLE"
},

{
    "_id" : "577c432c0227c30f5cf44a57",
    "actualClass" : "txie_1003",
    "authors" : [ 
        "Tao Xie", 
        "xiao qin"
    ],
    "title" : "Security-Aware Resource Allocation for Real-Time Parallel Jobs on Homogeneous and Heterogeneous Clusters",
    "year" : 2008,
    "journal" : "IEEE Transactions on Parallel and Distributed Systems",
    "type" : "ARTICLE"
},

{
    "_id" : "577c432c0227c30f5cf44a58",
    "actualClass" : "promano_795",
    "authors" : [ 
        "Paolo Romano", 
        "ezio bartocci", 
        "guglielmo bertolini", 
        "flavio de paoli", 
        "domenico marra", 
        "giancarlo mauri", 
        "emanuela merelli", 
        "luciano milanesi"
    ],
    "title" : "Biowep: a workflow enactment portal for bioinformatics applications",
    "year" : 2007,
    "journal" : "BMC Bioinformatics",
    "type" : "ARTICLE"
},

{
    "_id" : "577c432c0227c30f5cf44a59",
    "actualClass" : "jliu_388",
    "authors" : [ 
        "Jianguo Liu", 
        "zhenbing liu", 
        "guoyou wang"
    ],
    "title" : "An Arbitrary-length and Multiplierless DCT Algorithm and Systolic Implementation",
    "year" : 2010,
    "journal" : "Journal of Computers",
    "type" : "ARTICLE"
},

{
    "_id" : "577c432c0227c30f5cf44a5a",
    "actualClass" : "hwang_293",
    "authors" : [ 
        "Hong Wang"
    ],
    "title" : "On Covering a Bipartite Graph with Cycles",
    "year" : 2001,
    "journal" : "Siam Journal on Discrete Mathematics",
    "type" : "ARTICLE"
},

{
    "_id" : "577c432c0227c30f5cf44a5b",
    "actualClass" : "tludwig_1011",
    "authors" : [ 
        "Thomas Ludwig", 
        "alexandros stamatakis"
    ],
    "title" : "Phylogenetic Tree Inference on PC Architectures with AxML/PAxML",
    "year" : 2003,
    "journal" : "International Parallel and Distributed Processing Symposium/International Parallel Processing Symposium",
    "type" : "ARTICLE"
},

{
    "_id" : "577c432c0227c30f5cf44a5c",
    "actualClass" : "yliu_1149",
    "authors" : [ 
        "Yang Liu", 
        "jianer chen", 
        "fedor v. fomin", 
        "songjian lu", 
        "yngve villanger"
    ],
    "title" : "Improved algorithms for feedback vertex set problems",
    "year" : 2008,
    "journal" : "Journal of Computer and System Sciences",
    "type" : "ARTICLE"
},

{
    "_id" : "577c432c0227c30f5cf44a5d",
    "actualClass" : "jzhang_398",
    "authors" : [ 
        "Jianzhong Zhang", 
        "hailan yang", 
        "gongyi wu"
    ],
    "title" : "On-Demand Resource Allocation for Service Level Guarantee in Grid Environment",
    "year" : 2005,
    "journal" : "Grid and Cooperative Computing",
    "type" : "ARTICLE"
},

{
    "_id" : "577c432c0227c30f5cf44a5e",
    "actualClass" : "ywang_1156",
    "authors" : [ 
        "Yang Wang", 
        "ming zhu", 
        "hua li"
    ],
    "title" : "A distributed Key Message algorithm to optimize the communication in clusters",
    "year" : 2009,
    "journal" : "Parallel Computing",
    "type" : "ARTICLE"
},

{
    "_id" : "577c432c0227c30f5cf44a5f",
    "actualClass" : "jyang_461",
    "authors" : [ 
        "Jun Yang", 
        "qing li", 
        "yueting zhuang"
    ],
    "title" : "OCTOPUS: aggressive search of multimodality data using multifaceted knowledge base",
    "year" : 2002,
    "journal" : "World Wide Web Conference Series",
    "type" : "ARTICLE"
},

{
    "_id" : "577c432c0227c30f5cf44a60",
    "actualClass" : "pbraun_812",
    "authors" : [ 
        "Peter Braun", 
        "dirk ziegenbein", 
        "ulrich freund", 
        "andreas bauer", 
        "jan romberg", 
        "bernhard schatz"
    ],
    "title" : "AutoMoDe - Model-Based Development of Automotive Software",
    "year" : 2007,
    "journal" : "Computing Research Repository",
    "type" : "ARTICLE"
},

{
    "_id" : "577c432c0227c30f5cf44a61",
    "actualClass" : "jsun_443",
    "authors" : [ 
        "Jun Sun", 
        "jin song dong", 
        "ping hao", 
        "shengchao qin", 
        "wang yi"
    ],
    "title" : "Timed Automata Patterns",
    "year" : 2008,
    "journal" : "IEEE Transactions on Software Engineering",
    "type" : "ARTICLE"
},

{
    "_id" : "577c432c0227c30f5cf44a62",
    "actualClass" : "lxiao_544",
    "authors" : [ 
        "Liang Xiao", 
        "des greer"
    ],
    "title" : "A Hierarchical Agent-oriented Knowledge Model for Multi-Agent Systems",
    "year" : 2006,
    "journal" : "Software Engineering and Knowledge Engineering",
    "type" : "ARTICLE"
},

{
    "_id" : "577c432c0227c30f5cf44a63",
    "actualClass" : "mschneider_705",
    "authors" : [ 
        "Michael Schneider", 
        "markus ruckert", 
        "dominique schroder"
    ],
    "title" : "Generic Constructions for Verifiably Encrypted Signatures without Random Oracles or NIZKs",
    "year" : 2010,
    "journal" : "Applied Cryptography and Network Security",
    "type" : "ARTICLE"
},

{
    "_id" : "577c432c0227c30f5cf44a64",
    "actualClass" : "mmuller_647",
    "authors" : [ 
        "Martin Muller", 
        "akihiro kishimoto"
    ],
    "title" : "Dynamic Decomposition Search: A Divide and Conquer Approach and its Application to the One-Eye Problem in Go",
    "year" : 2005,
    "journal" : "IEEE Symposium on Computational Intelligence and Games",
    "type" : "ARTICLE"
},

{
    "_id" : "577c432c0227c30f5cf44a65",
    "actualClass" : "yliu_1139",
    "authors" : [ 
        "Yan Liu", 
        "wang qiang", 
        "junyong luo"
    ],
    "title" : "Exploiting Link Analysis with a Three-Layer Web Structure Model",
    "year" : 2006,
    "journal" : "Web Information Systems Engineering",
    "type" : "ARTICLE"
},

{
    "_id" : "577c432c0227c30f5cf44a66",
    "actualClass" : "ajain_3",
    "authors" : [ 
        "Abhishek Jain", 
        "vipul goyal", 
        "rafail ostrovsky"
    ],
    "title" : "Password-Authenticated Session-Key Generation on the Internet in the Plain Model",
    "year" : 2010,
    "journal" : "International Crytology Conference",
    "type" : "ARTICLE"
},

{
    "_id" : "577c432c0227c30f5cf44a67",
    "actualClass" : "lzhang_525",
    "authors" : [ 
        "Lei Zhang", 
        "zhang yi", 
        "yan zhang", 
        "xiaoming li"
    ],
    "title" : "Exploring both Content and Link Quality for Anti-Spamming",
    "year" : 2006,
    "journal" : "Conference on Computer and Information Technology",
    "type" : "ARTICLE"
},

{
    "_id" : "577c432c0227c30f5cf44a68",
    "actualClass" : "cschmidt_146",
    "authors" : [ 
        "Christian Schmidt", 
        "jurgen branke", 
        "stephan meisel"
    ],
    "title" : "Simulated annealing in the presence of noise",
    "year" : 2008,
    "journal" : "Journal of Heuristics",
    "type" : "ARTICLE"
},

{
    "_id" : "577c432c0227c30f5cf44a69",
    "actualClass" : "kchen_487",
    "authors" : [ 
        "Ke Chen", 
        "shihai wang"
    ],
    "title" : "Ensemble Learning with Active Data Selection for Semi-Supervised Pattern Classification",
    "year" : 2007,
    "journal" : "IJCNN",
    "type" : "ARTICLE"
},

{
    "_id" : "577c432c0227c30f5cf44a6a",
    "actualClass" : "jahn_469",
    "authors" : [ 
        "Jung-Ho Ahn", 
        "byungjun son", 
        "ji-hyun park", 
        "yillbyung lee"
    ],
    "title" : "Identification of Humans Using Robust Biometric Features",
    "year" : 2004,
    "journal" : "International Workshop on Structural and Syntactic Pattern Recognition",
    "type" : "ARTICLE"
},

{
    "_id" : "577c432c0227c30f5cf44a6b",
    "actualClass" : "kschmidt_482",
    "authors" : [ 
        "Karsten Schmidt"
    ],
    "title" : "LoLA wird Pfadfinder",
    "year" : 1999,
    "journal" : "Algorithmen und Werkzeuge f??r Petrinetze",
    "type" : "ARTICLE"
},

{
    "_id" : "577c432c0227c30f5cf44a6c",
    "actualClass" : "wwang_1071",
    "authors" : [ 
        "Wei Wang", 
        "bo zhang", 
        "xiaoling wang", 
        "aoying zhou"
    ],
    "title" : "AB-Index: An Efficient Adaptive Index for Branching XML Queries",
    "year" : 2007,
    "journal" : "Database Systems for Advanced Applications",
    "type" : "ARTICLE"
},

{
    "_id" : "577c432c0227c30f5cf44a6d",
    "actualClass" : "xli_1101",
    "authors" : [ 
        "Xiang Li", 
        "david kensche", 
        "christoph quix", 
        "yong li"
    ],
    "title" : "GeRoMeSuite: A System for Holistic Generic Model Management",
    "year" : 2007,
    "journal" : "Very Large Data Bases",
    "type" : "ARTICLE"
},

{
    "_id" : "577c432c0227c30f5cf44a6e",
    "actualClass" : "qxu_842",
    "authors" : [ 
        "Qing Xu", 
        "huaiqing he", 
        "tianbao wang", 
        "yaoyu xing"
    ],
    "title" : "Photon Mapping Parallel Based on Shared Memory System",
    "year" : 2009,
    "journal" : "Computer Graphics, Imaging and Vision",
    "type" : "ARTICLE"
},

{
    "_id" : "577c432c0227c30f5cf44a6f",
    "actualClass" : "hhu_282",
    "authors" : [ 
        "He Hu", 
        "yihe sun"
    ],
    "title" : "Test-Point Selection Algorithm Using Small Signal Model for Scan-Based BIST",
    "year" : 2003,
    "journal" : "Asian Test Symposium",
    "type" : "ARTICLE"
},

{
    "_id" : "577c432c0227c30f5cf44a70",
    "actualClass" : "dbrown_167",
    "authors" : [ 
        "Daniel G. Brown", 
        "jinbo xu", 
        "ming li", 
        "bin ma"
    ],
    "title" : "Optimizing Multiple Spaced Seeds for Homology Search",
    "year" : 2006,
    "journal" : "Journal of Computational Biology",
    "type" : "ARTICLE"
},

{
    "_id" : "577c432c0227c30f5cf44a71",
    "actualClass" : "lding_530",
    "authors" : [ 
        "Li Ding", 
        "shervin shirmohammadi", 
        "nicolas d. georganas"
    ],
    "title" : "An Approach for Recording Multimedia Collaborative Sessions: Design and Implementation",
    "year" : 2003,
    "journal" : "Multimedia Tools and Applications",
    "type" : "ARTICLE"
},

{
    "_id" : "577c432c0227c30f5cf44a72",
    "actualClass" : "kwalczak_500",
    "authors" : [ 
        "Krzysztof Walczak", 
        "pawel terlecki"
    ],
    "title" : "Efficient Discovery of Top-K Minimal Jumping Emerging Patterns",
    "year" : 2008,
    "journal" : "Rough Sets and Current Trends in Computing",
    "type" : "ARTICLE"
},

{
    "_id" : "577c432c0227c30f5cf44a73",
    "actualClass" : "ssmith_923",
    "authors" : [ 
        "Scott F. Smith", 
        "james f. frenzel"
    ],
    "title" : "Bioinformatic searches using a single-chip shared-memory multiprocessor",
    "year" : 2006,
    "journal" : "Future Generation Computer Systems",
    "type" : "ARTICLE"
},

{
    "_id" : "577c432c0227c30f5cf44a74",
    "actualClass" : "cliu_125",
    "authors" : [ 
        "Chao Liu", 
        "chien-chern cheah", 
        "jean-jacques e. slotine"
    ],
    "title" : "Experiments on Adaptive Control of Robots with Uncertain Kinematics and Dynamics",
    "year" : 2004,
    "journal" : "International Symposium on Experimental Robotics",
    "type" : "ARTICLE"
},

{
    "_id" : "577c432c0227c30f5cf44a75",
    "actualClass" : "lchen_550",
    "authors" : [ 
        "Lijun Chen", 
        "yingchi mao", 
        "daoxu chen"
    ],
    "title" : "A Location-Unaware Connected Coverage Protocol in Wireless Sensor Networks",
    "year" : 2007,
    "journal" : "Ubiquitous Intelligence and Computing",
    "type" : "ARTICLE"
},

{
    "_id" : "577c432c0227c30f5cf44a76",
    "actualClass" : "tokita_1028",
    "authors" : [ 
        "Tsuyoshi Okita", 
        "yoshinori dobashi", 
        "tomoyuki nishita", 
        "hideo yamashita"
    ],
    "title" : "Using metaballs to modeling and animate clouds from satellite images",
    "year" : 1999,
    "journal" : "The Visual Computer",
    "type" : "ARTICLE"
},

{
    "_id" : "577c432c0227c30f5cf44a77",
    "actualClass" : "jfan_391",
    "authors" : [ 
        "Jianping Fan", 
        "dingju zhu"
    ],
    "title" : "Flexible Grid Client",
    "year" : 2007,
    "journal" : "Grid and Cooperative Computing",
    "type" : "ARTICLE"
},

{
    "_id" : "577c432c0227c30f5cf44a78",
    "actualClass" : "ychen_1167",
    "authors" : [ 
        "Yi Chen"
    ],
    "title" : "Discovering Ordered Tree Patterns from XML Queries",
    "year" : 2004,
    "journal" : "Pacific-Asia Conference on Knowledge Discovery and Data Mining",
    "type" : "ARTICLE"
},

{
    "_id" : "577c432c0227c30f5cf44a79",
    "actualClass" : "rwang_884",
    "authors" : [ 
        "Rui Wang", 
        "minghao pan", 
        "weifeng chen", 
        "kun zhou", 
        "hujun bao"
    ],
    "title" : "Fast, Sub-pixel Antialiased Shadow Maps",
    "year" : 2009,
    "journal" : "Computer Graphics Forum",
    "type" : "ARTICLE"
},

{
    "_id" : "577c432c0227c30f5cf44a7a",
    "actualClass" : "hxie_276",
    "authors" : [ 
        "Haiyong Xie", 
        "yang richard yang", 
        "avi silberschatz"
    ],
    "title" : "Towards an ISP-Compliant, Peer-Friendly Design for Peer-to-Peer Networks",
    "year" : 2008,
    "journal" : "Networking",
    "type" : "ARTICLE"
},

{
    "_id" : "577c432c0227c30f5cf44a7b",
    "actualClass" : "jzeng_374",
    "authors" : [ 
        "Jianchao Zeng", 
        "john j. bauer", 
        "seong k. mun"
    ],
    "title" : "Modeling and mapping of prostate cancer",
    "year" : 2000,
    "journal" : "Computers & Graphics",
    "type" : "ARTICLE"
},

{
    "_id" : "577c432c0227c30f5cf44a7c",
    "actualClass" : "lchen_506",
    "authors" : [ 
        "Lei Chen", 
        "xiaoming chen", 
        "zhoujun li", 
        "yongzhen zhuang", 
        "jinsong han"
    ],
    "title" : "HAND: An Overlay Optimization Algorithm in Peer-to-Peer Systems",
    "year" : 2006,
    "journal" : "High Performance Computing and Communications",
    "type" : "ARTICLE"
},

{
    "_id" : "577c432c0227c30f5cf44a7d",
    "actualClass" : "slandau_991",
    "authors" : [ 
        "Susan Landau", 
        "milind sardesai", 
        "christopher figge", 
        "mark bodner", 
        "meridith crosby", 
        "jill hansen", 
        "jorge a. quillfeldt", 
        "annette ostling", 
        "sydni vuong", 
        "gordon l. shaw"
    ],
    "title" : "Reliable short-term memory in the trion model: toward a cortical language and grammar",
    "year" : 2001,
    "journal" : "Biological Cybernetics",
    "type" : "ARTICLE"
},

{
    "_id" : "577c432c0227c30f5cf44a7e",
    "actualClass" : "wwang_1069",
    "authors" : [ 
        "Wei Wang", 
        "zhihui wang", 
        "baile shi", 
        "s. h. boey"
    ],
    "title" : "Privacy-Preserving Frequent Pattern Sharing",
    "year" : 2007,
    "journal" : "Database Systems for Advanced Applications",
    "type" : "ARTICLE"
},

{
    "_id" : "577c432c0227c30f5cf44a7f",
    "actualClass" : "jchoi_331",
    "authors" : [ 
        "Jae-Ho Choi", 
        "shin-hyoung kim", 
        "jong-whan jang", 
        "seung phil lee"
    ],
    "title" : "Accurate Contouring Technique for Object Boundary Extraction in Stereoscopic Imageries",
    "year" : 2005,
    "journal" : "Computational and Information Science",
    "type" : "ARTICLE"
},

{
    "_id" : "577c432c0227c30f5cf44a81",
    "actualClass" : "yliu_1150",
    "authors" : [ 
        "Yang Liu", 
        "jun sun"
    ],
    "title" : "Algorithmic Design Using Object-Z for Twig XML Queries Evaluation",
    "year" : 2006,
    "journal" : "Electronic Notes in Theoretical Computer Science",
    "type" : "ARTICLE"
},

{
    "_id" : "577c432c0227c30f5cf44a82",
    "actualClass" : "wli_1051",
    "authors" : [ 
        "Wei Li", 
        "yili gong", 
        "fangpeng dong", 
        "zhiwei xu"
    ],
    "title" : "VEGA Infrastructure for Resource Discovery in Grids",
    "year" : 2003,
    "journal" : "Journal of Computer Science and Technology",
    "type" : "ARTICLE"
},

{
    "_id" : "577c432c0227c30f5cf44a83",
    "actualClass" : "lxiao_544",
    "authors" : [ 
        "Liang Xiao", 
        "paul h. lewis", 
        "srinandan dasmahapatra"
    ],
    "title" : "Secure Interaction Models for the HealthAgents System",
    "year" : 2008,
    "journal" : "International Conference on Computer Safety, Reliability and Security",
    "type" : "ARTICLE"
},

{
    "_id" : "577c432c0227c30f5cf44a84",
    "actualClass" : "aschmidt_21",
    "authors" : [ 
        "Albrecht Schmidt", 
        "martin l. kersten", 
        "menzo windhouwer"
    ],
    "title" : "Querying XML Documents Made Easy: Nearest Concept Queries",
    "year" : 2001,
    "journal" : "International Conference on Data Engineering",
    "type" : "ARTICLE"
},

{
    "_id" : "577c432c0227c30f5cf44a85",
    "actualClass" : "jyang_457",
    "authors" : [ 
        "Jun Yang", 
        "adam silberstein", 
        "alan gelfand", 
        "kamesh munagala", 
        "gavino puggioni"
    ],
    "title" : "Making Sense of Suppressions and Failures in Sensor Data: A Bayesian Approach",
    "year" : 2007,
    "journal" : "Very Large Data Bases",
    "type" : "ARTICLE"
},

{
    "_id" : "577c432c0227c30f5cf44a86",
    "actualClass" : "jkim_333",
    "authors" : [ 
        "Jae-Hoon Kim", 
        "sanguk lee", 
        "sungki cho"
    ],
    "title" : "KOMPSAT-2 S/W Simulator",
    "year" : 2004,
    "journal" : "Asian Simulation Conference",
    "type" : "ARTICLE"
},

{
    "_id" : "577c432c0227c30f5cf44a87",
    "actualClass" : "bfischer_75",
    "authors" : [ 
        "Bernd Fischer", 
        "jon whittle"
    ],
    "title" : "An Integration of Deductive Retrieval into Deductive Synthesis",
    "year" : 1999,
    "journal" : "Automated Software Engineering",
    "type" : "ARTICLE"
},

{
    "_id" : "577c432c0227c30f5cf44a88",
    "actualClass" : "mjohnson_667",
    "authors" : [ 
        "Matthew Johnson", 
        "anthony j. w. hilton"
    ],
    "title" : "Amalgamations of factorizations of complete equipartite graphs",
    "year" : 2004,
    "journal" : "Discrete Mathematics",
    "type" : "ARTICLE"
},

{
    "_id" : "577c432c0227c30f5cf44a89",
    "actualClass" : "wli_1057",
    "authors" : [ 
        "Wei Li", 
        "huaming zhang", 
        "raed shatnawi"
    ],
    "title" : "A Graph-Based Representation of Object-Oriented Designs",
    "year" : 2006,
    "journal" : "Software Engineering Research and Practice",
    "type" : "ARTICLE"
},

{
    "_id" : "577c432c0227c30f5cf44a8a",
    "actualClass" : "mhoffmann_687",
    "authors" : [ 
        "Michael Hoffmann", 
        "richard bruce", 
        "danny krizanc", 
        "rajeev raman"
    ],
    "title" : "Efficient Update Strategies for Geometric Computing with Uncertainty",
    "year" : 2005,
    "journal" : "Theory of Computing Systems / Mathematical Systems Theory",
    "type" : "ARTICLE"
},

{
    "_id" : "577c432c0227c30f5cf44a8b",
    "actualClass" : "txie_1003",
    "authors" : [ 
        "Tao Xie", 
        "xiao qin"
    ],
    "title" : "Towards a Security Service Integration Framework for Distributed Real-Time Systems",
    "year" : 2005,
    "journal" : "ISCA International Conference on Parallel and Distributed Computing Systems",
    "type" : "ARTICLE"
},

{
    "_id" : "577c432c0227c30f5cf44a8c",
    "actualClass" : "jliu_386",
    "authors" : [ 
        "Jianguo Liu", 
        "luxi yang"
    ],
    "title" : "Transmit Antenna Selection for V-BLAST MIMO System Based on Extended Channel Matrix Analysis",
    "year" : 2008,
    "journal" : "Journal of Circuits, Systems, and Computers",
    "type" : "ARTICLE"
},

{
    "_id" : "577c432c0227c30f5cf44a8d",
    "actualClass" : "hzhu_295",
    "authors" : [ 
        "Hongwei Zhu", 
        "stuart e. madnick", 
        "michael siegel"
    ],
    "title" : "Representation and Reasoning About Changing Semantics in Heterogeneous Data Sources",
    "year" : 2004,
    "journal" : "International Semantic Web Conference",
    "type" : "ARTICLE"
},

{
    "_id" : "577c432c0227c30f5cf44a8e",
    "actualClass" : "yqi_1146",
    "authors" : [ 
        "Yan Qi", 
        "jianbo gao", 
        "yinhe cao", 
        "wen-wen tung"
    ],
    "title" : "Deriving a Novel Codon Index by Combining Period3 and Fractal Features of DNA Sequences",
    "year" : 2004,
    "journal" : "IEEE Computer Society Bioinformatics Conference",
    "type" : "ARTICLE"
},

{
    "_id" : "577c432c0227c30f5cf44a8f",
    "actualClass" : "kroy_485",
    "authors" : [ 
        "Kaushik Roy", 
        "prabir bhattacharya"
    ],
    "title" : "Application of Multi-objective Genetic Algorithm and asymmetrical Support Vector Machine to improve the reliability of an iris recognition system",
    "year" : 2007,
    "journal" : "IEEE International Conference on Systems, Man, and Cybernetics",
    "type" : "ARTICLE"
},

{
    "_id" : "577c432c0227c30f5cf44a90",
    "actualClass" : "mlang_696",
    "authors" : [ 
        "Michael Lang", 
        "kevin j. barker", 
        "kei davis", 
        "adolfy hoisie", 
        "darren j. kerbyson", 
        "scott pakin", 
        "jose carlos sancho"
    ],
    "title" : "Using Performance Modeling to Design Large-Scale Systems",
    "year" : 2009,
    "journal" : "IEEE Computer",
    "type" : "ARTICLE"
},

{
    "_id" : "577c432c0227c30f5cf44a91",
    "actualClass" : "gyang_262",
    "authors" : [ 
        "Guang Yang", 
        "mario gerla", 
        "medy sanadidi"
    ],
    "title" : "Adaptive Video Streaming in Presence of Wireless Errors",
    "year" : 2004,
    "journal" : "International Conference on Management of Multimedia Networks and Services",
    "type" : "ARTICLE"
},

{
    "_id" : "577c432c0227c30f5cf44a92",
    "actualClass" : "mjiang_741",
    "authors" : [ 
        "Minghui Jiang", 
        "yongqing zhao"
    ],
    "title" : "Global and Local Synchronization of General Multi-linked Delayed Complex Dynamical Networks",
    "year" : 2009,
    "journal" : "International Symposium on Neural Networks",
    "type" : "ARTICLE"
},

{
    "_id" : "577c432c0227c30f5cf44a93",
    "actualClass" : "wding_1043",
    "authors" : [ 
        "Wei Ding", 
        "rachsuda jiamthapthaksin", 
        "rachana parmar", 
        "dan jiang", 
        "tomasz f. stepinski", 
        "christoph f. eick"
    ],
    "title" : "Towards Region Discovery in Spatial Datasets",
    "year" : 2008,
    "journal" : "Pacific-Asia Conference on Knowledge Discovery and Data Mining",
    "type" : "ARTICLE"
},

{
    "_id" : "577c432c0227c30f5cf44a94",
    "actualClass" : "mzhao_738",
    "authors" : [ 
        "Ming Zhao", 
        "zhendong luo", 
        "junshi liu", 
        "yuanan liu", 
        "jinchun gao"
    ],
    "title" : "Double-orthogonal coded space-time-frequency spreading CDMA scheme",
    "year" : 2006,
    "journal" : "IEEE Journal on Selected Areas in Communications",
    "type" : "ARTICLE"
},

{
    "_id" : "577c432c0227c30f5cf44a95",
    "actualClass" : "bfischer_75",
    "authors" : [ 
        "Bernd Fischer", 
        "ewen denney"
    ],
    "title" : "Extending Source Code Generators for Evidence-Based Software Certification",
    "year" : 2006,
    "journal" : "Leveraging Applications of Formal Methods",
    "type" : "ARTICLE"
},

{
    "_id" : "577c432c0227c30f5cf44a96",
    "actualClass" : "wwang_1070",
    "authors" : [ 
        "Wei Wang", 
        "jinze liu", 
        "qi zhang", 
        "leonard mcmillan", 
        "jan prins"
    ],
    "title" : "PoClustering: Lossless Clustering of Dissimilarity Data",
    "year" : 2007,
    "journal" : "SIAM International Conference on Data Mining",
    "type" : "ARTICLE"
},

{
    "_id" : "577c432c0227c30f5cf44a97",
    "actualClass" : "lding_526",
    "authors" : [ 
        "Li Ding", 
        "qinwei xu", 
        "pinaki mazumder"
    ],
    "title" : "Novel macromodeling for on-chip RC/RLC interconnects",
    "year" : 2002,
    "journal" : "IEEE International Symposium on Circuits and Systems",
    "type" : "ARTICLE"
},

{
    "_id" : "577c432c0227c30f5cf44a98",
    "actualClass" : "sroy_905",
    "authors" : [ 
        "Sebastien Roy", 
        "jean-francois boudreault", 
        "louis dupont"
    ],
    "title" : "An end-to-end prototyping framework for compliant wireless LAN transceivers with smart antennas",
    "year" : 2008,
    "journal" : "Computer Communications",
    "type" : "ARTICLE"
},

{
    "_id" : "577c432c0227c30f5cf44a99",
    "actualClass" : "yhe_1199",
    "authors" : [ 
        "Ying He", 
        "jason liu", 
        "yue li"
    ],
    "title" : "A Large-scale Real-time Network Simulation Study using PRIME",
    "year" : 2009,
    "journal" : "Winter Simulation Conference",
    "type" : "ARTICLE"
},

{
    "_id" : "577c432c0227c30f5cf44a9a",
    "actualClass" : "sparthasarathy_962",
    "authors" : [ 
        "Srinivasan Parthasarathy", 
        "rajiv gandhi", 
        "samir khuller", 
        "aravind srinivasan"
    ],
    "title" : "Dependent rounding and its applications to approximation algorithms",
    "year" : 2006,
    "journal" : "Journal of The ACM",
    "type" : "ARTICLE"
},

{
    "_id" : "577c432c0227c30f5cf44a9b",
    "actualClass" : "lboyer_504",
    "authors" : [ 
        "Laurent Boyer", 
        "marc bernard", 
        "amaury habrard", 
        "marc sebban"
    ],
    "title" : "Learning probabilistic models of tree edit distance",
    "year" : 2008,
    "journal" : "Pattern Recognition",
    "type" : "ARTICLE"
},

{
    "_id" : "577c432c0227c30f5cf44a9c",
    "actualClass" : "lchen_506",
    "authors" : [ 
        "Lei Chen", 
        "wenwei xue", 
        "qiong luo", 
        "yunhao liu"
    ],
    "title" : "Contour map matching for event detection in sensor networks",
    "year" : 2006,
    "journal" : "International Conference on Management of Data",
    "type" : "ARTICLE"
},

{
    "_id" : "577c432c0227c30f5cf44a9d",
    "actualClass" : "mzhao_734",
    "authors" : [ 
        "Ming Zhao", 
        "zhenning shi", 
        "he wang", 
        "mark c. reed"
    ],
    "title" : "An uplink analytical model for two-tiered 3G femtocell networks",
    "year" : 2010,
    "journal" : "Modeling and Optimization in Mobile, Ad-Hoc and Wireless Networks",
    "type" : "ARTICLE"
},

{
    "_id" : "577c432c0227c30f5cf44a9e",
    "actualClass" : "fluo_232",
    "authors" : [ 
        "Feng Luo", 
        "yong-liang yang", 
        "ren guo", 
        "shi-min hu", 
        "xianfeng gu"
    ],
    "title" : "Generalized Discrete Ricci Flow",
    "year" : 2009,
    "journal" : "Computer Graphics Forum",
    "type" : "ARTICLE"
},

{
    "_id" : "577c432c0227c30f5cf44a9f",
    "actualClass" : "jzhang_373",
    "authors" : [ 
        "Jian Zhang", 
        "chunmei wang", 
        "junzhong zou", 
        "zhisuo zhang", 
        "chongming zhang"
    ],
    "title" : "Classifying Detection of Epileptic EEG Based on Approximate Entropy in Wavelet Domain",
    "year" : 2009,
    "journal" : "International Conference on BioMedical Engineering and Informatics",
    "type" : "ARTICLE"
},

{
    "_id" : "577c432c0227c30f5cf44aa0",
    "actualClass" : "jzhang_361",
    "authors" : [ 
        "Jian Zhang", 
        "jun yang"
    ],
    "title" : "Offline Swimmer Cap Tracking Using Trajectory Interpolation",
    "year" : 2007,
    "journal" : "Digital Image Computing: Techniques and Applications",
    "type" : "ARTICLE"
},

{
    "_id" : "577c432c0227c30f5cf44aa1",
    "actualClass" : "agoyal_37",
    "authors" : [ 
        "Amit Goyal", 
        "on byung-won", 
        "francesco bonchi", 
        "laks v. s. lakshmanan"
    ],
    "title" : "GuruMine: A Pattern Mining System for Discovering Leaders and Tribes",
    "year" : 2009,
    "journal" : "International Conference on Data Engineering",
    "type" : "ARTICLE"
},

{
    "_id" : "577c432c0227c30f5cf44aa2",
    "actualClass" : "abirk_51",
    "authors" : [ 
        "Andreas Birk", 
        "thomas walle", 
        "tony belpaeme", 
        "holger kenn"
    ],
    "title" : "The VUB AI-lab RoboCup'99 Small League Team",
    "year" : 1999,
    "journal" : "RoboCup",
    "type" : "ARTICLE"
},

{
    "_id" : "577c432c0227c30f5cf44aa3",
    "actualClass" : "mkuhn_692",
    "authors" : [ 
        "Michael Kuhn", 
        "stefan schmid", 
        "roger wattenhofer"
    ],
    "title" : "Distributed asymmetric verification in computational grids",
    "year" : 2008,
    "journal" : "International Parallel and Distributed Processing Symposium/International Parallel Processing Symposium",
    "type" : "ARTICLE"
},

{
    "_id" : "577c432c0227c30f5cf44aa4",
    "actualClass" : "jyang_460",
    "authors" : [ 
        "Jun Yang", 
        "yan luo", 
        "jia yu", 
        "laxmi n. bhuyan"
    ],
    "title" : "Low power network processor design using clock gating",
    "year" : 2005,
    "journal" : "Design Automation Conference",
    "type" : "ARTICLE"
},

{
    "_id" : "577c432c0227c30f5cf44aa5",
    "actualClass" : "hzhang_314",
    "authors" : [ 
        "Hui Zhang", 
        "brian b. avants", 
        "paul a. yushkevich", 
        "john h. woo", 
        "sumei wang", 
        "leo f. mccluskey", 
        "lauren b. elman", 
        "elias r. melhem", 
        "james c. gee"
    ],
    "title" : "High-Dimensional Spatial Normalization of Diffusion Tensor Images Improves the Detection of White Matter Differences: An Example Study Using Amyotrophic Lateral Sclerosis",
    "year" : 2007,
    "journal" : "IEEE Transactions on Medical Imaging",
    "type" : "ARTICLE"
},

{
    "_id" : "577c432c0227c30f5cf44aa6",
    "actualClass" : "qma_838",
    "authors" : [ 
        "Qin Ma", 
        "luc maranget"
    ],
    "title" : "Algebraic pattern matching in join calculus",
    "year" : 2008,
    "journal" : "Computing Research Repository",
    "type" : "ARTICLE"
},

{
    "_id" : "577c432c0227c30f5cf44aa7",
    "actualClass" : "promano_795",
    "authors" : [ 
        "Paolo Romano", 
        "ottavia aresu", 
        "barbara parodi", 
        "maria assunta manniello", 
        "maria giuseppina campi", 
        "giovanna angelini", 
        "massimo romani", 
        "beatrice iannotta", 
        "gabriella rondanina", 
        "tiziana ruzzon", 
        "leonardo santi"
    ],
    "title" : "Molecular Probe Data Base: a database on synthetic oligonucleotides",
    "year" : 1993,
    "journal" : "Nucleic Acids Research",
    "type" : "ARTICLE"
},

{
    "_id" : "577c432c0227c30f5cf44aa8",
    "actualClass" : "maumuller_634",
    "authors" : [ 
        "Martin Aumuller", 
        "craig a. stewart", 
        "rainer keller", 
        "richard repasky", 
        "matthias hess", 
        "david hart", 
        "matthias s. muller", 
        "ray sheppard", 
        "uwe wossner", 
        "huian li ii", 
        "donald k. berry", 
        "john colbourne"
    ],
    "title" : "A Global Grid for Analysis of Arthropod Evolution",
    "year" : 2004,
    "journal" : "Grid Computing",
    "type" : "ARTICLE"
},

{
    "_id" : "577c432c0227c30f5cf44aa9",
    "actualClass" : "wli_1058",
    "authors" : [ 
        "Wei Li", 
        "michal cierniak"
    ],
    "title" : "Just-in-Time Pptimizations for High-Performance Java Programs",
    "year" : 1997,
    "journal" : "Concurrency and Computation: Practice and Experience",
    "type" : "ARTICLE"
},

{
    "_id" : "577c432c0227c30f5cf44aaa",
    "actualClass" : "plucas_815",
    "authors" : [ 
        "Peter Lucas", 
        "michael higgins", 
        "dominic widdows", 
        "magesh balasubramanya", 
        "david holstius"
    ],
    "title" : "Shepherdable Indexes and Persistent Search Services for Mobile Users",
    "year" : 2006,
    "journal" : "OTM Workshops",
    "type" : "ARTICLE"
},

{
    "_id" : "577c432c0227c30f5cf44aab",
    "actualClass" : "wli_1046",
    "authors" : [ 
        "Wei Li", 
        "cheng niu", 
        "jihong ding", 
        "rohini k. srihari"
    ],
    "title" : "Bootstrapping for Named Entity Tagging Using Concept-based Seeds",
    "year" : 2003,
    "journal" : "North American Chapter of the Association for Computational Linguistics",
    "type" : "ARTICLE"
},

{
    "_id" : "577c432c0227c30f5cf44aac",
    "actualClass" : "jzhang_365",
    "authors" : [ 
        "Jian Zhang", 
        "phillip a. porras", 
        "johannes ullrich"
    ],
    "title" : "Highly Predictive Blacklisting",
    "year" : 2008,
    "journal" : "USENIX Security Symposium",
    "type" : "ARTICLE"
},

{
    "_id" : "577c432c0227c30f5cf44aad",
    "actualClass" : "wwang_1062",
    "authors" : [ 
        "Wei Wang", 
        "vikram srinivasan", 
        "kee chaing chua", 
        "bang wang"
    ],
    "title" : "Energy-efficient coverage for target detection in wireless sensor networks",
    "year" : 2007,
    "journal" : "Information Processing in Sensor Networks",
    "type" : "ARTICLE"
},

{
    "_id" : "577c432c0227c30f5cf44aae",
    "actualClass" : "pzhang_828",
    "authors" : [ 
        "Ping Zhang", 
        "yu zhang", 
        "jianhua zhang", 
        "guangyi liu", 
        "xinying gao"
    ],
    "title" : "A Generic Validation Framework for Wideband MIMO Channel Models",
    "year" : 2008,
    "journal" : "Vehicular Technology Conference",
    "type" : "ARTICLE"
},

{
    "_id" : "577c432c0227c30f5cf44aaf",
    "actualClass" : "lding_526",
    "authors" : [ 
        "Li Ding", 
        "david blaauw", 
        "pinaki mazumder"
    ],
    "title" : "Accurate crosstalk noise modeling for early signal integrity analysis",
    "year" : 2003,
    "journal" : "IEEE Transactions on Computer-aided Design of Integrated Circuits and Systems",
    "type" : "ARTICLE"
},

{
    "_id" : "577c432c0227c30f5cf44ab0",
    "actualClass" : "fli_229",
    "authors" : [ 
        "Fei-Fei Li", 
        "juan carlos niebles"
    ],
    "title" : "A Hierarchical Model of Shape and Appearance for Human Action Classification",
    "year" : 2007,
    "journal" : "Computer Vision and Pattern Recognition",
    "type" : "ARTICLE"
},

{
    "_id" : "577c432c0227c30f5cf44ab1",
    "actualClass" : "fwu_227",
    "authors" : [ 
        "Fei Wu", 
        "raphael hoffmann", 
        "saleema amershi", 
        "kayur patel", 
        "james fogarty", 
        "daniel s. weld"
    ],
    "title" : "Amplifying community content creation with mixed initiative information extraction",
    "year" : 2009,
    "journal" : "Computer Human Interaction",
    "type" : "ARTICLE"
},

{
    "_id" : "577c432c0227c30f5cf44ab2",
    "actualClass" : "mmagnusson_650",
    "authors" : [ 
        "Martin Magnusson", 
        "benjamin huhle", 
        "wolfgang strasser", 
        "achim j. lilienthal"
    ],
    "title" : "Registration of colored 3D point clouds with a Kernel-based extension to the normal distributions transform",
    "year" : 2008,
    "journal" : "International Conference on Robotics and Automation",
    "type" : "ARTICLE"
},

{
    "_id" : "577c432c0227c30f5cf44ab3",
    "actualClass" : "dkung_203",
    "authors" : [ 
        "David S. Kung", 
        "ronald d. armstrong"
    ],
    "title" : "A dual method for discrete Chebychev curve fitting",
    "year" : 1978,
    "journal" : "ACM Annual Computer Science Conference",
    "type" : "ARTICLE"
},

{
    "_id" : "577c432c0227c30f5cf44ab4",
    "actualClass" : "nkobayashi_776",
    "authors" : [ 
        "Naoki Kobayashi", 
        "hiroyuki tsuji", 
        "toru sakatani", 
        "yoshiyuki yashima"
    ],
    "title" : "A nonlinear spatio-temporal diffusion and its application to prefiltering in MPEG4 video coding",
    "year" : 2002,
    "journal" : "International Conference on Image Processing",
    "type" : "ARTICLE"
},

{
    "_id" : "577c432c0227c30f5cf44ab5",
    "actualClass" : "lwang_537",
    "authors" : [ 
        "Liang Wang", 
        "mingwei gong", 
        "minglun gong", 
        "ruigang yang"
    ],
    "title" : "How Far Can We Go with Local Optimization in Real-Time Stereo Matching",
    "year" : 2006,
    "journal" : "3D Data Processing Visualization and Transmission",
    "type" : "ARTICLE"
},

{
    "_id" : "577c432c0227c30f5cf44ab6",
    "actualClass" : "fyang_223",
    "authors" : [ 
        "Fan Yang", 
        "feng shao", 
        "lin guo", 
        "chavdar botev", 
        "anand bhaskar", 
        "muthiah m. muthiah chettiar", 
        "jayavel shanmugasundaram"
    ],
    "title" : "Efficient Keyword Search over Virtual XML Views",
    "year" : 2007,
    "journal" : "Very Large Data Bases",
    "type" : "ARTICLE"
},

{
    "_id" : "577c432c0227c30f5cf44ab7",
    "actualClass" : "mkuhn_692",
    "authors" : [ 
        "Michael Kuhn", 
        "lukas bossard", 
        "roger wattenhofer"
    ],
    "title" : "Visually and Acoustically Exploring the High-Dimensional Space of Music",
    "year" : 2009,
    "journal" : "IEEE International Conference on Computational Science and Engineering",
    "type" : "ARTICLE"
},

{
    "_id" : "577c432c0227c30f5cf44ab8",
    "actualClass" : "yliu_1140",
    "authors" : [ 
        "Yan Liu", 
        "an zeng", 
        "liujun chen"
    ],
    "title" : "Features of Hodgkin-Huxley Neuron Response to Periodic Spike-Train Inputs",
    "year" : 2009,
    "journal" : "International Symposium on Neural Networks",
    "type" : "ARTICLE"
},

{
    "_id" : "577c432c0227c30f5cf44ab9",
    "actualClass" : "lzhang_517",
    "authors" : [ 
        "Lei Zhang", 
        "chun-hou zheng", 
        "bo li", 
        "hong-qiang wang"
    ],
    "title" : "Locally Linear Discriminant Embedding for Tumor Classification",
    "year" : 2008,
    "journal" : "International Conference on Intelligent Computing",
    "type" : "ARTICLE"
},

{
    "_id" : "577c432c0227c30f5cf44aba",
    "actualClass" : "sparthasarathy_962",
    "authors" : [ 
        "Srinivasan Parthasarathy", 
        "rajiv gandhi"
    ],
    "title" : "Distributed Algorithms for Coloring and Domination in Wireless Ad Hoc Networks",
    "year" : 2004,
    "journal" : "Foundations of Software Technology and Theoretical Computer Science",
    "type" : "ARTICLE"
},

{
    "_id" : "577c432c0227c30f5cf44abb",
    "actualClass" : "dkim_213",
    "authors" : [ 
        "Dongshin Kim", 
        "jie sun", 
        "sang min oh", 
        "james m. rehg", 
        "aaron f. bobick"
    ],
    "title" : "Traversability Classification using Unsupervised on-line Visual Learning for Outdoor Robot Navigation",
    "year" : 2006,
    "journal" : "International Conference on Robotics and Automation",
    "type" : "ARTICLE"
},

{
    "_id" : "577c432c0227c30f5cf44abc",
    "actualClass" : "aheuer_52",
    "authors" : [ 
        "Andreas Heuer", 
        "frank losemann", 
        "christoph meinel"
    ],
    "title" : "Advanced Reliability for Internet Transactions by Signed Bills",
    "year" : 2000,
    "journal" : "International Conference on Internet Computing",
    "type" : "ARTICLE"
},

{
    "_id" : "577c432c0227c30f5cf44abd",
    "actualClass" : "yqi_1145",
    "authors" : [ 
        "Yan Qi", 
        "k. selcuk candan", 
        "maria luisa sapino"
    ],
    "title" : "Sum-Max Monotonic Ranked Joins for Evaluating Top-K Twig Queries on Weighted Data Graphs",
    "year" : 2007,
    "journal" : "Very Large Data Bases",
    "type" : "ARTICLE"
},

{
    "_id" : "577c432c0227c30f5cf44abe",
    "actualClass" : "sroy_905",
    "authors" : [ 
        "Sebastien Roy", 
        "zhiyong he", 
        "paul fortier"
    ],
    "title" : "Encoder architecture with throughput over 10 Gbit/sec for quasi-cyclic LDPC codes",
    "year" : 2006,
    "journal" : "IEEE International Symposium on Circuits and Systems",
    "type" : "ARTICLE"
},

{
    "_id" : "577c432c0227c30f5cf44abf",
    "actualClass" : "lhe_555",
    "authors" : [ 
        "Lili He", 
        "j. huynh", 
        "b. ngo", 
        "m. pham"
    ],
    "title" : "Design of a 10bit TSMC 0.25um CMOS Digital to Analog Converter",
    "year" : 2005,
    "journal" : "International Symposium on Quality Electronic Design",
    "type" : "ARTICLE"
},

{
    "_id" : "577c432c0227c30f5cf44ac0",
    "actualClass" : "gkhanna_250",
    "authors" : [ 
        "Gaurav Khanna", 
        "umit v. catalyurek", 
        "tahsin m. kurc", 
        "p. sadayappan", 
        "joel h. saltz"
    ],
    "title" : "Scheduling File Transfers for Data-Intensive Jobs on Heterogeneous Clusters",
    "year" : 2007,
    "journal" : "European Conference on Parallel Processing",
    "type" : "ARTICLE"
},

{
    "_id" : "577c432c0227c30f5cf44ac1",
    "actualClass" : "blawson_69",
    "authors" : [ 
        "Barry Lawson", 
        "stephen g. powell", 
        "kenneth r. baker"
    ],
    "title" : "Impact of errors in operational spreadsheets",
    "year" : 2009,
    "journal" : "Decision Support Systems",
    "type" : "ARTICLE"
},

{
    "_id" : "577c432c0227c30f5cf44ac2",
    "actualClass" : "mlee_698",
    "authors" : [ 
        "Michael Lee", 
        "david finkel", 
        "craig e. wills", 
        "michael j. ciaraldi", 
        "kevin amorin", 
        "adam covati"
    ],
    "title" : "An applet-based anonymous distributed computing system",
    "year" : 2001,
    "journal" : "Internet Research",
    "type" : "ARTICLE"
},

{
    "_id" : "577c432c0227c30f5cf44ac3",
    "actualClass" : "fli_229",
    "authors" : [ 
        "Fei-Fei Li", 
        "silvio savarese"
    ],
    "title" : "3D generic object categorization, localization and pose estimation",
    "year" : 2007,
    "journal" : "International Conference on Computer Vision",
    "type" : "ARTICLE"
},

{
    "_id" : "577c432c0227c30f5cf44ac4",
    "actualClass" : "qma_838",
    "authors" : [ 
        "Qin Ma", 
        "luc maranget"
    ],
    "title" : "Compiling Pattern Matching in Join-Patterns",
    "year" : 2004,
    "journal" : "International Conference on Concurrency Theory",
    "type" : "ARTICLE"
},

{
    "_id" : "577c432c0227c30f5cf44ac5",
    "actualClass" : "jzhang_360",
    "authors" : [ 
        "Jian Zhang"
    ],
    "title" : "Constraint Solving and Symbolic Execution",
    "year" : 2005,
    "journal" : "Verified Software: Theories, Tools, Experiments",
    "type" : "ARTICLE"
},

{
    "_id" : "577c432c0227c30f5cf44ac6",
    "actualClass" : "xliu_1118",
    "authors" : [ 
        "Xiaoming Liu", 
        "jianwei yin", 
        "zhilin feng", 
        "jinxiang dong"
    ],
    "title" : "A Local Tangent Space Alignment Based Transductive Classification Algorithm",
    "year" : 2006,
    "journal" : "Artificial Neural Networks in Pattern Recognition",
    "type" : "ARTICLE"
},

{
    "_id" : "577c432c0227c30f5cf44ac7",
    "actualClass" : "pbecker_810",
    "authors" : [ 
        "Peter Becker", 
        "florence amardeilh"
    ],
    "title" : "XML-Based Offline Website Generation",
    "year" : 2002,
    "journal" : "Australasian Document Computing Symposium - ADCS",
    "type" : "ARTICLE"
},

{
    "_id" : "577c432c0227c30f5cf44ac8",
    "actualClass" : "wwang_1084",
    "authors" : [ 
        "Weiping Wang", 
        "tianming wang"
    ],
    "title" : "A Note on the Relationships Between the Generalized Bernoulli and Euler Polynomials",
    "year" : 2008,
    "journal" : "Ars Combinatoria",
    "type" : "ARTICLE"
},

{
    "_id" : "577c432c0227c30f5cf44ac9",
    "actualClass" : "xzhang_1113",
    "authors" : [ 
        "Xiaolan Zhang", 
        "brian king"
    ],
    "title" : "Security Requirements for RFID Computing Systems",
    "year" : 2008,
    "journal" : "International Journal of Network Security",
    "type" : "ARTICLE"
},

{
    "_id" : "577c432c0227c30f5cf44aca",
    "actualClass" : "qnguyen_850",
    "authors" : [ 
        "Quang Huy Nguyen", 
        "june andronick"
    ],
    "title" : "Certifying an embedded remote method invocation protocol",
    "year" : 2008,
    "journal" : "ACM Symposium on Applied Computing",
    "type" : "ARTICLE"
},

{
    "_id" : "577c432c0227c30f5cf44acb",
    "actualClass" : "txie_1002",
    "authors" : [ 
        "Tao Xie", 
        "chaofeng sha", 
        "xiaoling wang", 
        "aoying zhou"
    ],
    "title" : "Approximate Top-k Structural Similarity Search over XML Documents",
    "year" : 2006,
    "journal" : "Asia-Pacific Web Conference",
    "type" : "ARTICLE"
},

{
    "_id" : "577c432c0227c30f5cf44acc",
    "actualClass" : "mkim_748",
    "authors" : [ 
        "Min-Soo Kim", 
        "jiawei han"
    ],
    "title" : "A Particle-and-Density Based Evolutionary Clustering Method for Dynamic Networks",
    "year" : 2009,
    "journal" : "Proceedings of The Vldb Endowment",
    "type" : "ARTICLE"
},

{
    "_id" : "577c432c0227c30f5cf44acd",
    "actualClass" : "nzhang_770",
    "authors" : [ 
        "Nan Zhang", 
        "amar mukherjee", 
        "donald a. adjeroh", 
        "tim bell"
    ],
    "title" : "Approximate Pattern Matching Using the Burrows-Wheeler Transform",
    "year" : 2003,
    "journal" : "Data Compression Conference",
    "type" : "ARTICLE"
},

{
    "_id" : "577c432c0227c30f5cf44ace",
    "actualClass" : "lwei_534",
    "authors" : [ 
        "Li Wei", 
        "ming chen", 
        "shixin cheng", 
        "haifeng wang"
    ],
    "title" : "An Improved QRD-M Algorithm in MIMO Communications",
    "year" : 2007,
    "journal" : "Global Telecommunications Conference",
    "type" : "ARTICLE"
},

{
    "_id" : "577c432c0227c30f5cf44acf",
    "actualClass" : "mlang_696",
    "authors" : [ 
        "Michael Lang", 
        "jose carlos sancho", 
        "darren j. kerbyson"
    ],
    "title" : "Characterizing the Impact of Using Spare-Cores on Application Performance",
    "year" : 2010,
    "journal" : "European Conference on Parallel Processing",
    "type" : "ARTICLE"
},

{
    "_id" : "577c432c0227c30f5cf44ad0",
    "actualClass" : "pwu_805",
    "authors" : [ 
        "Peng Wu", 
        "catuscia palamidessi", 
        "huimin lin"
    ],
    "title" : "Symbolic Bisimulations for Probabilistic Systems",
    "year" : 2007,
    "journal" : "Quantitative Evaluation of Systems",
    "type" : "ARTICLE"
},

{
    "_id" : "577c432c0227c30f5cf44ad1",
    "actualClass" : "jzhang_369",
    "authors" : [ 
        "Jian Zhang", 
        "xiaohui yuan", 
        "bill p. buckles"
    ],
    "title" : "Function Granularity Estimation for Multimodal Optimization",
    "year" : 2005,
    "journal" : "International Journal on Artificial Intelligence Tools",
    "type" : "ARTICLE"
},

{
    "_id" : "577c432c0227c30f5cf44ad2",
    "actualClass" : "dschmidt_175",
    "authors" : [ 
        "Daniel Schmidt", 
        "martin proetzsch", 
        "karsten berns"
    ],
    "title" : "Simulation and control of an autonomous bucket excavator for landscaping tasks",
    "year" : 2010,
    "journal" : "International Conference on Robotics and Automation",
    "type" : "ARTICLE"
},

{
    "_id" : "577c432c0227c30f5cf44ad3",
    "actualClass" : "rwang_884",
    "authors" : [ 
        "Rui Wang", 
        "kun zhou", 
        "minghao pan", 
        "hujun bao"
    ],
    "title" : "An efficient GPU-based approach for interactive global illumination",
    "year" : 2009,
    "journal" : "ACM Transactions on Graphics",
    "type" : "ARTICLE"
},

{
    "_id" : "577c432c0227c30f5cf44ad4",
    "actualClass" : "wmuller_1097",
    "authors" : [ 
        "Wolfgang Muller", 
        "mikael jern", 
        "ebad banissi", 
        "gennady l. andrienko", 
        "daniel a. keim"
    ],
    "title" : "European Research Forum Panel Session Envisioning Research Challenges in Visual Analytics",
    "year" : 2006,
    "journal" : "International Conference on Information Visualisation",
    "type" : "ARTICLE"
},

{
    "_id" : "577c432c0227c30f5cf44ad5",
    "actualClass" : "fwang_235",
    "authors" : [ 
        "Feng Wang", 
        "my t. thai", 
        "ding-zhu du"
    ],
    "title" : "On the construction of 2connected virtual backbone in wireless networks",
    "year" : 2009,
    "journal" : "IEEE Transactions on Wireless Communications",
    "type" : "ARTICLE"
},

{
    "_id" : "577c432c0227c30f5cf44ad6",
    "actualClass" : "bfischer_75",
    "authors" : [ 
        "Bernd Fischer", 
        "ewen denney", 
        "dieter hutter", 
        "mark jones"
    ],
    "title" : "Software certificate management (SoftCeMent'05)",
    "year" : 2005,
    "journal" : "Automated Software Engineering",
    "type" : "ARTICLE"
},

{
    "_id" : "577c432c0227c30f5cf44ad7",
    "actualClass" : "ssrivastava_922",
    "authors" : [ 
        "Saurabh Srivastava", 
        "jeffrey j. rodriguez", 
        "andrew r. rouse", 
        "molly a. brewer", 
        "arthur f. gmitro"
    ],
    "title" : "Analysis of confocal microendoscope images for automatic detection of ovarian cancer",
    "year" : 2005,
    "journal" : "International Conference on Image Processing",
    "type" : "ARTICLE"
},

{
    "_id" : "577c432c0227c30f5cf44ad8",
    "actualClass" : "lzhang_582",
    "authors" : [ 
        "Lu Zhang", 
        "quanxi shao", 
        "yongqin d. chen"
    ],
    "title" : "An extension of three-parameter Burr III distribution for low-flow frequency analysis",
    "year" : 2008,
    "journal" : "Computational Statistics & Data Analysis",
    "type" : "ARTICLE"
},

{
    "_id" : "577c432c0227c30f5cf44ad9",
    "actualClass" : "hwu_278",
    "authors" : [ 
        "Hao Wu", 
        "anna t. lawniczak", 
        "bruno n. di stefano"
    ],
    "title" : "Impact of Coupling of Distributed Denial of Service Attack with Routing on Throughput of Packet Switching Network",
    "year" : 2010,
    "journal" : "International Conference on Cellular Automata for Research and Industry",
    "type" : "ARTICLE"
},

{
    "_id" : "577c432c0227c30f5cf44ada",
    "actualClass" : "wmuller_1095",
    "authors" : [ 
        "Wolfgang Muller", 
        "wolfgang mueller", 
        "rainer domer"
    ],
    "title" : "The formal execution semantics of SpecC",
    "year" : 2002,
    "journal" : "International Symposium on Systems Synthesis",
    "type" : "ARTICLE"
},

{
    "_id" : "577c432c0227c30f5cf44adb",
    "actualClass" : "pwillett_819",
    "authors" : [ 
        "Peter Willett", 
        "david e. clark", 
        "gareth jones", 
        "peter w. kenny", 
        "robert c. glen"
    ],
    "title" : "Pharmacophoric pattern matching in files of three-dimensional chemical structures: Comparison of conformational-searching algorithms for flexible searching",
    "year" : 1994,
    "journal" : "Journal of Chemical Information and Computer Sciences",
    "type" : "ARTICLE"
},

{
    "_id" : "577c432c0227c30f5cf44adc",
    "actualClass" : "cp_119",
    "authors" : [ 
        "Chandrashekhara Thejaswi P. S.", 
        "junshan zhang", 
        "man-on pun", 
        "h. vincent poor"
    ],
    "title" : "Distributed Opportunistic Scheduling With Two-Level Channel Probing",
    "year" : 2009,
    "journal" : "IEEE INFOCOM",
    "type" : "ARTICLE"
},

{
    "_id" : "577c432c0227c30f5cf44add",
    "actualClass" : "kxu_475",
    "authors" : [ 
        "Kai Xu", 
        "donglin liang"
    ],
    "title" : "Testing Scenario Implementation with Behavior Contracts",
    "year" : 2006,
    "journal" : "International Computer Software and Applications Conference",
    "type" : "ARTICLE"
},

{
    "_id" : "577c432c0227c30f5cf44ade",
    "actualClass" : "wwang_1072",
    "authors" : [ 
        "Wei Wang", 
        "xiangliang zhang", 
        "sylvain gombault"
    ],
    "title" : "Constructing attribute weights from computer audit data for effective intrusion detection",
    "year" : 2009,
    "journal" : "Journal of Systems and Software",
    "type" : "ARTICLE"
},

{
    "_id" : "577c432c0227c30f5cf44adf",
    "actualClass" : "cwang_136",
    "authors" : [ 
        "Chong Wang", 
        "wenyuan wang"
    ],
    "title" : "Using Term Clustering and Supervised Term Affinity Construction to Boost Text Classification",
    "year" : 2005,
    "journal" : "Pacific-Asia Conference on Knowledge Discovery and Data Mining",
    "type" : "ARTICLE"
},

{
    "_id" : "577c432c0227c30f5cf44ae0",
    "actualClass" : "dschmidt_175",
    "authors" : [ 
        "Daniel Schmidt", 
        "tobias luksch", 
        "jens wettach", 
        "karsten berns"
    ],
    "title" : "Autonomous behavior-based exploration of office environments",
    "year" : 2006,
    "journal" : "International Conference on Informatics in Control, Automation and Robotics",
    "type" : "ARTICLE"
},

{
    "_id" : "577c432c0227c30f5cf44ae1",
    "actualClass" : "nzhang_773",
    "authors" : [ 
        "Nan Zhang", 
        "theo harder"
    ],
    "title" : "On Modeling Power of Object-Relational Data Models in Technical Applications",
    "year" : 1997,
    "journal" : "Advances in Databases and Information Systems",
    "type" : "ARTICLE"
},

{
    "_id" : "577c432c0227c30f5cf44ae2",
    "actualClass" : "fliu_225",
    "authors" : [ 
        "Fei Liu", 
        "pravin pawar", 
        "hanga boros", 
        "geert j. heijenk", 
        "bert-jan van beijnum"
    ],
    "title" : "Bridging Context Management Systems in the ad hoc and mobile environments",
    "year" : 2009,
    "journal" : "International Symposium on Computers and Communications",
    "type" : "ARTICLE"
},

{
    "_id" : "577c432c0227c30f5cf44ae3",
    "actualClass" : "mpaolucci_664",
    "authors" : [ 
        "Massimo Paolucci", 
        "andrea gozzi", 
        "antonio boccalatte"
    ],
    "title" : "Autonomous Agents Applied to Manufacturing Scheduling Problems: A Negotiation-Based Heuristic Approach",
    "year" : 2001,
    "journal" : "Multi-Agent-Systems and Applications",
    "type" : "ARTICLE"
},

{
    "_id" : "577c432c0227c30f5cf44ae4",
    "actualClass" : "lzhang_512",
    "authors" : [ 
        "Lei Zhang", 
        "en cheng", 
        "feng jing", 
        "chao zhang"
    ],
    "title" : "Search Result Clustering Based Relevance Feedback for Web Image Retrival",
    "year" : 2007,
    "journal" : "International Conference on Acoustics, Speech, and Signal Processing",
    "type" : "ARTICLE"
},

{
    "_id" : "577c432c0227c30f5cf44ae5",
    "actualClass" : "byang_84",
    "authors" : [ 
        "Bin Yang", 
        "christian s. jensen", 
        "hua lu"
    ],
    "title" : "Indoor - A New Data Management Frontier",
    "year" : 2010,
    "journal" : "IEEE Data(base) Engineering Bulletin",
    "type" : "ARTICLE"
},

{
    "_id" : "577c432c0227c30f5cf44ae6",
    "actualClass" : "gsharma_251",
    "authors" : [ 
        "Gaurav Sharma", 
        "pankaj kankar", 
        "sudeshna adak", 
        "a. sarkar", 
        "k. murali"
    ],
    "title" : "MedMeSH Summarizer: Text Mining for Gene Clusters",
    "year" : 2002,
    "journal" : "SIAM International Conference on Data Mining",
    "type" : "ARTICLE"
},

{
    "_id" : "577c432c0227c30f5cf44ae7",
    "actualClass" : "srao_906",
    "authors" : [ 
        "S. Srinivasa Rao", 
        "k. v. s. v. n. raju", 
        "p. kusuma kumari"
    ],
    "title" : "Privacy Preserving in Clustering using Fuzzy Sets",
    "year" : 2006,
    "journal" : "Int. Conf. on Data Mining",
    "type" : "ARTICLE"
},

{
    "_id" : "577c432c0227c30f5cf44ae8",
    "actualClass" : "hzhang_311",
    "authors" : [ 
        "Hui Zhang", 
        "xin li", 
        "fang bian", 
        "christophe diot", 
        "ramesh govindan", 
        "wei hong", 
        "gianluca iannaccone"
    ],
    "title" : "MIND: A Distributed MultiDimensional Indexing System for Network Diagnosis",
    "year" : 2006,
    "journal" : "IEEE INFOCOM",
    "type" : "ARTICLE"
},

{
    "_id" : "577c432c0227c30f5cf44ae9",
    "actualClass" : "amuller_54",
    "authors" : [ 
        "Andreas Muller", 
        "philipp frank", 
        "joachim speidel"
    ],
    "title" : "Performance of the LTE Uplink with Intra-Site Joint Detection and Joint Link Adaptation",
    "year" : 2010,
    "journal" : "Vehicular Technology Conference",
    "type" : "ARTICLE"
},

{
    "_id" : "577c432c0227c30f5cf44aea",
    "actualClass" : "asingh_34",
    "authors" : [ 
        "Amarjeet Singh", 
        "andreas krause", 
        "carlos guestrin", 
        "william j. kaiser", 
        "maxim a. batalin"
    ],
    "title" : "Efficient Planning of Informative Paths for Multiple Robots",
    "year" : 2007,
    "journal" : "International Joint Conference on Artificial Intelligence",
    "type" : "ARTICLE"
},

{
    "_id" : "577c432c0227c30f5cf44aeb",
    "actualClass" : "lchen_506",
    "authors" : [ 
        "Lei Chen", 
        "changliang wang"
    ],
    "title" : "Continuous Subgraph Pattern Search over Certain and Uncertain Graph Streams",
    "year" : 2010,
    "journal" : "IEEE Transactions on Knowledge and Data Engineering",
    "type" : "ARTICLE"
},

{
    "_id" : "577c432c0227c30f5cf44aec",
    "actualClass" : "wwang_1069",
    "authors" : [ 
        "Wei Wang", 
        "zijing tan", 
        "jianjun xu", 
        "baile shi"
    ],
    "title" : "Repairing Inconsistent XML Documents",
    "year" : 2006,
    "journal" : "Knowledge Science, Engineering and Management",
    "type" : "ARTICLE"
}
]