[
{
    "_id" : "577c432c0227c30f5cf44bb9",
    "actualClass" : "mnakamura_662",
    "authors" : [ 
        "Masaki Nakamura", 
        "kazuto tominaga", 
        "tooru watanabe", 
        "keiji kobayashi", 
        "koji kishi", 
        "mitsuyoshi kazuno"
    ],
    "title" : "Modeling Molecular Computing Systems by an Artificial Chemistry - Its Expressive Power and Application",
    "year" : 2007,
    "journal" : "Artificial Life",
    "type" : "ARTICLE"
},

{
    "_id" : "577c432c0227c30f5cf44bba",
    "actualClass" : "lzhang_517",
    "authors" : [ 
        "Lei Zhang", 
        "fan zhang", 
        "xiaolin wu", 
        "xiaokang yang", 
        "wenjun zhang"
    ],
    "title" : "Robust Color Demosaicking With Adaptation to Varying Spectral Correlations",
    "year" : 2009,
    "journal" : "IEEE Transactions on Image Processing",
    "type" : "ARTICLE"
},

{
    "_id" : "577c432c0227c30f5cf44bbb",
    "actualClass" : "lzhang_515",
    "authors" : [ 
        "Lei Zhang", 
        "lingyu wang", 
        "sushil jajodia", 
        "alexander brodsky"
    ],
    "title" : "L-Cover: Preserving Diversity by Anonymity",
    "year" : 2009,
    "journal" : "Secure Data Management",
    "type" : "ARTICLE"
},

{
    "_id" : "577c432c0227c30f5cf44bbc",
    "actualClass" : "mkaminski_614",
    "authors" : [ 
        "Marcin Kaminski"
    ],
    "title" : "Some Notes on Numerical Convergence of the Stochastic Perturbation Method",
    "year" : 2003,
    "journal" : "International Conference on Computational Science",
    "type" : "ARTICLE"
},

{
    "_id" : "577c432c0227c30f5cf44bbd",
    "actualClass" : "lzhang_554",
    "authors" : [ 
        "Lijun Zhang", 
        "wei chen", 
        "can wang", 
        "chun chen", 
        "jiajun bu"
    ],
    "title" : "Pervasive Web News Recommendation for Visually Impaired People",
    "year" : 2008,
    "journal" : "International Agent Technology Conference",
    "type" : "ARTICLE"
},

{
    "_id" : "577c432c0227c30f5cf44bbe",
    "actualClass" : "yzhang_1185",
    "authors" : [ 
        "Yi Zhang", 
        "tao li", 
        "chris h. q. ding", 
        "bo shao"
    ],
    "title" : "Knowledge transformation from word space to document space",
    "year" : 2008,
    "journal" : "Research and Development in Information Retrieval",
    "type" : "ARTICLE"
},

{
    "_id" : "577c432c0227c30f5cf44bbf",
    "actualClass" : "ywang_1156",
    "authors" : [ 
        "Yang Wang", 
        "paul lu"
    ],
    "title" : "Using Dataflow Information to Improve Inter-Workflow Instance Concurrency",
    "year" : 2005,
    "journal" : "Parallel and Distributed Computing: Applications and Technologies",
    "type" : "ARTICLE"
},

{
    "_id" : "577c432c0227c30f5cf44bc0",
    "actualClass" : "agupta_14",
    "authors" : [ 
        "Ajay K. Gupta", 
        "kurt maly", 
        "hussein m. abdel-wahab", 
        "c. michael overstreet", 
        "j. christian wild", 
        "alaa youssef", 
        "emilia stoica", 
        "ehab s. al-shaer"
    ],
    "title" : "Interactive Distance Learning over Intranets",
    "year" : 1997,
    "journal" : "IEEE Internet Computing",
    "type" : "ARTICLE"
},

{
    "_id" : "577c432c0227c30f5cf44bc1",
    "actualClass" : "pzhang_827",
    "authors" : [ 
        "Ping Zhang", 
        "gisela m. von dran", 
        "ruth v. small", 
        "silvia barcellos"
    ],
    "title" : "A Two-Factor Theory for Website Design",
    "year" : 2000,
    "journal" : "Hawaii International Conference on System Sciences",
    "type" : "ARTICLE"
},

{
    "_id" : "577c432c0227c30f5cf44bc2",
    "actualClass" : "mmehta_609",
    "authors" : [ 
        "Manish Mehta", 
        "valery soloviev", 
        "david j. dewitt"
    ],
    "title" : "Batch Scheduling in Parallel Database Systems",
    "year" : 1993,
    "journal" : "International Conference on Data Engineering",
    "type" : "ARTICLE"
},

{
    "_id" : "577c432c0227c30f5cf44bc3",
    "actualClass" : "gpapadopoulos_254",
    "authors" : [ 
        "George Papadopoulos", 
        "martin brown", 
        "fei he"
    ],
    "title" : "Dynamic basis pursuit regularization for complex biochemical pathway identification",
    "year" : 2009,
    "journal" : "Conference on Decision and Control",
    "type" : "ARTICLE"
},

{
    "_id" : "577c432c0227c30f5cf44bc4",
    "actualClass" : "ssmith_924",
    "authors" : [ 
        "Scott F. Smith", 
        "dennis s. arnon"
    ],
    "title" : "Towards mechanical solution of the Kahan Ellipse Problem 1",
    "year" : 1983,
    "journal" : "European Conference on Computer Algebra",
    "type" : "ARTICLE"
},

{
    "_id" : "577c432c0227c30f5cf44bc5",
    "actualClass" : "bwang_103",
    "authors" : [ 
        "Bo Wang", 
        "jingyi zhang", 
        "shen-sheng zhang", 
        "chun chen"
    ],
    "title" : "Semantic Interoperability Based on Ontology Mapping in Distributed Collaborative Design Environment",
    "year" : 2003,
    "journal" : "Atlantic Web Intelligence Conference",
    "type" : "ARTICLE"
},

{
    "_id" : "577c432c0227c30f5cf44bc6",
    "actualClass" : "lding_526",
    "authors" : [ 
        "Li Ding", 
        "pinaki mazumder"
    ],
    "title" : "Simultaneous switching noise analysis using application specific device modeling",
    "year" : 2003,
    "journal" : "IEEE Transactions on Very Large Scale Integration Systems",
    "type" : "ARTICLE"
},

{
    "_id" : "577c432c0227c30f5cf44bc7",
    "actualClass" : "wding_1041",
    "authors" : [ 
        "Wei Ding", 
        "guang cheng", 
        "yongning tang", 
        "jiexin jiang"
    ],
    "title" : "A Trace Measurement and Analysis System for the Multi-Links CERNET Backbone",
    "year" : 2009,
    "journal" : "IEEE NAS - Networking, Architecture, and Storage",
    "type" : "ARTICLE"
},

{
    "_id" : "577c432c0227c30f5cf44bc8",
    "actualClass" : "jzhang_396",
    "authors" : [ 
        "Jianzhong Zhang", 
        "xiucui guan"
    ],
    "title" : "Inverse Constrained Bottleneck Problems on Networks",
    "year" : 2005,
    "journal" : "Computational Science and Its Applications",
    "type" : "ARTICLE"
},

{
    "_id" : "577c432c0227c30f5cf44bc9",
    "actualClass" : "wli_1051",
    "authors" : [ 
        "Wei Li", 
        "jie qiu", 
        "haiyan yu", 
        "shuoying chen", 
        "li cha", 
        "zhiwei xu"
    ],
    "title" : "A Grid Service Lifecycle Management Scheme",
    "year" : 2003,
    "journal" : "Grid and Cooperative Computing",
    "type" : "ARTICLE"
},

{
    "_id" : "577c432c0227c30f5cf44bca",
    "actualClass" : "lantunes_593",
    "authors" : [ 
        "Luis Antunes", 
        "lance fortnow"
    ],
    "title" : "Sophistication Revisited",
    "year" : 2003,
    "journal" : "International Congress of Mathematicans",
    "type" : "ARTICLE"
},

{
    "_id" : "577c432c0227c30f5cf44bcb",
    "actualClass" : "tschneider_1021",
    "authors" : [ 
        "Thomas Schneider", 
        "kimmo jarvinen", 
        "vladimir kolesnikov", 
        "ahmad-reza sadeghi"
    ],
    "title" : "Embedded SFE: Offloading Server and Network Using Hardware Tokens",
    "year" : 2010,
    "journal" : "Financial Cryptography",
    "type" : "ARTICLE"
},

{
    "_id" : "577c432c0227c30f5cf44bcc",
    "actualClass" : "mzhao_734",
    "authors" : [ 
        "Ming Zhao", 
        "hongmei wang", 
        "xibin xu", 
        "yan yao"
    ],
    "title" : "Efficient Transmission Strategies Against Channel Time Variations in Multiuser MIMO Downlink Systems",
    "year" : 2007,
    "journal" : "Global Telecommunications Conference",
    "type" : "ARTICLE"
},

{
    "_id" : "577c432c0227c30f5cf44bcd",
    "actualClass" : "kxu_476",
    "authors" : [ 
        "Kai Xu", 
        "andrew cunningham", 
        "bruce h. thomas"
    ],
    "title" : "Seeing more than the graph: evaluation of multivariate graph visualization methods",
    "year" : 2010,
    "journal" : "Working Conference on Advanced Visual Interfaces",
    "type" : "ARTICLE"
},

{
    "_id" : "577c432c0227c30f5cf44bce",
    "actualClass" : "wmuller_1094",
    "authors" : [ 
        "Wolfgang Muller", 
        "henning muller", 
        "stephane marchand-maillet", 
        "thierry pun", 
        "david mcg. squire", 
        "zoran pecenovic", 
        "christoph giess", 
        "arjen p. de vries"
    ],
    "title" : "MRML: A Communication Protocol for Content-Based Image Retrieval",
    "year" : 2000,
    "journal" : "Visual Information and Information Systems",
    "type" : "ARTICLE"
},

{
    "_id" : "577c432c0227c30f5cf44bcf",
    "actualClass" : "abauer_47",
    "authors" : [ 
        "Andreas Bauer", 
        "markus pizka"
    ],
    "title" : "A Brief Top-Down and Bottom-Up Philosophy on Software Evolution",
    "year" : 2004,
    "journal" : "International Workshop on Principles of Software Evolution",
    "type" : "ARTICLE"
},

{
    "_id" : "577c432c0227c30f5cf44bd0",
    "actualClass" : "fli_229",
    "authors" : [ 
        "Fei-Fei Li", 
        "gang wang", 
        "ye zhang"
    ],
    "title" : "Using Dependent Regions for Object Categorization in a Generative Framework",
    "year" : 2006,
    "journal" : "Computer Vision and Pattern Recognition",
    "type" : "ARTICLE"
},

{
    "_id" : "577c432c0227c30f5cf44bd1",
    "actualClass" : "rhull_866",
    "authors" : [ 
        "Richard Hull", 
        "ben clayton", 
        "tom melamed"
    ],
    "title" : "Rapid Authoring of Mediascapes",
    "year" : 2004,
    "journal" : "Ubiquitous Computing/Handheld and Ubiquitous Computing",
    "type" : "ARTICLE"
},

{
    "_id" : "577c432c0227c30f5cf44bd2",
    "actualClass" : "lchen_547",
    "authors" : [ 
        "Lijun Chen", 
        "weihua gong", 
        "liang huai yang", 
        "decai huang"
    ],
    "title" : "New Balanced Data Allocating and Online Migrating Algorithms in Database Cluster",
    "year" : 2009,
    "journal" : "Web-Age Information Management",
    "type" : "ARTICLE"
},

{
    "_id" : "577c432c0227c30f5cf44bd3",
    "actualClass" : "mjiang_741",
    "authors" : [ 
        "Minghui Jiang", 
        "yi shen", 
        "xiaoxin liao"
    ],
    "title" : "An LMI-Based Approach to the Global Stability of Bidirectional Associative Memory Neural Networks with Variable Delay",
    "year" : 2006,
    "journal" : "International Symposium on Neural Networks",
    "type" : "ARTICLE"
},

{
    "_id" : "577c432c0227c30f5cf44bd4",
    "actualClass" : "sparthasarathy_962",
    "authors" : [ 
        "Srinivasan Parthasarathy", 
        "rajiv gandhi", 
        "samir khuller", 
        "aravind srinivasan"
    ],
    "title" : "Dependent Rounding in Bipartite Graphs",
    "year" : 2002,
    "journal" : "IEEE Symposium on Foundations of Computer Science",
    "type" : "ARTICLE"
},

{
    "_id" : "577c432c0227c30f5cf44bd5",
    "actualClass" : "tludwig_1011",
    "authors" : [ 
        "Thomas Ludwig", 
        "markus lindermeier", 
        "alexandros stamatakis", 
        "gunther rackl"
    ],
    "title" : "Tool environments in CORBA-based medical high-performance computing",
    "year" : 2002,
    "journal" : "Future Generation Computer Systems",
    "type" : "ARTICLE"
},

{
    "_id" : "577c432c0227c30f5cf44bd6",
    "actualClass" : "kschmidt_482",
    "authors" : [ 
        "Karsten Schmidt"
    ],
    "title" : "Automated generation of a progress measure for the sweep-line method",
    "year" : 2006,
    "journal" : "International Journal on Software Tools for Technology Transfer",
    "type" : "ARTICLE"
},

{
    "_id" : "577c432c0227c30f5cf44bd7",
    "actualClass" : "lxiao_544",
    "authors" : [ 
        "Liang Xiao", 
        "des greer"
    ],
    "title" : "Towards agent-oriented model-driven architecture",
    "year" : 2007,
    "journal" : "European Journal of Information Systems",
    "type" : "ARTICLE"
},

{
    "_id" : "577c432c0227c30f5cf44bd8",
    "actualClass" : "xchen_1110",
    "authors" : [ 
        "Xiaofeng Chen", 
        "rong-xia sun"
    ],
    "title" : "The Design of the Laser Simulation Training Device",
    "year" : 2010,
    "journal" : "Workshop on Knowledge Discovery and Data Mining",
    "type" : "ARTICLE"
},

{
    "_id" : "577c432c0227c30f5cf44bd9",
    "actualClass" : "rzhang_894",
    "authors" : [ 
        "Rui Zhang", 
        "anthony k. h. tung", 
        "nick koudas", 
        "beng chin ooi"
    ],
    "title" : "Similarity Search: A Matching Based Approach",
    "year" : 2006,
    "journal" : "Very Large Data Bases",
    "type" : "ARTICLE"
},

{
    "_id" : "577c432c0227c30f5cf44bda",
    "actualClass" : "mhofmann_644",
    "authors" : [ 
        "Martin Hofmann", 
        "vincent breton", 
        "nicolas jacq"
    ],
    "title" : "Grid Added Value to Address Malaria",
    "year" : 2006,
    "journal" : "Computing Research Repository",
    "type" : "ARTICLE"
},

{
    "_id" : "577c432c0227c30f5cf44bdb",
    "actualClass" : "lhe_555",
    "authors" : [ 
        "Lili He", 
        "yamei li"
    ],
    "title" : "First-Order Continuous-Time Sigma-Delta Modulator",
    "year" : 2007,
    "journal" : "International Symposium on Quality Electronic Design",
    "type" : "ARTICLE"
},

{
    "_id" : "577c432c0227c30f5cf44bdc",
    "actualClass" : "pzhang_828",
    "authors" : [ 
        "Ping Zhang", 
        "xiaodong xu", 
        "chunli wu", 
        "xiaofeng tao", 
        "ying wang"
    ],
    "title" : "Maximum utility principle access control for beyond 3G mobile system",
    "year" : 2007,
    "journal" : "Wireless Communications and Mobile Computing",
    "type" : "ARTICLE"
},

{
    "_id" : "577c432c0227c30f5cf44bdd",
    "actualClass" : "ssmith_923",
    "authors" : [ 
        "Scott F. Smith"
    ],
    "title" : "The Advanced Encryption Standard on an Asynchronous Shared-Memory Multiprocessor",
    "year" : 2003,
    "journal" : "Very Large Scale Integration",
    "type" : "ARTICLE"
},

{
    "_id" : "577c432c0227c30f5cf44bde",
    "actualClass" : "pklein_814",
    "authors" : [ 
        "Peter Klein"
    ],
    "title" : "The Framework Revisited: A More Detailed View on the IPSEN Architecture",
    "year" : 1996,
    "journal" : "IPSEN",
    "type" : "ARTICLE"
},

{
    "_id" : "577c432c0227c30f5cf44bdf",
    "actualClass" : "bhan_80",
    "authors" : [ 
        "Bin Han", 
        "thomas p. y. yu", 
        "bruce r. piper"
    ],
    "title" : "Multivariate refinable Hermite interpolant",
    "year" : 2004,
    "journal" : "Mathematics of Computation",
    "type" : "ARTICLE"
},

{
    "_id" : "577c432c0227c30f5cf44be0",
    "actualClass" : "jzhang_393",
    "authors" : [ 
        "Jianwei Zhang", 
        "yukiko kawai", 
        "hiroshi kawasaki"
    ],
    "title" : "Tour recommendation system based on web information and GIS",
    "year" : 2009,
    "journal" : "International Conference on Multimedia Computing and Systems/International Conference on Multimedia and Expo",
    "type" : "ARTICLE"
},

{
    "_id" : "577c432c0227c30f5cf44be1",
    "actualClass" : "jsun_451",
    "authors" : [ 
        "Jun Sun", 
        "wenbo xu", 
        "bin ye"
    ],
    "title" : "Quantum-Behaved Particle Swarm Optimization Clustering Algorithm",
    "year" : 2006,
    "journal" : "Advanced Data Mining and Applications",
    "type" : "ARTICLE"
},

{
    "_id" : "577c432c0227c30f5cf44be2",
    "actualClass" : "mlang_695",
    "authors" : [ 
        "Michael Lang", 
        "anders l. madsen", 
        "uffe kj�rulff", 
        "frank jensen"
    ],
    "title" : "The Hugin Tool for Learning Bayesian Networks",
    "year" : 2003,
    "journal" : "Symbolic and Quantitative Approaches to Reasoning and Uncertainty",
    "type" : "ARTICLE"
},

{
    "_id" : "577c432c0227c30f5cf44be3",
    "actualClass" : "txie_1003",
    "authors" : [ 
        "Tao Xie", 
        "andrew sung", 
        "xiao qin"
    ],
    "title" : "Integrating Security Requirements into Scheduling for Real-Time Applications in Grid Computing",
    "year" : 2005,
    "journal" : "International Conference on Grid Computing and Applications",
    "type" : "ARTICLE"
},

{
    "_id" : "577c432c0227c30f5cf44be4",
    "actualClass" : "fwang_235",
    "authors" : [ 
        "Feng Wang", 
        "my t. thai", 
        "david hongwei du", 
        "xiaohua jia"
    ],
    "title" : "Coverage problems in wireless sensor networks: designs and analysis",
    "year" : 2008,
    "journal" : "International Journal of Sensor Networks",
    "type" : "ARTICLE"
},

{
    "_id" : "577c432c0227c30f5cf44be5",
    "actualClass" : "wwang_1070",
    "authors" : [ 
        "Wei Wang", 
        "jinze liu", 
        "qi zhang", 
        "leonard mcmillan", 
        "jan prins"
    ],
    "title" : "Clustering pairwise dissimilarity data into partially ordered sets",
    "year" : 2006,
    "journal" : "Knowledge Discovery and Data Mining",
    "type" : "ARTICLE"
},

{
    "_id" : "577c432c0227c30f5cf44be6",
    "actualClass" : "pwillett_819",
    "authors" : [ 
        "Peter Willett", 
        "john w. raymond", 
        "eleanor j. gardiner"
    ],
    "title" : "RASCAL: Calculation of Graph Similarity using Maximum Common Edge Subgraphs",
    "year" : 2002,
    "journal" : "The Computer Journal",
    "type" : "ARTICLE"
},

{
    "_id" : "577c432c0227c30f5cf44be7",
    "actualClass" : "lzhang_517",
    "authors" : [ 
        "Lei Zhang", 
        "paul bao", 
        "xiaolin wu"
    ],
    "title" : "Hybrid inter and intra-wavelet scale image restoration",
    "year" : 2003,
    "journal" : "Pattern Recognition",
    "type" : "ARTICLE"
},

{
    "_id" : "577c432c0227c30f5cf44be9",
    "actualClass" : "rmiller_871",
    "authors" : [ 
        "Rob Miller", 
        "antonis c. kakas"
    ],
    "title" : "Reasoning about Actions, Narratives and Ramification",
    "year" : 1997,
    "journal" : "Electronic Transactions on Artificial Intelligence",
    "type" : "ARTICLE"
},

{
    "_id" : "577c432c0227c30f5cf44bea",
    "actualClass" : "gkhanna_250",
    "authors" : [ 
        "Gaurav Khanna", 
        "umit v. catalyurek", 
        "tahsin m. kurc", 
        "p. sadayappan", 
        "joel h. saltz", 
        "rajkumar kettimuthu", 
        "ian t. foster"
    ],
    "title" : "Multi-hop path splitting and multi-pathing optimizations for data transfers over shared wide-area networks using gridFTP",
    "year" : 2008,
    "journal" : "IEEE International Symposium on High Performance Distributed Computing",
    "type" : "ARTICLE"
},

{
    "_id" : "577c432c0227c30f5cf44beb",
    "actualClass" : "sparthasarathy_962",
    "authors" : [ 
        "Srinivasan Parthasarathy", 
        "zhen liu", 
        "anand ranganathan", 
        "hao yang"
    ],
    "title" : "Scalable event matching for overlapping subscriptions in pub/sub systems",
    "year" : 2007,
    "journal" : "Distributed Event-Based Systems",
    "type" : "ARTICLE"
},

{
    "_id" : "577c432c0227c30f5cf44bec",
    "actualClass" : "plucas_815",
    "authors" : [ 
        "Peter Lucas", 
        "michael higgins", 
        "jeffrey senn"
    ],
    "title" : "VisageWeb: Visualizing WWW Data in Visage",
    "year" : 1999,
    "journal" : "IEEE Symposium on Information Visualization",
    "type" : "ARTICLE"
},

{
    "_id" : "577c432c0227c30f5cf44bed",
    "actualClass" : "gliu_271",
    "authors" : [ 
        "Guoping Liu", 
        "g. r. duan", 
        "r. j. patton"
    ],
    "title" : "Mixed time and frequency-domain robust eigenstructure assignment",
    "year" : 2000,
    "journal" : "International Journal of Systems Science",
    "type" : "ARTICLE"
},

{
    "_id" : "577c432c0227c30f5cf44bee",
    "actualClass" : "mkim_752",
    "authors" : [ 
        "Min-Soo Kim", 
        "yeun-sub byun"
    ],
    "title" : "Electromagnetic Levitation System with Clustering Based Fuzzy Controller",
    "year" : 2007,
    "journal" : "International Conference on Adaptive and Natural Computing Algorithms",
    "type" : "ARTICLE"
},

{
    "_id" : "577c432c0227c30f5cf44bef",
    "actualClass" : "mphillips_704",
    "authors" : [ 
        "Michael S. Phillips", 
        "anton yuryev", 
        "jianping huang", 
        "kathryn e. scott", 
        "jennifer kuebler", 
        "miriam donaldson", 
        "mark pohl", 
        "michael t. boyce-jacino"
    ],
    "title" : "Primer Design and Marker Clustering for Multiplex SNP-IT Primer Extension Genotyping Assay using Statistical Modeling",
    "year" : 2004,
    "journal" : "Bioinformatics/computer Applications in The Biosciences",
    "type" : "ARTICLE"
},

{
    "_id" : "577c432c0227c30f5cf44bf0",
    "actualClass" : "wwang_1072",
    "authors" : [ 
        "Wei Wang", 
        "thomas guyet", 
        "svein j. knapskog"
    ],
    "title" : "Autonomic Intrusion Detection System",
    "year" : 2009,
    "journal" : "Recent Advances in Intrusion Detection",
    "type" : "ARTICLE"
},

{
    "_id" : "577c432c0227c30f5cf44bf1",
    "actualClass" : "qxu_842",
    "authors" : [ 
        "Qing Xu", 
        "f. bertamini", 
        "roberto brunelli", 
        "oswald lanz", 
        "a. roat", 
        "a. santuari", 
        "francesco tobia"
    ],
    "title" : "Olympus: an ambient intelligence architecture on the verge of reality",
    "year" : 2003,
    "journal" : "International Conference on Image Analysis and Processing",
    "type" : "ARTICLE"
},

{
    "_id" : "577c432c0227c30f5cf44bf2",
    "actualClass" : "jfan_391",
    "authors" : [ 
        "Jianping Fan", 
        "siyuan liu", 
        "yunhuai liu", 
        "lionel m. ni", 
        "minglu li"
    ],
    "title" : "Towards mobility-based clustering",
    "year" : 2010,
    "journal" : "Knowledge Discovery and Data Mining",
    "type" : "ARTICLE"
},

{
    "_id" : "577c432c0227c30f5cf44bf3",
    "actualClass" : "fli_229",
    "authors" : [ 
        "Fei-Fei Li", 
        "li-jia li", 
        "gang wang"
    ],
    "title" : "OPTIMOL: automatic Online Picture collecTion via Incremental MOdel Learning",
    "year" : 2007,
    "journal" : "Computer Vision and Pattern Recognition",
    "type" : "ARTICLE"
},

{
    "_id" : "577c432c0227c30f5cf44bf4",
    "actualClass" : "lchen_567",
    "authors" : [ 
        "Ling Chen", 
        "sourav s. bhowmick", 
        "liang-tien chia"
    ],
    "title" : "FRACTURE mining: Mining frequently and concurrently mutating structures from historical XML documents",
    "year" : 2006,
    "journal" : "Data & Knowledge Engineering",
    "type" : "ARTICLE"
},

{
    "_id" : "577c432c0227c30f5cf44bf5",
    "actualClass" : "pwillett_819",
    "authors" : [ 
        "Peter Willett", 
        "abdelmoula el-hamdouchi"
    ],
    "title" : "Hierarchic Document Clustering Using Ward's Method",
    "year" : 1986,
    "journal" : "Research and Development in Information Retrieval",
    "type" : "ARTICLE"
},

{
    "_id" : "577c432c0227c30f5cf44bf6",
    "actualClass" : "pmoravec_802",
    "authors" : [ 
        "Pavel Moravec", 
        "lubos brim", 
        "ivana cerna", 
        "jiri simsa"
    ],
    "title" : "Accepting Predecessors Are Better than Back Edges in Distributed LTL Model-Checking",
    "year" : 2004,
    "journal" : "Formal Methods in Computer-Aided Design",
    "type" : "ARTICLE"
},

{
    "_id" : "577c432c0227c30f5cf44bf7",
    "actualClass" : "yhe_1198",
    "authors" : [ 
        "Ying He", 
        "xin li", 
        "xianfeng gu", 
        "hong qin"
    ],
    "title" : "Brain Image Analysis Using Spherical Splines",
    "year" : 2005,
    "journal" : "Energy Minimization Methods in Computer Vision and Pattern Recognition",
    "type" : "ARTICLE"
},

{
    "_id" : "577c432c0227c30f5cf44bf8",
    "actualClass" : "ywang_1151",
    "authors" : [ 
        "Yang Wang", 
        "kia-fock loe", 
        "jian-kang wu"
    ],
    "title" : "A Dynamic Conditional Random Field Model for Foreground and Shadow Segmentation",
    "year" : 2006,
    "journal" : "IEEE Transactions on Pattern Analysis and Machine Intelligence",
    "type" : "ARTICLE"
},

{
    "_id" : "577c432c0227c30f5cf44bf9",
    "actualClass" : "mkuhn_693",
    "authors" : [ 
        "Michael Kuhn", 
        "julian m. kunkel", 
        "thomas ludwig"
    ],
    "title" : "Dynamic file system semantics to enable metadata optimizations in PVFS",
    "year" : 2009,
    "journal" : "Concurrency and Computation: Practice and Experience",
    "type" : "ARTICLE"
},

{
    "_id" : "577c432c0227c30f5cf44bfa",
    "actualClass" : "dbrown_167",
    "authors" : [ 
        "Daniel G. Brown", 
        "todd j. vision", 
        "steven d. tanksleyt"
    ],
    "title" : "Selective mapping: a discrete optimization approach to selecting a population subset for use in a high-density genetic mapping project",
    "year" : 2000,
    "journal" : "Symposium on Discrete Algorithms",
    "type" : "ARTICLE"
},

{
    "_id" : "577c432c0227c30f5cf44bfb",
    "actualClass" : "blindsay_111",
    "authors" : [ 
        "Bruce G. Lindsay", 
        "chang xuan mao"
    ],
    "title" : "Tests and diagnostics for heterogeneity in the species problem",
    "year" : 2003,
    "journal" : "Computational Statistics & Data Analysis",
    "type" : "ARTICLE"
},

{
    "_id" : "577c432c0227c30f5cf44bfc",
    "actualClass" : "jzhang_360",
    "authors" : [ 
        "Jian Zhang"
    ],
    "title" : "Finite Model Generation and Formal Specification Development",
    "year" : 1997,
    "journal" : "Technology of Object-Oriented Languages and Systems",
    "type" : "ARTICLE"
},

{
    "_id" : "577c432c0227c30f5cf44bfd",
    "actualClass" : "yliu_1136",
    "authors" : [ 
        "Yan Liu", 
        "bojan cukic", 
        "michael jiang", 
        "zhiwei xu"
    ],
    "title" : "Predicting with Confidence - An Improved Dynamic Cell Structure",
    "year" : 2005,
    "journal" : "International Conference on Natural Computation",
    "type" : "ARTICLE"
},

{
    "_id" : "577c432c0227c30f5cf44bfe",
    "actualClass" : "wwang_1070",
    "authors" : [ 
        "Wei Wang", 
        "zhiyuan chen", 
        "chen li", 
        "jian pei", 
        "yufei tao", 
        "haixun wang", 
        "jiong yang", 
        "jun yang", 
        "donghui zhang"
    ],
    "title" : "Recent Progress on Selected Topics in Database Research - A Report by Nine Young Chinese Researchers Working in the United States",
    "year" : 2003,
    "journal" : "Journal of Computer Science and Technology",
    "type" : "ARTICLE"
},

{
    "_id" : "577c432c0227c30f5cf44bff",
    "actualClass" : "rwilson_867",
    "authors" : [ 
        "Richard M. Wilson", 
        "r. daniel bergeron"
    ],
    "title" : "Dynamic Hierarchy Specification and Visualization",
    "year" : 1999,
    "journal" : "IEEE Symposium on Information Visualization",
    "type" : "ARTICLE"
},

{
    "_id" : "577c432c0227c30f5cf44c00",
    "actualClass" : "nkobayashi_776",
    "authors" : [ 
        "Naoki Kobayashi", 
        "seishi takamura"
    ],
    "title" : "Practical extension to CIELUV color space to improve uniformity",
    "year" : 2002,
    "journal" : "International Conference on Image Processing",
    "type" : "ARTICLE"
},

{
    "_id" : "577c432c0227c30f5cf44c01",
    "actualClass" : "bliu_82",
    "authors" : [ 
        "Bin Liu", 
        "h. v. jagadish"
    ],
    "title" : "A Spreadsheet Algebra for a Direct Data Manipulation Query Interface",
    "year" : 2009,
    "journal" : "International Conference on Data Engineering",
    "type" : "ARTICLE"
},

{
    "_id" : "577c432c0227c30f5cf44c02",
    "actualClass" : "mgerke_681",
    "authors" : [ 
        "Michael Gerke", 
        "rudiger ehlers", 
        "bernd finkbeiner", 
        "hans-jorg peter"
    ],
    "title" : "Model Checking the FlexRay Physical Layer Protocol",
    "year" : 2010,
    "journal" : "Formal Methods for Industrial Critical Systems",
    "type" : "ARTICLE"
},

{
    "_id" : "577c432c0227c30f5cf44c03",
    "actualClass" : "cliu_121",
    "authors" : [ 
        "Chao Liu", 
        "xifeng yan", 
        "hwanjo yu", 
        "jiawei han", 
        "philip s. yu"
    ],
    "title" : "Mining Behavior Graphs for \"\"Backtrace\"\" of Noncrashing Bugs",
    "year" : 2005,
    "journal" : "SIAM International Conference on Data Mining",
    "type" : "ARTICLE"
},

{
    "_id" : "577c432c0227c30f5cf44c04",
    "actualClass" : "tmatsuda_998",
    "authors" : [ 
        "Takahiro Matsuda", 
        "goichiro hanaoka", 
        "kanta matsuura", 
        "hideki imai"
    ],
    "title" : "A Practical Provider Authentication System for Bidirectional Broadcast Service",
    "year" : 2007,
    "journal" : "Knowledge-Based Intelligent Information & Engineering Systems",
    "type" : "ARTICLE"
},

{
    "_id" : "577c432c0227c30f5cf44c05",
    "actualClass" : "ywang_1147",
    "authors" : [ 
        "Yan Wang", 
        "xiaolin pang", 
        "kian-lee tan", 
        "jian ren"
    ],
    "title" : "A Secure Agent-Mediated Payment Protocol",
    "year" : 2002,
    "journal" : "International Conference on Information and Communication Security",
    "type" : "ARTICLE"
},

{
    "_id" : "577c432c0227c30f5cf44c06",
    "actualClass" : "lchen_506",
    "authors" : [ 
        "Lei Chen", 
        "di wu", 
        "yiping ke", 
        "jeffrey xu yu", 
        "philip s. yu"
    ],
    "title" : "Detecting Leaders from Correlated Time Series",
    "year" : 2010,
    "journal" : "Database Systems for Advanced Applications",
    "type" : "ARTICLE"
},

{
    "_id" : "577c432c0227c30f5cf44c07",
    "actualClass" : "dbrown_167",
    "authors" : [ 
        "Daniel G. Brown", 
        "kathleen bergen", 
        "amy m. gilboy"
    ],
    "title" : "Multidimensional vegetation structure in modeling avian habitat",
    "year" : 2007,
    "journal" : "Ecological Informatics",
    "type" : "ARTICLE"
},

{
    "_id" : "577c432c0227c30f5cf44c08",
    "actualClass" : "pzhang_828",
    "authors" : [ 
        "Ping Zhang", 
        "huan su", 
        "jianhua zhang"
    ],
    "title" : "A Preamble-based Cell Search Scheme for OFDMA Cellular Systems",
    "year" : 2006,
    "journal" : "International Conference on Networking",
    "type" : "ARTICLE"
},

{
    "_id" : "577c432c0227c30f5cf44c09",
    "actualClass" : "cjacobi_143",
    "authors" : [ 
        "Christian Jacobi", 
        "michael backes"
    ],
    "title" : "Cryptographically Sound and Machine-Assisted Verification of Security Protocols",
    "year" : 2003,
    "journal" : "Symposium on Theoretical Aspects of Computer Science",
    "type" : "ARTICLE"
},

{
    "_id" : "577c432c0227c30f5cf44c0a",
    "actualClass" : "svenkatesan_908",
    "authors" : [ 
        "S. Venkatesan", 
        "r. miller", 
        "h. carter", 
        "k. davis"
    ],
    "title" : "Hardware/software cosynthesis: multiple constraint satisfaction and component retrieval",
    "year" : 1996,
    "journal" : "International Conference on Engineering of Complex Computer Systems",
    "type" : "ARTICLE"
},

{
    "_id" : "577c432c0227c30f5cf44c0b",
    "actualClass" : "lchen_506",
    "authors" : [ 
        "Lei Chen", 
        "yi zhuang", 
        "yueting zhuang", 
        "qing li", 
        "yi yu"
    ],
    "title" : "Indexing high-dimensional data in dual distance spaces: a symmetrical encoding approach",
    "year" : 2008,
    "journal" : "Extending Database Technology",
    "type" : "ARTICLE"
},

{
    "_id" : "577c432c0227c30f5cf44c0c",
    "actualClass" : "rzhou_901",
    "authors" : [ 
        "Rui Zhou", 
        "jun-jie li", 
        "yong wei"
    ],
    "title" : "A Kind of New Strengthening Buffer Operator and Its Characteristics",
    "year" : 2009,
    "journal" : "Database Technology and Applications",
    "type" : "ARTICLE"
},

{
    "_id" : "577c432c0227c30f5cf44c0d",
    "actualClass" : "mhoffmann_687",
    "authors" : [ 
        "Michael Hoffmann", 
        "thomas erlebach", 
        "alexander hall", 
        "matus mihalak"
    ],
    "title" : "Network Discovery and Verification with Distance Queries",
    "year" : 2006,
    "journal" : "Italian Conference on Algorithms and Complexity",
    "type" : "ARTICLE"
},

{
    "_id" : "577c432c0227c30f5cf44c0e",
    "actualClass" : "jsun_447",
    "authors" : [ 
        "Jun Sun", 
        "kaizhu huang", 
        "yoshinobu hotta", 
        "katsuhito fujimoto", 
        "satoshi naoi", 
        "chong long", 
        "li zhuang", 
        "xiaoyan zhu"
    ],
    "title" : "A Hybrid Handwritten Chinese Address Recognition Approach",
    "year" : 2006,
    "journal" : "International Conference on Neural Information Processing",
    "type" : "ARTICLE"
},

{
    "_id" : "577c432c0227c30f5cf44c0f",
    "actualClass" : "ywang_1155",
    "authors" : [ 
        "Yang Wang"
    ],
    "title" : "Constraint-Sensitive Privacy Management for Personalized Web-Based Systems",
    "year" : 2005,
    "journal" : "User Modeling",
    "type" : "ARTICLE"
},

{
    "_id" : "577c432c0227c30f5cf44c10",
    "actualClass" : "hzhang_314",
    "authors" : [ 
        "Hui Zhang", 
        "paul a. yushkevich", 
        "tony j. simon", 
        "james c. gee"
    ],
    "title" : "Surface-based modeling of white matter fasciculi with orientation encoding",
    "year" : 2008,
    "journal" : "IEEE International Symposium on Biomedical Imaging",
    "type" : "ARTICLE"
},

{
    "_id" : "577c432c0227c30f5cf44c11",
    "actualClass" : "mjiang_741",
    "authors" : [ 
        "Minghui Jiang", 
        "shengle fang", 
        "yi shen", 
        "xiaoxin liao"
    ],
    "title" : "Improved Results on Solving Quadratic Programming Problems with Delayed Neural Network",
    "year" : 2007,
    "journal" : "International Symposium on Neural Networks",
    "type" : "ARTICLE"
},

{
    "_id" : "577c432c0227c30f5cf44c12",
    "actualClass" : "wwang_1070",
    "authors" : [ 
        "Wei Wang", 
        "xiang zhang", 
        "feng pan", 
        "andrew b. nobel"
    ],
    "title" : "Mining non-redundant high order correlations in binary data",
    "year" : 2008,
    "journal" : "Proceedings of The Vldb Endowment",
    "type" : "ARTICLE"
},

{
    "_id" : "577c432c0227c30f5cf44c13",
    "actualClass" : "wmuller_1094",
    "authors" : [ 
        "Wolfgang Muller", 
        "martin eisenhardt", 
        "andreas henrich"
    ],
    "title" : "Scalable summary based retrieval in P2P networks",
    "year" : 2005,
    "journal" : "International Conference on Information and Knowledge Management",
    "type" : "ARTICLE"
},

{
    "_id" : "577c432c0227c30f5cf44c14",
    "actualClass" : "lantunes_593",
    "authors" : [ 
        "Luis Antunes", 
        "c. costa santos", 
        "j. bernardes", 
        "paul m. b. vitanyi"
    ],
    "title" : "Clustering Fetal Heart Rate Tracings by Compression",
    "year" : 2006,
    "journal" : "Computing Research Repository",
    "type" : "ARTICLE"
},

{
    "_id" : "577c432c0227c30f5cf44c15",
    "actualClass" : "nzhang_768",
    "authors" : [ 
        "Nan Zhang", 
        "mark ryan", 
        "dimitar p. guelev"
    ],
    "title" : "Evaluating Access Control Policies Through Model Checking",
    "year" : 2005,
    "journal" : "Information Security Conference/Information Security Workshop",
    "type" : "ARTICLE"
},

{
    "_id" : "577c432c0227c30f5cf44c16",
    "actualClass" : "egordon_221",
    "authors" : [ 
        "Eyal Gordon", 
        "alexander m. bronstein", 
        "michael m. bronstein", 
        "ron kimmel"
    ],
    "title" : "Fusion of 2D and 3D data in three-dimensional face recognition",
    "year" : 2004,
    "journal" : "International Conference on Image Processing",
    "type" : "ARTICLE"
},

{
    "_id" : "577c432c0227c30f5cf44c17",
    "actualClass" : "kchen_473",
    "authors" : [ 
        "Kai Chen", 
        "liguo yu"
    ],
    "title" : "An Empirical Study of the Maintenance Effort",
    "year" : 2006,
    "journal" : "Software Engineering and Knowledge Engineering",
    "type" : "ARTICLE"
},

{
    "_id" : "577c432c0227c30f5cf44c18",
    "actualClass" : "kchen_487",
    "authors" : [ 
        "Ke Chen", 
        "lan wang", 
        "huisheng chi"
    ],
    "title" : "Capture Inter-Speaker Information with a Neural Network for Speaker Identification",
    "year" : 2000,
    "journal" : "IJCNN",
    "type" : "ARTICLE"
},

{
    "_id" : "577c432c0227c30f5cf44c19",
    "actualClass" : "pbaumgartner_809",
    "authors" : [ 
        "Peter Baumgartner", 
        "s. zauchner"
    ],
    "title" : "Freie Bildungsressourcen im didaktischen Kontext",
    "year" : 2007,
    "journal" : "Fachtagung e-Learning der Gesellschaft f??r Informatik",
    "type" : "ARTICLE"
},

{
    "_id" : "577c432c0227c30f5cf44c1a",
    "actualClass" : "agupta_11",
    "authors" : [ 
        "Ajay Gupta", 
        "parthasarathy ranganathan", 
        "prashant sarin", 
        "mehul a. shah"
    ],
    "title" : "IT Infrastructure in Emerging Markets: Arguing for an End-to-End Perspective",
    "year" : 2006,
    "journal" : "IEEE Pervasive Computing",
    "type" : "ARTICLE"
},

{
    "_id" : "577c432c0227c30f5cf44c1b",
    "actualClass" : "lzhang_578",
    "authors" : [ 
        "Lu Zhang", 
        "ken-chih liu"
    ],
    "title" : "Natural Joins in Relational Databases with Indefinite and Maybe Information",
    "year" : 1991,
    "journal" : "International Conference on Data Engineering",
    "type" : "ARTICLE"
},

{
    "_id" : "577c432c0227c30f5cf44c1c",
    "actualClass" : "lchen_550",
    "authors" : [ 
        "Lijun Chen", 
        "hai-gang gong", 
        "ming liu", 
        "xiaomin wang", 
        "li xie"
    ],
    "title" : "An Interference Free Cluster-Based TDMA Protocol for Wireless Sensor Networks",
    "year" : 2006,
    "journal" : "Wireless Algorithms, Systems, and Applications",
    "type" : "ARTICLE"
},

{
    "_id" : "577c432c0227c30f5cf44c1d",
    "actualClass" : "wwang_1069",
    "authors" : [ 
        "Wei Wang", 
        "bing liu", 
        "zhihui wang", 
        "xiaoming yang", 
        "baile shi"
    ],
    "title" : "A Bottom-Up Distance-Based Index Tree for Metric Space",
    "year" : 2006,
    "journal" : "Rough Sets and Knowledge Technology",
    "type" : "ARTICLE"
},

{
    "_id" : "577c432c0227c30f5cf44c1e",
    "actualClass" : "lchen_506",
    "authors" : [ 
        "Lei Chen", 
        "xiang lian", 
        "bin wang"
    ],
    "title" : "Approximate Similarity Search over Multiple Stream Time Series",
    "year" : 2007,
    "journal" : "Database Systems for Advanced Applications",
    "type" : "ARTICLE"
},

{
    "_id" : "577c432c0227c30f5cf44c1f",
    "actualClass" : "jmuller_355",
    "authors" : [ 
        "Jens Muller", 
        "rafael schwerdt", 
        "sergei gorlatch"
    ],
    "title" : "Dynamic Service Provisioning for Multiplayer Online Games",
    "year" : 2005,
    "journal" : "Advanced Parallel Programming Technologies",
    "type" : "ARTICLE"
},

{
    "_id" : "577c432c0227c30f5cf44c20",
    "actualClass" : "dmeredith_198",
    "authors" : [ 
        "David Meredith", 
        "j. roger hindley"
    ],
    "title" : "Principal Type-Schemes and Condensed Detachment",
    "year" : 1990,
    "journal" : "Journal of Symbolic Logic",
    "type" : "ARTICLE"
},

{
    "_id" : "577c432c0227c30f5cf44c21",
    "actualClass" : "slee_930",
    "authors" : [ 
        "Seungjin Lee", 
        "kyunghwa kim", 
        "moonhee tark", 
        "hyunja lee", 
        "junho shim", 
        "junsoo lee"
    ],
    "title" : "PROMOD: A Modeling Tool for Product Ontology",
    "year" : 2006,
    "journal" : "Data Engineering Issues in E-Commerce",
    "type" : "ARTICLE"
},

{
    "_id" : "577c432c0227c30f5cf44c22",
    "actualClass" : "pzhang_829",
    "authors" : [ 
        "Ping Zhang", 
        "gary chartrand", 
        "teresa w. haynes", 
        "michael a. henning"
    ],
    "title" : "Stratification and domination in graphs",
    "year" : 2003,
    "journal" : "Discrete Mathematics",
    "type" : "ARTICLE"
},

{
    "_id" : "577c432c0227c30f5cf44c23",
    "actualClass" : "msmith_669",
    "authors" : [ 
        "Matthew Smith", 
        "andy cockburn"
    ],
    "title" : "Hidden messages: evaluating the efficiency of code elision in program navigation",
    "year" : 2003,
    "journal" : "Interacting with Computers",
    "type" : "ARTICLE"
},

{
    "_id" : "577c432c0227c30f5cf44c24",
    "actualClass" : "jmuller_429",
    "authors" : [ 
        "Jochen Muller", 
        "markus hillenbrand", 
        "joachim gotze", 
        "paul muller"
    ],
    "title" : "Role-based AAA for Service Utilization in Federated Domains",
    "year" : 2005,
    "journal" : "DFN Arbeitstagung ??ber Kommunikationsnetze",
    "type" : "ARTICLE"
},

{
    "_id" : "577c432c0227c30f5cf44c25",
    "actualClass" : "wkim_1099",
    "authors" : [ 
        "Won Kim", 
        "hyojong jang", 
        "gye-young kim"
    ],
    "title" : "Transmission Rate Prediction of VBR Motion Image Using the Kalman Filter",
    "year" : 2006,
    "journal" : "Computational Science and Its Applications",
    "type" : "ARTICLE"
},

{
    "_id" : "577c432c0227c30f5cf44c26",
    "actualClass" : "wwang_1070",
    "authors" : [ 
        "Wei Wang", 
        "eric yi liu", 
        "qi zhang", 
        "leonard mcmillan", 
        "fernando pardo-manuel de villena"
    ],
    "title" : "Efficient genome ancestry inference in complex pedigrees with inbreeding",
    "year" : 2010,
    "journal" : "Bioinformatics/computer Applications in The Biosciences",
    "type" : "ARTICLE"
},

{
    "_id" : "577c432c0227c30f5cf44c27",
    "actualClass" : "blawson_69",
    "authors" : [ 
        "Barry Lawson", 
        "stephen g. powell", 
        "kenneth r. baker"
    ],
    "title" : "Errors in Operational Spreadsheets: A Review of the State of the Art",
    "year" : 2009,
    "journal" : "Hawaii International Conference on System Sciences",
    "type" : "ARTICLE"
},

{
    "_id" : "577c432c0227c30f5cf44c28",
    "actualClass" : "kschmidt_481",
    "authors" : [ 
        "Karsten Schmidt", 
        "yi ou", 
        "theo harder"
    ],
    "title" : "The promise of solid state disks: increasing efficiency and reducing cost of DBMS processing",
    "year" : 2009,
    "journal" : "Canadian Conference on Computer Science & Software Engineering",
    "type" : "ARTICLE"
},

{
    "_id" : "577c432c0227c30f5cf44c29",
    "actualClass" : "aheuer_52",
    "authors" : [ 
        "Andreas Heuer", 
        "christoph meinel"
    ],
    "title" : "Database based Navigation Assistant",
    "year" : 1999,
    "journal" : "World Conference on the WWW and Internet",
    "type" : "ARTICLE"
},

{
    "_id" : "577c432c0227c30f5cf44c2a",
    "actualClass" : "gschneider_253",
    "authors" : [ 
        "Georg Schneider"
    ],
    "title" : "Wissensbasierte Grafikgenerierung: eine Werkbank zum Erzeugen von 3D-Illustrationen",
    "year" : 1995,
    "journal" : "K??nstliche Intelligenz",
    "type" : "ARTICLE"
},

{
    "_id" : "577c432c0227c30f5cf44c2b",
    "actualClass" : "ywang_1155",
    "authors" : [ 
        "Yang Wang", 
        "alfred kobsa"
    ],
    "title" : "Respecting Users' Individual Privacy Constraints in Web Personalization",
    "year" : 2007,
    "journal" : "User Modeling",
    "type" : "ARTICLE"
},

{
    "_id" : "577c432c0227c30f5cf44c2c",
    "actualClass" : "wmuller_1096",
    "authors" : [ 
        "Wolfgang Muller", 
        "peer griebel", 
        "georg lehrenfeld", 
        "christoph tahedl", 
        "holger uhr"
    ],
    "title" : "Integrating a Constraint Solver into a Real-Time Animation Environment",
    "year" : 1996,
    "journal" : "Visual Languages/Human-Centric Computing Languages and Environments",
    "type" : "ARTICLE"
},

{
    "_id" : "577c432c0227c30f5cf44c2d",
    "actualClass" : "wtan_1061",
    "authors" : [ 
        "Wei Tan", 
        "huaqiang yuan", 
        "yaxun wang", 
        "jie zhang", 
        "chao qu", 
        "wenbin he"
    ],
    "title" : "Spatial Fuzzy Clustering Using Varying Coefficients",
    "year" : 2007,
    "journal" : "Advanced Data Mining and Applications",
    "type" : "ARTICLE"
},

{
    "_id" : "577c432c0227c30f5cf44c2e",
    "actualClass" : "jsun_451",
    "authors" : [ 
        "Jun Sun", 
        "jing liu", 
        "wenbo xu"
    ],
    "title" : "Quantum-Behaved Particle Swarm Optimization with Adaptive Mutation Operator",
    "year" : 2006,
    "journal" : "International Conference on Natural Computation",
    "type" : "ARTICLE"
},

{
    "_id" : "577c432c0227c30f5cf44c2f",
    "actualClass" : "wli_1050",
    "authors" : [ 
        "Wei Li", 
        "t. aaron gulliver"
    ],
    "title" : "Sparsity-Driven Multiple Access Ultra-Wideband Signal Detection",
    "year" : 2006,
    "journal" : "Vehicular Technology Conference",
    "type" : "ARTICLE"
},

{
    "_id" : "577c432c0227c30f5cf44c30",
    "actualClass" : "tschneider_1021",
    "authors" : [ 
        "Thomas Schneider", 
        "ahmad-reza sadeghi", 
        "immo wehrenberg"
    ],
    "title" : "Efficient Privacy-Preserving Face Recognition",
    "year" : 2009,
    "journal" : "Information Security and Cryptology",
    "type" : "ARTICLE"
},

{
    "_id" : "577c432c0227c30f5cf44c31",
    "actualClass" : "txie_1003",
    "authors" : [ 
        "Tao Xie", 
        "yao sun"
    ],
    "title" : "Sacrificing Reliability for Energy Saving: Is it worthwhile for disk arrays?",
    "year" : 2008,
    "journal" : "International Parallel and Distributed Processing Symposium/International Parallel Processing Symposium",
    "type" : "ARTICLE"
},

{
    "_id" : "577c432c0227c30f5cf44c32",
    "actualClass" : "jsun_451",
    "authors" : [ 
        "Jun Sun", 
        "jing liu", 
        "wenbo xu"
    ],
    "title" : "Quantum-Behaved Particle Swarm Optimization with Mutation Operator",
    "year" : 2005,
    "journal" : "International Conference on Tools with Artificial Intelligence",
    "type" : "ARTICLE"
},

{
    "_id" : "577c432c0227c30f5cf44c33",
    "actualClass" : "ywang_1147",
    "authors" : [ 
        "Yan Wang", 
        "ching lin", 
        "vijay varadharajan"
    ],
    "title" : "Maximizing Utility of Mobile Agent Based E-Commerce Applications with Trust Enhanced Security",
    "year" : 2005,
    "journal" : "Trust and Privacy in Digital Business",
    "type" : "ARTICLE"
},

{
    "_id" : "577c432c0227c30f5cf44c34",
    "actualClass" : "wding_1043",
    "authors" : [ 
        "Wei Ding", 
        "gary d. boetticher", 
        "charles moen", 
        "kwok-bun yue"
    ],
    "title" : "Using a pre-assessment exam to construct an effective concept-based genetic program for predicting course success",
    "year" : 2005,
    "journal" : "ACM Sigcse Bulletin",
    "type" : "ARTICLE"
},

{
    "_id" : "577c432c0227c30f5cf44c35",
    "actualClass" : "mfeng_718",
    "authors" : [ 
        "Min Feng", 
        "bin b. zhu", 
        "shipeng li"
    ],
    "title" : "A framework of scalable layered access control for multimedia",
    "year" : 2005,
    "journal" : "IEEE International Symposium on Circuits and Systems",
    "type" : "ARTICLE"
},

{
    "_id" : "577c432c0227c30f5cf44c36",
    "actualClass" : "jyang_457",
    "authors" : [ 
        "Jun Yang", 
        "xiao huang", 
        "qiang xue"
    ],
    "title" : "TupleRank and Implicit Relationship Discovery in Relational Databases",
    "year" : 2003,
    "journal" : "Web-Age Information Management",
    "type" : "ARTICLE"
},

{
    "_id" : "577c432c0227c30f5cf44c37",
    "actualClass" : "nzhong_786",
    "authors" : [ 
        "Ning Zhong", 
        "klaus weihrauch"
    ],
    "title" : "An Algorithm for Computing Fundamental Solutions",
    "year" : 2006,
    "journal" : "Siam Journal on Computing",
    "type" : "ARTICLE"
},

{
    "_id" : "577c432c0227c30f5cf44c38",
    "actualClass" : "mmuller_647",
    "authors" : [ 
        "Martin Muller", 
        "markus enzenberger"
    ],
    "title" : "A Lock-Free Multithreaded Monte-Carlo Tree Search Algorithm",
    "year" : 2009,
    "journal" : "Advances in Computer Games",
    "type" : "ARTICLE"
},

{
    "_id" : "577c432c0227c30f5cf44c39",
    "actualClass" : "yhe_1198",
    "authors" : [ 
        "Ying He", 
        "xuexiang xie", 
        "feng tian", 
        "hock soon seah", 
        "xianfeng gu", 
        "hong qin"
    ],
    "title" : "An Effective Illustrative Visualization Framework Based on Photic Extremum Lines (PELs)",
    "year" : 2007,
    "journal" : "IEEE Transactions on Visualization and Computer Graphics",
    "type" : "ARTICLE"
},

{
    "_id" : "577c432c0227c30f5cf44c3a",
    "actualClass" : "pzhang_828",
    "authors" : [ 
        "Ping Zhang", 
        "li lihua", 
        "guo zhiheng"
    ],
    "title" : "Link adaptation based MIMO systems with easy V-BLAST detection",
    "year" : 2004,
    "journal" : "Vehicular Technology Conference",
    "type" : "ARTICLE"
},

{
    "_id" : "577c432c0227c30f5cf44c3b",
    "actualClass" : "wmuller_1095",
    "authors" : [ 
        "Wolfgang Muller", 
        "max ziegler", 
        "robbie schaefer", 
        "chris loeser"
    ],
    "title" : "Secure Profile Management in Smart Home Networks",
    "year" : 2005,
    "journal" : "DEXA Workshops",
    "type" : "ARTICLE"
},

{
    "_id" : "577c432c0227c30f5cf44c3c",
    "actualClass" : "hzhang_315",
    "authors" : [ 
        "Hui Zhang", 
        "jianguang weng", 
        "yueting zhuang"
    ],
    "title" : "Error-Bounded Solid Voxelization for Polygonal Model Based on Heuristic Seed Filling",
    "year" : 2005,
    "journal" : "International Symposium on Visual Computing",
    "type" : "ARTICLE"
},

{
    "_id" : "577c432c0227c30f5cf44c3d",
    "actualClass" : "jzhang_393",
    "authors" : [ 
        "Jianwei Zhang", 
        "yukiko kawai", 
        "tadahiko kumamoto", 
        "katsumi tanaka"
    ],
    "title" : "A Novel Visualization Method for Distinction of Web News Sentiment",
    "year" : 2009,
    "journal" : "Web Information Systems Engineering",
    "type" : "ARTICLE"
},

{
    "_id" : "577c432c0227c30f5cf44c3f",
    "actualClass" : "lwang_569",
    "authors" : [ 
        "Lingyu Wang", 
        "graham leedham"
    ],
    "title" : "A Watershed Algorithmic Approach for Gray-Scale Skeletonization in Thermal Vein Pattern Biometrics",
    "year" : 2006,
    "journal" : "Computational and Information Science",
    "type" : "ARTICLE"
},

{
    "_id" : "577c432c0227c30f5cf44c40",
    "actualClass" : "rkumar_855",
    "authors" : [ 
        "Rajesh Kumar", 
        "oliver schorr", 
        "nobuhiko hata", 
        "andrew bzostek", 
        "catherina burghart", 
        "russell h. taylor", 
        "ron kikinis"
    ],
    "title" : "Distributed Modular Computer-Integrated Surgical Robotic Systems: Architecture for Intelligent Object Distribution",
    "year" : 2000,
    "journal" : "Medical Image Computing and Computer-Assisted Intervention",
    "type" : "ARTICLE"
},

{
    "_id" : "577c432c0227c30f5cf44c41",
    "actualClass" : "mmehta_609",
    "authors" : [ 
        "Manish Mehta", 
        "rakesh agrawal", 
        "john c. shafer", 
        "ramakrishnan srikant", 
        "andreas arning", 
        "toni bollinger"
    ],
    "title" : "The Quest Data Mining System",
    "year" : 1996,
    "journal" : "Knowledge Discovery and Data Mining",
    "type" : "ARTICLE"
},

{
    "_id" : "577c432c0227c30f5cf44c42",
    "actualClass" : "sramakrishnan_961",
    "authors" : [ 
        "Sridhar Ramakrishnan", 
        "satish udpa"
    ],
    "title" : "Comments on \"\"Detection of Distributed Sources Using Sensor Arrays",
    "year" : 2007,
    "journal" : "IEEE Transactions on Signal Processing",
    "type" : "ARTICLE"
},

{
    "_id" : "577c432c0227c30f5cf44c43",
    "actualClass" : "xliu_1119",
    "authors" : [ 
        "Xiaoming Liu", 
        "kurt maly", 
        "mohammad zubair", 
        "michael l. nelson"
    ],
    "title" : "Repository synchronization in the OAI framework",
    "year" : 2003,
    "journal" : "ACM/IEEE Joint Conference on Digital Libraries",
    "type" : "ARTICLE"
},

{
    "_id" : "577c432c0227c30f5cf44c44",
    "actualClass" : "qxu_846",
    "authors" : [ 
        "Qing Xu", 
        "manuel sabban", 
        "philippe gallion", 
        "francisco mendieta"
    ],
    "title" : "Quantum key distribution system using dual-threshold homodyne detection",
    "year" : 2008,
    "journal" : "Conference Internationale Associant Chercheurs Vietnamiens et Francophones en Informatique",
    "type" : "ARTICLE"
},

{
    "_id" : "577c432c0227c30f5cf44c45",
    "actualClass" : "drussell_202",
    "authors" : [ 
        "David R. Russell", 
        "charles bazerman", 
        "david blakesley", 
        "michael palmquist"
    ],
    "title" : "Open access book publishing in writing studies: A case study",
    "year" : 2008,
    "journal" : "First Monday",
    "type" : "ARTICLE"
},

{
    "_id" : "577c432c0227c30f5cf44c46",
    "actualClass" : "bfischer_75",
    "authors" : [ 
        "Bernd Fischer", 
        "johann schumann"
    ],
    "title" : "NORA/HAMMR: Making Deduction-Based Software Component Retrieval Practical",
    "year" : 1997,
    "journal" : "Automated Software Engineering",
    "type" : "ARTICLE"
},

{
    "_id" : "577c432c0227c30f5cf44c47",
    "actualClass" : "kzhao_479",
    "authors" : [ 
        "Kai Zhao", 
        "serguei a. mokhov", 
        "mashrur mia", 
        "petr solodov", 
        "jihed halimi"
    ],
    "title" : "A UI Design Case Study and a Prototype of a Travel Search Engine",
    "year" : 2010,
    "journal" : "Computing Research Repository",
    "type" : "ARTICLE"
},

{
    "_id" : "577c432c0227c30f5cf44c48",
    "actualClass" : "sparthasarathy_962",
    "authors" : [ 
        "Srinivasan Parthasarathy", 
        "v. s. anil kumar", 
        "madhav v. marathe", 
        "aravind srinivasan"
    ],
    "title" : "Approximation Algorithms for Scheduling on Multiple Machines",
    "year" : 2005,
    "journal" : "IEEE Symposium on Foundations of Computer Science",
    "type" : "ARTICLE"
},

{
    "_id" : "577c432c0227c30f5cf44c49",
    "actualClass" : "mrahman_763",
    "authors" : [ 
        "Mustafizur Rahman", 
        "suraj pandey", 
        "william voorsluys", 
        "rajkumar buyya", 
        "james dobson", 
        "kenneth chiu"
    ],
    "title" : "Brain Image Registration Analysis Workflow for fMRI Studies on Global Grids",
    "year" : 2009,
    "journal" : "Advanced Information Networking and Applications",
    "type" : "ARTICLE"
},

{
    "_id" : "577c432c0227c30f5cf44c4b",
    "actualClass" : "jzhang_364",
    "authors" : [ 
        "Jian Zhang", 
        "joan feigenbaum", 
        "sampath kannan", 
        "andrew mcgregor", 
        "siddharth suri"
    ],
    "title" : "On graph problems in a semi-streaming model",
    "year" : 2005,
    "journal" : "Theoretical Computer Science",
    "type" : "ARTICLE"
},

{
    "_id" : "577c432c0227c30f5cf44c4c",
    "actualClass" : "wli_1057",
    "authors" : [ 
        "Wei Li", 
        "raed shatnawi"
    ],
    "title" : "An empirical study of the boundary values of the object-oriented metrics",
    "year" : 2006,
    "journal" : "Computer Applications in Industry and Engineering",
    "type" : "ARTICLE"
},

{
    "_id" : "577c432c0227c30f5cf44c4d",
    "actualClass" : "yfeng_1172",
    "authors" : [ 
        "Yi Feng", 
        "zhigang zhu", 
        "jizhong xiao"
    ],
    "title" : "Heterogeneous Multi-Robot Localization in Unknown 3D Space",
    "year" : 2006,
    "journal" : "International Conference on Intelligent RObots and Systems - IROS",
    "type" : "ARTICLE"
},

{
    "_id" : "577c432c0227c30f5cf44c4e",
    "actualClass" : "mhoffmann_687",
    "authors" : [ 
        "Michael Hoffmann", 
        "s. muthukrishnan", 
        "rajeev raman"
    ],
    "title" : "Streaming Algorithms for Data in Motion",
    "year" : 2007,
    "journal" : "Combinatorics, Algorithms, Probabilistic and Experimental Methodologies",
    "type" : "ARTICLE"
},

{
    "_id" : "577c432c0227c30f5cf44c4f",
    "actualClass" : "lchen_506",
    "authors" : [ 
        "Lei Chen", 
        "xiang lian"
    ],
    "title" : "Ranked Query Processing in Uncertain Databases",
    "year" : 2010,
    "journal" : "IEEE Transactions on Knowledge and Data Engineering",
    "type" : "ARTICLE"
},

{
    "_id" : "577c432c0227c30f5cf44c50",
    "actualClass" : "lzhang_551",
    "authors" : [ 
        "Lijun Zhang", 
        "victor o. k. li", 
        "zhigang cao"
    ],
    "title" : "Non-binary type-II HARQ and its application to an adaptive system",
    "year" : 2005,
    "journal" : "International Journal of Communication Systems",
    "type" : "ARTICLE"
},

{
    "_id" : "577c432c0227c30f5cf44c51",
    "actualClass" : "wwang_1062",
    "authors" : [ 
        "Wei Wang", 
        "vikram srinivasan", 
        "kee-chaing chua"
    ],
    "title" : "Extending the lifetime of wireless sensor networks through mobile relays",
    "year" : 2008,
    "journal" : "IEEE/ACM Transactions on Networking",
    "type" : "ARTICLE"
},

{
    "_id" : "577c432c0227c30f5cf44c52",
    "actualClass" : "wwang_1078",
    "authors" : [ 
        "Wei Wang", 
        "tulay adali", 
        "darren emge"
    ],
    "title" : "Target detection and identification using canonical correlation analysis and subspace partitioning",
    "year" : 2008,
    "journal" : "International Conference on Acoustics, Speech, and Signal Processing",
    "type" : "ARTICLE"
},

{
    "_id" : "577c432c0227c30f5cf44c53",
    "actualClass" : "sagarwal_910",
    "authors" : [ 
        "Sachin Agarwal", 
        "shinjae yoo", 
        "donna gates", 
        "lori s. levin", 
        "simon fung", 
        "michael freed"
    ],
    "title" : "Using Semantic Features to Improve Task Identification in Email Messages",
    "year" : 2008,
    "journal" : "Applications of Natural Language to Data Bases",
    "type" : "ARTICLE"
},

{
    "_id" : "577c432c0227c30f5cf44c54",
    "actualClass" : "kchen_490",
    "authors" : [ 
        "Ke Chen", 
        "yunong zhang", 
        "weimu ma", 
        "xiao-dong li", 
        "hong-zhou tan"
    ],
    "title" : "MATLAB Simulink modeling and simulation of LVI-based primal-dual neural network for solving linear and quadratic programs",
    "year" : 2009,
    "journal" : "Neurocomputing",
    "type" : "ARTICLE"
},

{
    "_id" : "577c432c0227c30f5cf44c55",
    "actualClass" : "pzhang_830",
    "authors" : [ 
        "Ping Zhang", 
        "tien d. bui", 
        "ching y. suen"
    ],
    "title" : "Feature dimensionality reduction for the verification of handwritten numerals",
    "year" : 2004,
    "journal" : "Pattern Analysis and Applications",
    "type" : "ARTICLE"
},

{
    "_id" : "577c432c0227c30f5cf44c56",
    "actualClass" : "wmuller_1094",
    "authors" : [ 
        "Wolfgang Muller", 
        "p. oscar boykin", 
        "nima sarshar", 
        "vwani p. roychowdhury"
    ],
    "title" : "Comparison of Image Similarity Queries in P2P Systems",
    "year" : 2006,
    "journal" : "Computing Research Repository",
    "type" : "ARTICLE"
},

{
    "_id" : "577c432c0227c30f5cf44c57",
    "actualClass" : "mschulz_656",
    "authors" : [ 
        "Martin Schulz"
    ],
    "title" : "Creating a Culture of Knowledge Sharing in Law Firms",
    "year" : 2005,
    "journal" : "Wissensmanagement",
    "type" : "ARTICLE"
},

{
    "_id" : "577c432c0227c30f5cf44c58",
    "actualClass" : "lzhang_552",
    "authors" : [ 
        "Lijun Zhang", 
        "yang zhang", 
        "zhanhuai li", 
        "yan jianfeng"
    ],
    "title" : "Improving the Performance of Text Classifiers by Using Association Features",
    "year" : 2003,
    "journal" : "International Syposium on Methodologies for Intelligent Systems",
    "type" : "ARTICLE"
},

{
    "_id" : "577c432c0227c30f5cf44c59",
    "actualClass" : "sfischer_952",
    "authors" : [ 
        "Simon Fischer", 
        "willi meier"
    ],
    "title" : "Algebraic Immunity of S-Boxes and Augmented Functions",
    "year" : 2007,
    "journal" : "Fast Software Encryption",
    "type" : "ARTICLE"
},

{
    "_id" : "577c432c0227c30f5cf44c5a",
    "actualClass" : "mlang_696",
    "authors" : [ 
        "Michael Lang", 
        "kevin j. barker", 
        "kei davis", 
        "adolfy hoisie", 
        "darren j. kerbyson", 
        "scott pakin", 
        "jose carlos sancho"
    ],
    "title" : "Entering the petaflop era: the architecture and performance of Roadrunner",
    "year" : 2008,
    "journal" : "Supercomputing Conference",
    "type" : "ARTICLE"
},

{
    "_id" : "577c432c0227c30f5cf44c5b",
    "actualClass" : "jyang_457",
    "authors" : [ 
        "Jun Yang", 
        "hao he", 
        "haixun wang", 
        "philip s. yu"
    ],
    "title" : "Compact reachability labeling for graph-structured data",
    "year" : 2005,
    "journal" : "International Conference on Information and Knowledge Management",
    "type" : "ARTICLE"
},

{
    "_id" : "577c432c0227c30f5cf44c5c",
    "actualClass" : "skhan_934",
    "authors" : [ 
        "Shahbaz Khan", 
        "luo yufeng", 
        "aftab ahmad"
    ],
    "title" : "Analysing complex behaviour of hydrological systems through a system dynamics approach",
    "year" : 2009,
    "journal" : "Environmental Modelling and Software",
    "type" : "ARTICLE"
},

{
    "_id" : "577c432c0227c30f5cf44c5d",
    "actualClass" : "cwang_136",
    "authors" : [ 
        "Chong Wang", 
        "zhisheng li", 
        "xing xie", 
        "xufa wang", 
        "wei-ying ma"
    ],
    "title" : "Exploring LDA-Based Document Model for Geographic Information Retrieval",
    "year" : 2007,
    "journal" : "Cross-Language Evaluation Forum",
    "type" : "ARTICLE"
},

{
    "_id" : "577c432c0227c30f5cf44c5e",
    "actualClass" : "wwang_1081",
    "authors" : [ 
        "Weiping Wang", 
        "jianzhong li", 
        "xu wang", 
        "dongdong zhang", 
        "longjiang guo"
    ],
    "title" : "Evaluating Stream and Disk Join in Continuous Queries",
    "year" : 2004,
    "journal" : "Grid and Cooperative Computing",
    "type" : "ARTICLE"
},

{
    "_id" : "577c432c0227c30f5cf44c5f",
    "actualClass" : "nzhang_772",
    "authors" : [ 
        "Nan Zhang", 
        "hai zhuge", 
        "liping zheng", 
        "xiang li"
    ],
    "title" : "An automatic semantic relationships discovery approach",
    "year" : 2004,
    "journal" : "World Wide Web Conference Series",
    "type" : "ARTICLE"
},

{
    "_id" : "577c432c0227c30f5cf44c60",
    "actualClass" : "lzhang_590",
    "authors" : [ 
        "Lu Zhang", 
        "guiguang ding", 
        "jianmin wang", 
        "na xu"
    ],
    "title" : "Automatic Image Annotations by Mining Web Image Data",
    "year" : 2009,
    "journal" : "IEEE International Conference on Data Mining",
    "type" : "ARTICLE"
},

{
    "_id" : "577c432c0227c30f5cf44c61",
    "actualClass" : "wwang_1070",
    "authors" : [ 
        "Wei Wang", 
        "jiong yang", 
        "richard r. muntz"
    ],
    "title" : "STING+: An Approach to Active Spatial Data Mining",
    "year" : 1999,
    "journal" : "International Conference on Data Engineering",
    "type" : "ARTICLE"
},

{
    "_id" : "577c432c0227c30f5cf44c62",
    "actualClass" : "wding_1041",
    "authors" : [ 
        "Wei Ding", 
        "guang cheng", 
        "yongning tang"
    ],
    "title" : "A Double-Sampling and Hold Based Approach for Accurate and Efficient Network Flow Monitoring",
    "year" : 2007,
    "journal" : "International Conference on Computational Science",
    "type" : "ARTICLE"
},

{
    "_id" : "577c432c0227c30f5cf44c63",
    "actualClass" : "aheuer_52",
    "authors" : [ 
        "Andreas Heuer", 
        "zhongdong zhang", 
        "ernst georg haffner", 
        "thomas engel", 
        "christoph meinel"
    ],
    "title" : "Role-based access control in online authoring and publishing systems vs. document hierarchy",
    "year" : 1999,
    "journal" : "ACM Special Interest Group for Design of Communication",
    "type" : "ARTICLE"
},

{
    "_id" : "577c432c0227c30f5cf44c64",
    "actualClass" : "dkumar_207",
    "authors" : [ 
        "Dinesh Kumar", 
        "eitan altman", 
        "jean-marc kelif"
    ],
    "title" : "User-Network Association in a WLAN-UMTS Hybrid Cell: Global & Individual Optimality",
    "year" : 2006,
    "journal" : "Computing Research Repository",
    "type" : "ARTICLE"
},

{
    "_id" : "577c432c0227c30f5cf44c65",
    "actualClass" : "jmuller_429",
    "authors" : [ 
        "Jochen Muller", 
        "joachim gotze", 
        "paul muller"
    ],
    "title" : "Iterative Service Orchestration based on Dependability Attributes",
    "year" : 2008,
    "journal" : "Software Engineering and Advanced Applications",
    "type" : "ARTICLE"
},

{
    "_id" : "577c432c0227c30f5cf44c66",
    "actualClass" : "jzhang_369",
    "authors" : [ 
        "Jian Zhang", 
        "xiaojing yuan", 
        "xiaohui yuan", 
        "bill p. buckles"
    ],
    "title" : "Multi-scale feature identification using evolution strategies",
    "year" : 2005,
    "journal" : "Image and Vision Computing",
    "type" : "ARTICLE"
},

{
    "_id" : "577c432c0227c30f5cf44c67",
    "actualClass" : "dbeyer_209",
    "authors" : [ 
        "Dirk Beyer", 
        "eric anderson", 
        "kamalika chaudhuri", 
        "terence kelly", 
        "norman salazar", 
        "cipriano a. santos", 
        "ram swaminathan", 
        "robert endre tarjan", 
        "janet l. wiener", 
        "yunhong zhou"
    ],
    "title" : "Deadline scheduling for animation rendering",
    "year" : 2005,
    "journal" : "Sigmetrics Performance Evaluation Review",
    "type" : "ARTICLE"
},

{
    "_id" : "577c432c0227c30f5cf44c68",
    "actualClass" : "mhofmann_638",
    "authors" : [ 
        "Martin Hofmann", 
        "ralf cordes", 
        "horst langendorfer", 
        "e. lubben", 
        "h. peyn", 
        "klaus sullow", 
        "t. topperwien"
    ],
    "title" : "Vom lokalen Hypertext zum verteilten Hypermediasystem",
    "year" : 1990,
    "journal" : "Hypertext, Information Retrieval, Multimedia",
    "type" : "ARTICLE"
},

{
    "_id" : "577c432c0227c30f5cf44c69",
    "actualClass" : "wding_1042",
    "authors" : [ 
        "Wei Ding", 
        "rongzeng cao", 
        "bonnie ray"
    ],
    "title" : "Mathematical models and simulation for project portfolios optimization",
    "year" : 2007,
    "journal" : "Winter Simulation Conference",
    "type" : "ARTICLE"
},

{
    "_id" : "577c432c0227c30f5cf44c6a",
    "actualClass" : "lchen_550",
    "authors" : [ 
        "Lijun Chen", 
        "shigeng zhang", 
        "jiannong cao", 
        "yingpei zeng", 
        "zhuo li", 
        "daoxu chen"
    ],
    "title" : "On accuracy of region based localization algorithms for wireless sensor networks",
    "year" : 2010,
    "journal" : "Computer Communications",
    "type" : "ARTICLE"
},

{
    "_id" : "577c432c0227c30f5cf44c6b",
    "actualClass" : "jzhang_361",
    "authors" : [ 
        "Jian Zhang", 
        "sijun lu", 
        "david dagan feng"
    ],
    "title" : "Classification of Moving Humans Using Eigen-Features and Support Vector Machines",
    "year" : 2005,
    "journal" : "Computer Analysis of Images and Patterns",
    "type" : "ARTICLE"
},

{
    "_id" : "577c432c0227c30f5cf44c6c",
    "actualClass" : "tyoshino_1000",
    "authors" : [ 
        "Takashi Yoshino", 
        "tsuyoshi oguni", 
        "masaki nakagawa"
    ],
    "title" : "Demonstration of the IdeaBoard Interface and Applications",
    "year" : 1997,
    "journal" : "IFIP Conference on Human-Computer Interaction",
    "type" : "ARTICLE"
},

{
    "_id" : "577c432c0227c30f5cf44c6d",
    "actualClass" : "kchen_489",
    "authors" : [ 
        "Ke Chen", 
        "lukasz a. kurgan", 
        "jishou ruan"
    ],
    "title" : "Prediction of protein structural class using novel evolutionary collocation-based sequence representation",
    "year" : 2008,
    "journal" : "Journal of Computational Chemistry",
    "type" : "ARTICLE"
},

{
    "_id" : "577c432c0227c30f5cf44c6e",
    "actualClass" : "awu_8",
    "authors" : [ 
        "Aihua Wu", 
        "mark wiley", 
        "jianwen su"
    ],
    "title" : "WSDL-D: A Flexible Web Service Invocation Mechanism for Large Datasets",
    "year" : 2008,
    "journal" : "Workshop on Advanced Issues of E-Commerce and Web/based Information Systems/Conference on Electronic Commerce",
    "type" : "ARTICLE"
},

{
    "_id" : "577c432c0227c30f5cf44c6f",
    "actualClass" : "kwalczak_500",
    "authors" : [ 
        "Krzysztof Walczak", 
        "pawel terlecki"
    ],
    "title" : "On the relation between rough set reducts and jumping emerging patterns",
    "year" : 2007,
    "journal" : "Information Sciences",
    "type" : "ARTICLE"
},

{
    "_id" : "577c432c0227c30f5cf44c70",
    "actualClass" : "wli_1050",
    "authors" : [ 
        "Wei Li", 
        "xiaoling qiu", 
        "haiping liu", 
        "dipak ghosal", 
        "biswanath mukherjee", 
        "john benko", 
        "rashmi bajaj"
    ],
    "title" : "Adaptive video compression rate optimization in wireless access networks",
    "year" : 2009,
    "journal" : "IEEE Conference on Local Computer Networks",
    "type" : "ARTICLE"
},

{
    "_id" : "577c432c0227c30f5cf44c71",
    "actualClass" : "jkang_470",
    "authors" : [ 
        "Juyoung Kang", 
        "hwan-seung yong"
    ],
    "title" : "Spatio-temporal discretization for sequential pattern mining",
    "year" : 2008,
    "journal" : "International Conference on Ubiquitous Information Management and Communication",
    "type" : "ARTICLE"
},

{
    "_id" : "577c432c0227c30f5cf44c72",
    "actualClass" : "wwang_1070",
    "authors" : [ 
        "Wei Wang", 
        "mohammed javeed zaki", 
        "george karypis", 
        "jiong yang"
    ],
    "title" : "Introduction to special issue on bioinformatics",
    "year" : 2008,
    "journal" : "ACM Transactions on Knowledge Discovery From Data",
    "type" : "ARTICLE"
},

{
    "_id" : "577c432c0227c30f5cf44c73",
    "actualClass" : "jzhang_364",
    "authors" : [ 
        "Jian Zhang", 
        "tiancheng li", 
        "ninghui li"
    ],
    "title" : "Modeling and Integrating Background Knowledge in Data Anonymization",
    "year" : 2009,
    "journal" : "International Conference on Data Engineering",
    "type" : "ARTICLE"
},

{
    "_id" : "577c432c0227c30f5cf44c74",
    "actualClass" : "lhe_559",
    "authors" : [ 
        "Lili He", 
        "deng chao"
    ],
    "title" : "Multi-agent framework for distributed geographic information services",
    "year" : 2004,
    "journal" : "IEEE International Conference on Systems, Man, and Cybernetics",
    "type" : "ARTICLE"
},

{
    "_id" : "577c432c0227c30f5cf44c75",
    "actualClass" : "mmuller_647",
    "authors" : [ 
        "Martin Muller", 
        "akihiro kishimoto"
    ],
    "title" : "A General Solution to the Graph History Interaction Problem",
    "year" : 2004,
    "journal" : "National Conference on Artificial Intelligence",
    "type" : "ARTICLE"
},

{
    "_id" : "577c432c0227c30f5cf44c76",
    "actualClass" : "kchen_491",
    "authors" : [ 
        "Ke Chen", 
        "tianlei hu", 
        "gang chen", 
        "jinxiang dong"
    ],
    "title" : "An adaptive load balancing framework for parallel database systems based on collaborative agents",
    "year" : 2005,
    "journal" : "Computer Supported Cooperative Work in Design",
    "type" : "ARTICLE"
},

{
    "_id" : "577c432c0227c30f5cf44c77",
    "actualClass" : "jyang_461",
    "authors" : [ 
        "Jun Yang", 
        "alexander g. hauptmann"
    ],
    "title" : "Video grammar for locating named people",
    "year" : 2004,
    "journal" : "ACM/IEEE Joint Conference on Digital Libraries",
    "type" : "ARTICLE"
},

{
    "_id" : "577c432c0227c30f5cf44c78",
    "actualClass" : "gyang_264",
    "authors" : [ 
        "Guang Yang", 
        "bedabrata pain", 
        "suresh seshadri", 
        "monico ortiz", 
        "chris wrigley"
    ],
    "title" : "CMOS imager with charge-leakage compensated frame difference and sum output",
    "year" : 2001,
    "journal" : "IEEE International Symposium on Circuits and Systems",
    "type" : "ARTICLE"
},

{
    "_id" : "577c432c0227c30f5cf44c79",
    "actualClass" : "plafourcade_796",
    "authors" : [ 
        "Pascal Lafourcade", 
        "david gouaillier", 
        "vincent hugel", 
        "pierre blazevic", 
        "chris kilner", 
        "jerome monceaux", 
        "brice marnier", 
        "julien serre", 
        "bruno maisonnier"
    ],
    "title" : "The NAO humanoid: a combination of performance and affordability",
    "year" : 2008,
    "journal" : "Computing Research Repository",
    "type" : "ARTICLE"
},

{
    "_id" : "577c432c0227c30f5cf44c7a",
    "actualClass" : "jliu_376",
    "authors" : [ 
        "Jiang Liu", 
        "guohua wu"
    ],
    "title" : "Isolation, Infima and Diamond Embeddings",
    "year" : 2007,
    "journal" : "Journal of Logic and Computation",
    "type" : "ARTICLE"
},

{
    "_id" : "577c432c0227c30f5cf44c7b",
    "actualClass" : "wwang_1069",
    "authors" : [ 
        "Wei Wang", 
        "zhihui wang", 
        "bing liu", 
        "haofeng zhou", 
        "baile shi"
    ],
    "title" : "An Effective Approach for Hiding Sensitive Knowledge in Data Publishing",
    "year" : 2006,
    "journal" : "Web-Age Information Management",
    "type" : "ARTICLE"
},

{
    "_id" : "577c432c0227c30f5cf44c7c",
    "actualClass" : "rmarinescu_852",
    "authors" : [ 
        "Radu Marinescu", 
        "rina dechter"
    ],
    "title" : "Dynamic Orderings for AND/OR Branch-and-Bound Search in Graphical Models",
    "year" : 2006,
    "journal" : "European Conference on Artificial Intelligence",
    "type" : "ARTICLE"
},

{
    "_id" : "577c432c0227c30f5cf44c7d",
    "actualClass" : "lzhang_517",
    "authors" : [ 
        "Lei Zhang", 
        "rastislav lukac", 
        "xiaolin wu", 
        "david zhang"
    ],
    "title" : "PCA-Based Spatially Adaptive Denoising of CFA Images for Single-Sensor Digital Cameras",
    "year" : 2009,
    "journal" : "IEEE Transactions on Image Processing",
    "type" : "ARTICLE"
},

{
    "_id" : "577c432c0227c30f5cf44c7e",
    "actualClass" : "mkumar_611",
    "authors" : [ 
        "Manoj Kumar", 
        "yogesh singh", 
        "anjana gosain"
    ],
    "title" : "Evaluation of Agent Oriented Requirements Engineering Frameworks",
    "year" : 2008,
    "journal" : "IEEE Control Systems Magazine",
    "type" : "ARTICLE"
},

{
    "_id" : "577c432c0227c30f5cf44c7f",
    "actualClass" : "rwang_889",
    "authors" : [ 
        "Rui Wang", 
        "francis c. m. lau", 
        "yan yan liu"
    ],
    "title" : "NP-Completeness Results for All-Shortest-Path Interval Routing",
    "year" : 2004,
    "journal" : "Colloquium on Structural Information & Communication Complexity",
    "type" : "ARTICLE"
},

{
    "_id" : "577c432c0227c30f5cf44c80",
    "actualClass" : "rkumar_861",
    "authors" : [ 
        "Rajesh Kumar", 
        "nikhil r. pal", 
        "j. d. sharma", 
        "bhabatosh chanda"
    ],
    "title" : "A Novel Approach for Detection of Alteration in Ball Pen Writings",
    "year" : 2009,
    "journal" : "Pattern Recognition and Machine Intelligence",
    "type" : "ARTICLE"
},

{
    "_id" : "577c432c0227c30f5cf44c81",
    "actualClass" : "wding_1041",
    "authors" : [ 
        "Wei Ding", 
        "mingzhong zhou", 
        "jian gong"
    ],
    "title" : "Study of Dynamic Timeout Strategy based on flow rate metrics in high-speed networks",
    "year" : 2006,
    "journal" : "Scalable Information Systems",
    "type" : "ARTICLE"
},

{
    "_id" : "577c432c0227c30f5cf44c82",
    "actualClass" : "wli_1049",
    "authors" : [ 
        "Wei Li", 
        "hilmar jaschek", 
        "dieter wloka"
    ],
    "title" : "Modifizierung des Roberts' Algorithmus zur graphischen Darstellung von Robotern",
    "year" : 1990,
    "journal" : "Robotersysteme",
    "type" : "ARTICLE"
},

{
    "_id" : "577c432c0227c30f5cf44c83",
    "actualClass" : "dlee_212",
    "authors" : [ 
        "Dong Hoon Lee", 
        "sang cheol hwang", 
        "daewan han", 
        "jae-cheol ryou"
    ],
    "title" : "Vulnerability of a Mobile Payment System Proposed at WISA 2002",
    "year" : 2004,
    "journal" : "Workshop on Information Security Applications",
    "type" : "ARTICLE"
}
]