[
{
    "_id" : "577c432c0227c30f5cf44c84",
    "actualClass" : "jzhang_363",
    "authors" : [ 
        "Jian Zhang", 
        "rong jin", 
        "rong yan", 
        "alexander g. hauptmann"
    ],
    "title" : "A Faster Iterative Scaling Algorithm for Conditional Exponential Model",
    "year" : 2003,
    "journal" : "International Conference on Machine Learning",
    "type" : "ARTICLE"
},

{
    "_id" : "577c432c0227c30f5cf44c85",
    "actualClass" : "abauer_47",
    "authors" : [ 
        "Andreas Bauer", 
        "rajeev gore", 
        "alwen tiu"
    ],
    "title" : "A decidable policy language for history-based transaction monitoring",
    "year" : 2009,
    "journal" : "Computing Research Repository",
    "type" : "ARTICLE"
},

{
    "_id" : "577c432c0227c30f5cf44c86",
    "actualClass" : "cjacobi_143",
    "authors" : [ 
        "Christian Jacobi", 
        "viresh paruthi", 
        "kai weber"
    ],
    "title" : "Efficient Symbolic Simulation via Dynamic Scheduling, Don't Caring, and Case Splitting",
    "year" : 2005,
    "journal" : "Conference on Correct Hardware Design and Verification Methods",
    "type" : "ARTICLE"
},

{
    "_id" : "577c432c0227c30f5cf44c87",
    "actualClass" : "nzhang_770",
    "authors" : [ 
        "Nan Zhang", 
        "donald a. adjeroh", 
        "tim bell", 
        "matt powell", 
        "amar mukherjee"
    ],
    "title" : "Pattern Matching in BWT-Transformed Text",
    "year" : 2002,
    "journal" : "Data Compression Conference",
    "type" : "ARTICLE"
},

{
    "_id" : "577c432c0227c30f5cf44c88",
    "actualClass" : "lchen_506",
    "authors" : [ 
        "Lei Chen", 
        "weixiong rao", 
        "ada wai-chee fu", 
        "yingyi bu"
    ],
    "title" : "Optimal proactive caching in peer-to-peer network: analysis and application",
    "year" : 2007,
    "journal" : "International Conference on Information and Knowledge Management",
    "type" : "ARTICLE"
},

{
    "_id" : "577c432c0227c30f5cf44c89",
    "actualClass" : "jwang_409",
    "authors" : [ 
        "Jing Wang", 
        "min huang", 
        "xiang chen", 
        "yunzhou li", 
        "shidong zhou"
    ],
    "title" : "Receive Antenna Selection for Multiuser MIMO Systems with Tomlinson-Harashima Precoding",
    "year" : 2007,
    "journal" : "Ieice Transactions",
    "type" : "ARTICLE"
},

{
    "_id" : "577c432c0227c30f5cf44c8a",
    "actualClass" : "bfischer_75",
    "authors" : [ 
        "Bernd Fischer", 
        "ewen denney"
    ],
    "title" : "A generic annotation inference algorithm for the safety certification of automatically generated code",
    "year" : 2006,
    "journal" : "Generative Programming and Component Engineering",
    "type" : "ARTICLE"
},

{
    "_id" : "577c432c0227c30f5cf44c8b",
    "actualClass" : "wmuller_1095",
    "authors" : [ 
        "Wolfgang Muller", 
        "stephan flake"
    ],
    "title" : "Past and Future-Oriented Time-Bounded Temporal Properties with OCL",
    "year" : 2004,
    "journal" : "Conference on Software Engineering and Formal Methods",
    "type" : "ARTICLE"
},

{
    "_id" : "577c432c0227c30f5cf44c8c",
    "actualClass" : "wwang_1069",
    "authors" : [ 
        "Wei Wang", 
        "yanghua xiao", 
        "wentao wu", 
        "zhengying he"
    ],
    "title" : "Efficient Algorithms for Node Disjoint Subgraph Homeomorphism Determination",
    "year" : 2007,
    "journal" : "Computing Research Repository",
    "type" : "ARTICLE"
},

{
    "_id" : "577c432c0227c30f5cf44c8d",
    "actualClass" : "fyang_223",
    "authors" : [ 
        "Fan Yang", 
        "jayavel shanmugasundaram", 
        "mirek riedewald", 
        "johannes gehrke"
    ],
    "title" : "Hilda: A High-Level Language for Data-DrivenWeb Applications",
    "year" : 2006,
    "journal" : "International Conference on Data Engineering",
    "type" : "ARTICLE"
},

{
    "_id" : "577c432c0227c30f5cf44c8e",
    "actualClass" : "jli_359",
    "authors" : [ 
        "Jian Li", 
        "serguei a. mokhov", 
        "lee wei huynh"
    ],
    "title" : "Managing Distributed MARF's Nodes with SNMP",
    "year" : 2008,
    "journal" : "Parallel and Distributed Processing Techniques and Applications",
    "type" : "ARTICLE"
},

{
    "_id" : "577c432c0227c30f5cf44c8f",
    "actualClass" : "lzhang_517",
    "authors" : [ 
        "Lei Zhang", 
        "quanxue gao", 
        "david zhang"
    ],
    "title" : "Directional independent component analysis with tensor representation",
    "year" : 2008,
    "journal" : "Computer Vision and Pattern Recognition",
    "type" : "ARTICLE"
},

{
    "_id" : "577c432c0227c30f5cf44c90",
    "actualClass" : "lzhang_517",
    "authors" : [ 
        "Lei Zhang", 
        "qijun zhao", 
        "david zhang", 
        "nan luo", 
        "jing bao"
    ],
    "title" : "Adaptive pore model for fingerprint pore extraction",
    "year" : 2008,
    "journal" : "International Conference on Pattern Recognition",
    "type" : "ARTICLE"
},

{
    "_id" : "577c432c0227c30f5cf44c91",
    "actualClass" : "jsun_357",
    "authors" : [ 
        "Jerry Sun", 
        "soe-tsyr yuan"
    ],
    "title" : "Ontology-Based Structured Cosine Similarity in Speech Document Summarization",
    "year" : 2004,
    "journal" : "Web Intelligence",
    "type" : "ARTICLE"
},

{
    "_id" : "577c432c0227c30f5cf44c92",
    "actualClass" : "fpappalardo_243",
    "authors" : [ 
        "Francesco Pappalardo", 
        "giuseppe visalli", 
        "mirko scarana"
    ],
    "title" : "An application-oriented analysis of power/precision trade-off in fixed and floating-point arithmetic units for VLSI processors",
    "year" : 2004,
    "journal" : "Circuits, Signals, and Systems",
    "type" : "ARTICLE"
},

{
    "_id" : "577c432c0227c30f5cf44c93",
    "actualClass" : "hwang_293",
    "authors" : [ 
        "Hong Wang"
    ],
    "title" : "Maximal Total Length Of k Disjoint Cycles In Bipartite Graphs",
    "year" : 2005,
    "journal" : "Combinatorica",
    "type" : "ARTICLE"
},

{
    "_id" : "577c432c0227c30f5cf44c94",
    "actualClass" : "pzhang_829",
    "authors" : [ 
        "Ping Zhang", 
        "gary chartrand", 
        "sin-min lee"
    ],
    "title" : "Uniformly cordial graphs",
    "year" : 2006,
    "journal" : "Discrete Mathematics",
    "type" : "ARTICLE"
},

{
    "_id" : "577c432c0227c30f5cf44c95",
    "actualClass" : "cwang_136",
    "authors" : [ 
        "Chong Wang", 
        "zhisheng li", 
        "xing xie", 
        "xufa wang", 
        "wei-ying ma"
    ],
    "title" : "MSRA Columbus at GeoCLEF 2006",
    "year" : 2006,
    "journal" : "Cross-Language Evaluation Forum",
    "type" : "ARTICLE"
},

{
    "_id" : "577c432c0227c30f5cf44c96",
    "actualClass" : "jzeng_374",
    "authors" : [ 
        "Jianchao Zeng", 
        "ahmed jendoubi", 
        "mohamed f. chouikha"
    ],
    "title" : "Top-Down Approach to Segmentation of Prostate Boundaries in Ultrasound Images",
    "year" : 2004,
    "journal" : "Applied Imagery Pattern Recognition Workshop",
    "type" : "ARTICLE"
},

{
    "_id" : "577c432c0227c30f5cf44c97",
    "actualClass" : "wwang_1070",
    "authors" : [ 
        "Wei Wang", 
        "hye-chung kum", 
        "joong hyuk chang"
    ],
    "title" : "Intelligent Sequential Mining Via Alignment: Optimization Techniques for Very Large DB",
    "year" : 2007,
    "journal" : "Pacific-Asia Conference on Knowledge Discovery and Data Mining",
    "type" : "ARTICLE"
},

{
    "_id" : "577c432c0227c30f5cf44c98",
    "actualClass" : "tmuller_1014",
    "authors" : [ 
        "Thomas Muller"
    ],
    "title" : "SQL-basierte Datenbankzugriffe und XML: Verarbeitung von Anfrageergebnissen in Anwendungsprogrammen",
    "year" : 2005,
    "journal" : "Workshop Grundlagen von Datenbanken",
    "type" : "ARTICLE"
},

{
    "_id" : "577c432c0227c30f5cf44c99",
    "actualClass" : "bliu_89",
    "authors" : [ 
        "Bing Liu", 
        "rosie jones", 
        "kristina lisa klinkner"
    ],
    "title" : "Measuring the meaning in time series clustering of text search queries",
    "year" : 2006,
    "journal" : "International Conference on Information and Knowledge Management",
    "type" : "ARTICLE"
},

{
    "_id" : "577c432c0227c30f5cf44c9a",
    "actualClass" : "sprakash_990",
    "authors" : [ 
        "Surya Prakash", 
        "antonio robles-kelly"
    ],
    "title" : "A semi-supervised approach to space carving",
    "year" : 2010,
    "journal" : "Pattern Recognition",
    "type" : "ARTICLE"
},

{
    "_id" : "577c432c0227c30f5cf44c9b",
    "actualClass" : "pwillett_819",
    "authors" : [ 
        "Peter Willett", 
        "john w. raymond"
    ],
    "title" : "Maximum common subgraph isomorphism algorithms for the matching of chemical structures",
    "year" : 2002,
    "journal" : "Journal of Computer-aided Molecular Design",
    "type" : "ARTICLE"
},

{
    "_id" : "577c432c0227c30f5cf44c9c",
    "actualClass" : "jmuller_353",
    "authors" : [ 
        "Jens Muller", 
        "christian decker", 
        "clemens van dinther", 
        "marc schleyer", 
        "emilian peev"
    ],
    "title" : "Collaborative Smart Items",
    "year" : 2007,
    "journal" : "GI-Jahrestagung",
    "type" : "ARTICLE"
},

{
    "_id" : "577c432c0227c30f5cf44c9d",
    "actualClass" : "tokita_1028",
    "authors" : [ 
        "Tsuyoshi Okita", 
        "yoshinori dobashi", 
        "tomoyuki nishita", 
        "hideo yamashita"
    ],
    "title" : "Modeling of Clouds from Satellite Images using Metaballs",
    "year" : 1998,
    "journal" : "Pacific Conference on Computer Graphics and Applications",
    "type" : "ARTICLE"
},

{
    "_id" : "577c432c0227c30f5cf44c9e",
    "actualClass" : "wwang_1062",
    "authors" : [ 
        "Wei Wang", 
        "bang wang", 
        "kee chaing chua", 
        "vikram srinivasan"
    ],
    "title" : "Localized Recursive Estimation in Wireless Sensor Networks",
    "year" : 2005,
    "journal" : "Mobile Sensor Networks",
    "type" : "ARTICLE"
},

{
    "_id" : "577c432c0227c30f5cf44c9f",
    "actualClass" : "jsun_443",
    "authors" : [ 
        "Jun Sun", 
        "yang liu", 
        "jin song dong"
    ],
    "title" : "Model Checking CSP Revisited: Introducing a Process Analysis Toolkit",
    "year" : 2008,
    "journal" : "Leveraging Applications of Formal Methods",
    "type" : "ARTICLE"
},

{
    "_id" : "577c432c0227c30f5cf44ca0",
    "actualClass" : "kwang_496",
    "authors" : [ 
        "Kenneth Wang", 
        "marlon dumas", 
        "murray spork"
    ],
    "title" : "Adapt or Perish: Algebra and Visual Notation for Service Interface Adaptation",
    "year" : 2006,
    "journal" : "Business Process Management",
    "type" : "ARTICLE"
},

{
    "_id" : "577c432c0227c30f5cf44ca1",
    "actualClass" : "xliu_1119",
    "authors" : [ 
        "Xiaoming Liu", 
        "frank mccown", 
        "michael l. nelson", 
        "mohammad zubair"
    ],
    "title" : "Search Engine Coverage of the OAI-PMH Corpus",
    "year" : 2006,
    "journal" : "IEEE Internet Computing",
    "type" : "ARTICLE"
},

{
    "_id" : "577c432c0227c30f5cf44ca2",
    "actualClass" : "asingh_34",
    "authors" : [ 
        "Amarjeet Singh", 
        "maxim a. batalin", 
        "michael j. stealey", 
        "victor chen", 
        "mark h. hansen", 
        "thomas c. harmon", 
        "gaurav s. sukhatme", 
        "william j. kaiser"
    ],
    "title" : "Mobile Robot Sensing for Environmental Applications",
    "year" : 2007,
    "journal" : "Field and Service Robotics",
    "type" : "ARTICLE"
},

{
    "_id" : "577c432c0227c30f5cf44ca3",
    "actualClass" : "bmartins_112",
    "authors" : [ 
        "Bruno Martins", 
        "fernando ribeiro", 
        "carlos machado", 
        "sergio sampaio"
    ],
    "title" : "MINHO Robot Football Team for 2001",
    "year" : 2001,
    "journal" : "RoboCup",
    "type" : "ARTICLE"
},

{
    "_id" : "577c432c0227c30f5cf44ca4",
    "actualClass" : "dkrol_182",
    "authors" : [ 
        "Dariusz Krol", 
        "wlodzimierz funika", 
        "daniel harezlak", 
        "marian bubak"
    ],
    "title" : "Environment for Collaborative Development and Execution of Virtual Laboratory Applications",
    "year" : 2008,
    "journal" : "International Conference on Computational Science",
    "type" : "ARTICLE"
},

{
    "_id" : "577c432c0227c30f5cf44ca5",
    "actualClass" : "gpapadopoulos_254",
    "authors" : [ 
        "George Papadopoulos", 
        "martin brown"
    ],
    "title" : "Minimum entropy parameter estimation: Application to the RKIP regulated ERK signaling pathway",
    "year" : 2008,
    "journal" : "IJCNN",
    "type" : "ARTICLE"
},

{
    "_id" : "577c432c0227c30f5cf44ca6",
    "actualClass" : "jfan_391",
    "authors" : [ 
        "Jianping Fan", 
        "dingju zhu", 
        "jie sun"
    ],
    "title" : "DCGG: Digital City Group Grid",
    "year" : 2007,
    "journal" : "Parallel and Distributed Computing: Applications and Technologies",
    "type" : "ARTICLE"
},

{
    "_id" : "577c432c0227c30f5cf44ca7",
    "actualClass" : "rzhang_896",
    "authors" : [ 
        "Rui Zhang", 
        "zongben xu"
    ],
    "title" : "A Generalized Global Convergence Theory of Projection-Type Neural Networks for Optimization",
    "year" : 2005,
    "journal" : "Computational and Information Science",
    "type" : "ARTICLE"
},

{
    "_id" : "577c432c0227c30f5cf44ca8",
    "actualClass" : "brossi_114",
    "authors" : [ 
        "Bruno Rossi"
    ],
    "title" : "ASN.1's Best Secrets (A review of ASN.1: Communication Between Heterogeneous Systems by Olivier Dubuisson)",
    "year" : 2003,
    "journal" : "IEEE Distributed Systems Online",
    "type" : "ARTICLE"
},

{
    "_id" : "577c432c0227c30f5cf44ca9",
    "actualClass" : "lzhang_512",
    "authors" : [ 
        "Lei Zhang", 
        "mingju zhang", 
        "yanfeng sun", 
        "lin feng", 
        "wei-ying ma"
    ],
    "title" : "Auto cropping for digital photographs",
    "year" : 2005,
    "journal" : "International Conference on Multimedia Computing and Systems/International Conference on Multimedia and Expo",
    "type" : "ARTICLE"
},

{
    "_id" : "577c432c0227c30f5cf44caa",
    "actualClass" : "rhull_866",
    "authors" : [ 
        "Richard Hull", 
        "david frohlich"
    ],
    "title" : "The usability of scribble matching",
    "year" : 1996,
    "journal" : "Computer Human Interaction",
    "type" : "ARTICLE"
},

{
    "_id" : "577c432c0227c30f5cf44cab",
    "actualClass" : "hxie_276",
    "authors" : [ 
        "Haiyong Xie", 
        "jian ni", 
        "sekhar tatikonda", 
        "yang richard yang"
    ],
    "title" : "Efficient and dynamic routing topology inference from end-to-end measurements",
    "year" : 2010,
    "journal" : "IEEE/ACM Transactions on Networking",
    "type" : "ARTICLE"
},

{
    "_id" : "577c432c0227c30f5cf44cac",
    "actualClass" : "tschneider_1021",
    "authors" : [ 
        "Thomas Schneider", 
        "ahmad-reza sadeghi", 
        "marcel winandy"
    ],
    "title" : "Token-Based Cloud Computing",
    "year" : 2010,
    "journal" : "Trusted Computing - Challenges and Applications",
    "type" : "ARTICLE"
},

{
    "_id" : "577c432c0227c30f5cf44cad",
    "actualClass" : "mislam_674",
    "authors" : [ 
        "Md. Saiful Islam", 
        "zerina begum", 
        "mohd. zulfiquar hafiz"
    ],
    "title" : "Efficient Approaches for Designing Fault Tolerant Reversible Carry Look-Ahead and Carry-Skip Adders",
    "year" : 2010,
    "journal" : "Computing Research Repository",
    "type" : "ARTICLE"
},

{
    "_id" : "577c432c0227c30f5cf44cae",
    "actualClass" : "braman_68",
    "authors" : [ 
        "Balaji Raman", 
        "marios s. pattichis", 
        "ruhai zhou"
    ],
    "title" : "New algorithms for computing directional discrete Fourier transforms",
    "year" : 2001,
    "journal" : "International Conference on Image Processing",
    "type" : "ARTICLE"
},

{
    "_id" : "577c432c0227c30f5cf44caf",
    "actualClass" : "wli_1051",
    "authors" : [ 
        "Wei Li", 
        "bingchen li", 
        "zhiwei xu"
    ],
    "title" : "Personal Grid Running at the Edge of Internet",
    "year" : 2003,
    "journal" : "Grid and Cooperative Computing",
    "type" : "ARTICLE"
},

{
    "_id" : "577c432c0227c30f5cf44cb0",
    "actualClass" : "xliu_1115",
    "authors" : [ 
        "Xiaoming Liu", 
        "tsuhan chen", 
        "susan m. thornton"
    ],
    "title" : "Eigenspace updating for non-stationary process and its application to face recognition",
    "year" : 2003,
    "journal" : "Pattern Recognition",
    "type" : "ARTICLE"
},

{
    "_id" : "577c432c0227c30f5cf44cb1",
    "actualClass" : "hwang_293",
    "authors" : [ 
        "Hong Wang"
    ],
    "title" : "Vertex-disjoint hexagons with chords in a bipartite graph",
    "year" : 1998,
    "journal" : "Discrete Mathematics",
    "type" : "ARTICLE"
},

{
    "_id" : "577c432c0227c30f5cf44cb2",
    "actualClass" : "amuller_54",
    "authors" : [ 
        "Andreas Muller", 
        "philipp frank", 
        "joachim speidel"
    ],
    "title" : "InterSite Joint Detection with Reduced Backhaul Capacity Requirements for the 3GPP LTE Uplink",
    "year" : 2010,
    "journal" : "Vehicular Technology Conference",
    "type" : "ARTICLE"
},

{
    "_id" : "577c432c0227c30f5cf44cb3",
    "actualClass" : "mjackson_716",
    "authors" : [ 
        "Mike Jackson", 
        "suchith anand", 
        "jim nixon", 
        "j. mark ware", 
        "sarah sharples"
    ],
    "title" : "Automated Schematic Mapping for MobileGIS: Technical developments and Human Factors requirements",
    "year" : 2006,
    "journal" : "International Conference on Information Visualisation",
    "type" : "ARTICLE"
},

{
    "_id" : "577c432c0227c30f5cf44cb4",
    "actualClass" : "mgupta_758",
    "authors" : [ 
        "Mohit Gupta", 
        "deepak jagdish", 
        "rahul sawhney", 
        "shreyas nangia"
    ],
    "title" : "Sonic Grid: an auditory interface for the visually impaired to navigate GUI-based environments",
    "year" : 2008,
    "journal" : "Intelligent User Interfaces",
    "type" : "ARTICLE"
},

{
    "_id" : "577c432c0227c30f5cf44cb5",
    "actualClass" : "txie_1003",
    "authors" : [ 
        "Tao Xie", 
        "xiao qin"
    ],
    "title" : "SAHA: A Scheduling Algorithm for Security-Sensitive Jobs on Data Grids",
    "year" : 2006,
    "journal" : "Cluster Computing and the Grid",
    "type" : "ARTICLE"
},

{
    "_id" : "577c432c0227c30f5cf44cb6",
    "actualClass" : "mzhao_734",
    "authors" : [ 
        "Ming Zhao", 
        "yifei zhao", 
        "jing wang", 
        "yong ren"
    ],
    "title" : "Capacity Bound of MIMO Systems with MPSK Modulation and Superimposed Pilots",
    "year" : 2005,
    "journal" : "Ieice Transactions",
    "type" : "ARTICLE"
},

{
    "_id" : "577c432c0227c30f5cf44cb7",
    "actualClass" : "szhang_959",
    "authors" : [ 
        "Song Zhang", 
        "yang wang", 
        "xiaolei huang", 
        "chan-su lee", 
        "zhiguo li", 
        "dimitris samaras", 
        "dimitris n. metaxas", 
        "ahmed m. elgammal", 
        "peisen huang"
    ],
    "title" : "High Resolution Acquisition, Learning and Transfer of Dynamic 3D Facial Expressions",
    "year" : 2004,
    "journal" : "Computer Graphics Forum",
    "type" : "ARTICLE"
},

{
    "_id" : "577c432c0227c30f5cf44cb8",
    "actualClass" : "agupta_10",
    "authors" : [ 
        "Ajay Gupta", 
        "manish bhide", 
        "mukul joshi", 
        "mukesh k. mohania"
    ],
    "title" : "Optimal Deployment of Triggers for Detecting Events",
    "year" : 2004,
    "journal" : "Database and Expert Systems Applications",
    "type" : "ARTICLE"
},

{
    "_id" : "577c432c0227c30f5cf44cb9",
    "actualClass" : "tkim_997",
    "authors" : [ 
        "Tae-Yong Kim", 
        "zhigang deng", 
        "ulrich neumann", 
        "john p. lewis", 
        "murtaza bulut", 
        "shrikanth narayanan"
    ],
    "title" : "Expressive Facial Animation Synthesis by Learning Speech Coarticulation and Expression Spaces",
    "year" : 2006,
    "journal" : "IEEE Transactions on Visualization and Computer Graphics",
    "type" : "ARTICLE"
},

{
    "_id" : "577c432c0227c30f5cf44cba",
    "actualClass" : "lzhang_517",
    "authors" : [ 
        "Lei Zhang", 
        "guangming shi", 
        "weisheng dong", 
        "xiaolin wu"
    ],
    "title" : "Context-based adaptive image resolution upconversion",
    "year" : 2010,
    "journal" : "Journal of Electronic Imaging",
    "type" : "ARTICLE"
},

{
    "_id" : "577c432c0227c30f5cf44cbb",
    "actualClass" : "qma_839",
    "authors" : [ 
        "Qin Ma", 
        "pierre kelsen"
    ],
    "title" : "A Lightweight Approach for Defining the Formal Semantics of a Modeling Language",
    "year" : 2008,
    "journal" : "Model Driven Engineering Languages and Systems",
    "type" : "ARTICLE"
},

{
    "_id" : "577c432c0227c30f5cf44cbc",
    "actualClass" : "ywang_1147",
    "authors" : [ 
        "Yan Wang", 
        "joe zou", 
        "christopher de vaney"
    ],
    "title" : "A Metamodeling Framework to Support Accountability in Business Process Modeling",
    "year" : 2009,
    "journal" : "Information Systems Technology and its Applications",
    "type" : "ARTICLE"
},

{
    "_id" : "577c432c0227c30f5cf44cbd",
    "actualClass" : "jmuller_326",
    "authors" : [ 
        "Jurgen Muller", 
        "wolfgang luh", 
        "valeri a. martirosian"
    ],
    "title" : "Restricted T-Universal Functions",
    "year" : 2002,
    "journal" : "Journal of Approximation Theory",
    "type" : "ARTICLE"
},

{
    "_id" : "577c432c0227c30f5cf44cbe",
    "actualClass" : "yzhang_1180",
    "authors" : [ 
        "Yi Zhang", 
        "mikhail bilenko", 
        "evgeniy gabrilovich", 
        "matthew richardson"
    ],
    "title" : "Information retrieval and advertising",
    "year" : 2009,
    "journal" : "Sigir Forum",
    "type" : "ARTICLE"
},

{
    "_id" : "577c432c0227c30f5cf44cbf",
    "actualClass" : "yzhang_1185",
    "authors" : [ 
        "Yi Zhang", 
        "erliang zeng", 
        "tao li", 
        "giri narasimhan"
    ],
    "title" : "Weighted Consensus Clustering for Identifying Functional Modules in Protein-Protein Interaction Networks",
    "year" : 2009,
    "journal" : "International Conference on Machine Learning and Applications",
    "type" : "ARTICLE"
},

{
    "_id" : "577c432c0227c30f5cf44cc0",
    "actualClass" : "yzhang_1183",
    "authors" : [ 
        "Yi Zhang", 
        "danielle ben-gera", 
        "valia kordoni"
    ],
    "title" : "Semantic Feature Engineering for Enhancing Disambiguation Performance in Deep Linguistic Processing",
    "year" : 2010,
    "journal" : "Language Resources and Evaluation",
    "type" : "ARTICLE"
},

{
    "_id" : "577c432c0227c30f5cf44cc1",
    "actualClass" : "lzhang_584",
    "authors" : [ 
        "Lu Zhang", 
        "yunpeng zhang", 
        "zhengjun zhai", 
        "yifei bao", 
        "weidi dai", 
        "fei zuo"
    ],
    "title" : "Partition-Based Parallel Constructing-Density-Tree Clustering",
    "year" : 2008,
    "journal" : "International Symposium on Information Processing",
    "type" : "ARTICLE"
},

{
    "_id" : "577c432c0227c30f5cf44cc2",
    "actualClass" : "gliu_271",
    "authors" : [ 
        "Guoping Liu", 
        "stephen a. billings", 
        "visakan kadirkamanathan"
    ],
    "title" : "Nonlinear system identification using wavelet networks",
    "year" : 2000,
    "journal" : "International Journal of Systems Science",
    "type" : "ARTICLE"
},

{
    "_id" : "577c432c0227c30f5cf44cc3",
    "actualClass" : "hwang_293",
    "authors" : [ 
        "Hong Wang"
    ],
    "title" : "Partition of a bipartite graph into cycles",
    "year" : 1993,
    "journal" : "Discrete Mathematics",
    "type" : "ARTICLE"
},

{
    "_id" : "577c432c0227c30f5cf44cc4",
    "actualClass" : "mzimmermann_660",
    "authors" : [ 
        "Martin Zimmermann", 
        "john fearnley"
    ],
    "title" : "Playing Muller Games in a Hurry",
    "year" : 2010,
    "journal" : "Computing Research Repository",
    "type" : "ARTICLE"
},

{
    "_id" : "577c432c0227c30f5cf44cc5",
    "actualClass" : "ewu_220",
    "authors" : [ 
        "Eugene Wu", 
        "michael j. cafarella", 
        "alon y. halevy", 
        "daisy zhe wang", 
        "yang zhang"
    ],
    "title" : "WebTables: exploring the power of tables on the web",
    "year" : 2008,
    "journal" : "Proceedings of The Vldb Endowment",
    "type" : "ARTICLE"
},

{
    "_id" : "577c432c0227c30f5cf44cc6",
    "actualClass" : "rhull_866",
    "authors" : [ 
        "Richard Hull", 
        "stuart p. stenton", 
        "patrick m. goddi", 
        "josephine reid", 
        "ben clayton", 
        "tom melamed", 
        "susie wee"
    ],
    "title" : "Mediascapes: Context-Aware Multimedia Experiences",
    "year" : 2007,
    "journal" : "IEEE Multimedia",
    "type" : "ARTICLE"
},

{
    "_id" : "577c432c0227c30f5cf44cc7",
    "actualClass" : "wwang_1062",
    "authors" : [ 
        "Wei Wang", 
        "bang wang", 
        "kee chaing chua", 
        "vikram srinivasan"
    ],
    "title" : "Information Coverage in Randomly Deployed Wireless Sensor Networks",
    "year" : 2007,
    "journal" : "IEEE Transactions on Wireless Communications",
    "type" : "ARTICLE"
},

{
    "_id" : "577c432c0227c30f5cf44cc8",
    "actualClass" : "lzhang_524",
    "authors" : [ 
        "Lei Zhang", 
        "wentao zhang", 
        "wenling wu"
    ],
    "title" : "Cryptanalysis of Reduced-Round SMS4 Block Cipher",
    "year" : 2008,
    "journal" : "Australasian Conference on Information Security and Privacy",
    "type" : "ARTICLE"
},

{
    "_id" : "577c432c0227c30f5cf44cc9",
    "actualClass" : "jhelly_433",
    "authors" : [ 
        "John J. Helly", 
        "brian banks", 
        "gary m. jackson", 
        "david n. chin", 
        "t. j. smith", 
        "a. schmidt", 
        "paul c. brewer", 
        "roger medd", 
        "david masters", 
        "annetta burger", 
        "william k. krebs"
    ],
    "title" : "Using behavior analysis algorithms to anticipate security threats before they impact mission critical operations",
    "year" : 2007,
    "journal" : "Advanced Video and Signal Based Surveillance",
    "type" : "ARTICLE"
},

{
    "_id" : "577c432c0227c30f5cf44cca",
    "actualClass" : "lzhang_523",
    "authors" : [ 
        "Lei Zhang", 
        "yan tong", 
        "qiang ji"
    ],
    "title" : "Interactive labeling of facial action units",
    "year" : 2008,
    "journal" : "International Conference on Pattern Recognition",
    "type" : "ARTICLE"
},

{
    "_id" : "577c432c0227c30f5cf44ccb",
    "actualClass" : "pzhang_827",
    "authors" : [ 
        "Ping Zhang", 
        "fiona fui-hoon nah", 
        "jenny preece"
    ],
    "title" : "Guest Editorial: HCI studies in management information systems",
    "year" : 2004,
    "journal" : "Behaviour & Information Technology",
    "type" : "ARTICLE"
},

{
    "_id" : "577c432c0227c30f5cf44ccc",
    "actualClass" : "hzhang_311",
    "authors" : [ 
        "Hui Zhang", 
        "ashish goel", 
        "ramesh govindan"
    ],
    "title" : "Using the small-world model to improve Freenet performance",
    "year" : 2004,
    "journal" : "Computer Networks and Isdn Systems",
    "type" : "ARTICLE"
},

{
    "_id" : "577c432c0227c30f5cf44ccd",
    "actualClass" : "mjiang_724",
    "authors" : [ 
        "Ming Jiang", 
        "ge wang"
    ],
    "title" : "Convergence of iterative algorithms for image reconstruction",
    "year" : 2002,
    "journal" : "IEEE International Symposium on Biomedical Imaging",
    "type" : "ARTICLE"
},

{
    "_id" : "577c432c0227c30f5cf44cce",
    "actualClass" : "lwang_536",
    "authors" : [ 
        "Liang Wang", 
        "david suter"
    ],
    "title" : "Recognizing Human Activities from Silhouettes: Motion Subspace and Factorial Discriminative Graphical Model",
    "year" : 2007,
    "journal" : "Computer Vision and Pattern Recognition",
    "type" : "ARTICLE"
},

{
    "_id" : "577c432c0227c30f5cf44ccf",
    "actualClass" : "jliu_385",
    "authors" : [ 
        "Jianguo Liu", 
        "weiping shi", 
        "naveen kakani", 
        "tiejun yu"
    ],
    "title" : "A fast hierarchical algorithm for 3-D capacitance extraction",
    "year" : 1998,
    "journal" : "Design Automation Conference",
    "type" : "ARTICLE"
},

{
    "_id" : "577c432c0227c30f5cf44cd0",
    "actualClass" : "jliu_376",
    "authors" : [ 
        "Jiang Liu", 
        "shengling wang", 
        "guohua wu"
    ],
    "title" : "Infima of d.r.e. Degrees",
    "year" : 2009,
    "journal" : "Conference on Computability in Europe",
    "type" : "ARTICLE"
},

{
    "_id" : "577c432c0227c30f5cf44cd1",
    "actualClass" : "mweber_711",
    "authors" : [ 
        "Michael Weber", 
        "martin leucker", 
        "rafal somla"
    ],
    "title" : "Parallel Model Checking for LTL, CTL*, and L�2",
    "year" : 2003,
    "journal" : "Electronic Notes in Theoretical Computer Science",
    "type" : "ARTICLE"
},

{
    "_id" : "577c432c0227c30f5cf44cd2",
    "actualClass" : "cshekhar_118",
    "authors" : [ 
        "Chandra Shekhar", 
        "venu govindu", 
        "rama chellappa"
    ],
    "title" : "Multisensor image registration by feature consensus",
    "year" : 1999,
    "journal" : "Pattern Recognition",
    "type" : "ARTICLE"
},

{
    "_id" : "577c432c0227c30f5cf44cd3",
    "actualClass" : "ywang_1151",
    "authors" : [ 
        "Yang Wang", 
        "jagath c. rajapakse", 
        "xuebin zheng", 
        "juan zhou"
    ],
    "title" : "Probabilistic Framework for Brain Connectivity From Functional MR Images",
    "year" : 2008,
    "journal" : "IEEE Transactions on Medical Imaging",
    "type" : "ARTICLE"
},

{
    "_id" : "577c432c0227c30f5cf44cd4",
    "actualClass" : "wwang_1070",
    "authors" : [ 
        "Wei Wang", 
        "jiong yang", 
        "haixun wang", 
        "philip s. yu"
    ],
    "title" : "Enhanced Biclustering on Expression Data",
    "year" : 2003,
    "journal" : "IEEE International Conference on Bioinformatics and Bioengineering",
    "type" : "ARTICLE"
},

{
    "_id" : "577c432c0227c30f5cf44cd5",
    "actualClass" : "lli_535",
    "authors" : [ 
        "Lian Li", 
        "quan hoang nguyen", 
        "jingling xue"
    ],
    "title" : "Scratchpad allocation for data aggregates in superperfect graphs",
    "year" : 2007,
    "journal" : "Languages, Compilers, and Tools for Embedded Systems",
    "type" : "ARTICLE"
},

{
    "_id" : "577c432c0227c30f5cf44cd6",
    "actualClass" : "wwang_1081",
    "authors" : [ 
        "Weiping Wang", 
        "dongdong zhang", 
        "jianzhong li", 
        "longjiang guo", 
        "jinbao li"
    ],
    "title" : "Processing Distributed Compoud-Data Streams",
    "year" : 2004,
    "journal" : "Advances in Databases and Information Systems",
    "type" : "ARTICLE"
},

{
    "_id" : "577c432c0227c30f5cf44cd7",
    "actualClass" : "mheinz_682",
    "authors" : [ 
        "Michael Heinz"
    ],
    "title" : "Virtuelle Maschinen in einem allgemeinen Time-Sharing-Betriebssystem",
    "year" : 1974,
    "journal" : "GI-Jahrestagung",
    "type" : "ARTICLE"
},

{
    "_id" : "577c432c0227c30f5cf44cd8",
    "actualClass" : "agoel_67",
    "authors" : [ 
        "Ashok K. Goel", 
        "jeffrey espenschied", 
        "eugene lee"
    ],
    "title" : "Designing a GaAs-based floating-point multiplier",
    "year" : 2001,
    "journal" : "Computers and Their Applications",
    "type" : "ARTICLE"
},

{
    "_id" : "577c432c0227c30f5cf44cd9",
    "actualClass" : "yzhang_1184",
    "authors" : [ 
        "Yi Zhang", 
        "philippas tsigas"
    ],
    "title" : "Integrating non-blocking synchronisation in parallel applications: performance advantages and methodologies",
    "year" : 2002,
    "journal" : "Workshop on Software and Performance",
    "type" : "ARTICLE"
},

{
    "_id" : "577c432c0227c30f5cf44cda",
    "actualClass" : "plam_797",
    "authors" : [ 
        "Patrick Lam", 
        "jacky baltes"
    ],
    "title" : "Design of walking gaits for Tao-Pie-Pie, a small humanoid robot",
    "year" : 2004,
    "journal" : "Advanced Robotics",
    "type" : "ARTICLE"
},

{
    "_id" : "577c432c0227c30f5cf44cdb",
    "actualClass" : "lwang_540",
    "authors" : [ 
        "Liang Wang", 
        "guo yi-ping", 
        "fang ming"
    ],
    "title" : "Web search engine based on DNS",
    "year" : 2007,
    "journal" : "Journal of Network and Computer Applications",
    "type" : "ARTICLE"
},

{
    "_id" : "577c432c0227c30f5cf44cdc",
    "actualClass" : "mkim_719",
    "authors" : [ 
        "Min Soo Kim", 
        "yang-sae moon", 
        "bum-soo kim", 
        "kyu-young whang"
    ],
    "title" : "Scaling-invariant boundary image matching using time-series matching techniques",
    "year" : 2010,
    "journal" : "Data & Knowledge Engineering",
    "type" : "ARTICLE"
},

{
    "_id" : "577c432c0227c30f5cf44cdd",
    "actualClass" : "she_940",
    "authors" : [ 
        "Shan He", 
        "darko kirovski", 
        "min wu"
    ],
    "title" : "High-Fidelity Data Embedding for Image Annotation",
    "year" : 2009,
    "journal" : "IEEE Transactions on Image Processing",
    "type" : "ARTICLE"
},

{
    "_id" : "577c432c0227c30f5cf44cde",
    "actualClass" : "dfranco_166",
    "authors" : [ 
        "Daniel Franco", 
        "i. garces", 
        "emilio luque"
    ],
    "title" : "Dynamic Routing Balancing in Parallel Computer Interconnection Networks",
    "year" : 1998,
    "journal" : "Vector and Parallel Processing",
    "type" : "ARTICLE"
},

{
    "_id" : "577c432c0227c30f5cf44cdf",
    "actualClass" : "wmuller_1095",
    "authors" : [ 
        "Wolfgang Muller", 
        "christian geiger", 
        "ralf hunstock", 
        "georg lehrenfeld", 
        "j. quintanilla", 
        "christoph tahedl", 
        "andreas weber"
    ],
    "title" : "Visual Modeling and 3D-Representation with a Complete Visual Programming Language - A Case Study in Manufacturing",
    "year" : 1996,
    "journal" : "Visual Languages/Human-Centric Computing Languages and Environments",
    "type" : "ARTICLE"
},

{
    "_id" : "577c432c0227c30f5cf44ce0",
    "actualClass" : "pzhang_830",
    "authors" : [ 
        "Ping Zhang", 
        "tien d. bui", 
        "ching y. suen"
    ],
    "title" : "A novel cascade ensemble classifier system with a high recognition performance on handwritten digits",
    "year" : 2007,
    "journal" : "Pattern Recognition",
    "type" : "ARTICLE"
},

{
    "_id" : "577c432c0227c30f5cf44ce1",
    "actualClass" : "mmuller_647",
    "authors" : [ 
        "Martin Muller", 
        "neil burch", 
        "robert c. holte", 
        "david o'connell", 
        "jonathan schaeffer"
    ],
    "title" : "Automating Layouts of Sewers in Subdivisions",
    "year" : 2010,
    "journal" : "European Conference on Artificial Intelligence",
    "type" : "ARTICLE"
},

{
    "_id" : "577c432c0227c30f5cf44ce2",
    "actualClass" : "wmaass_1098",
    "authors" : [ 
        "Wolfgang Maass", 
        "wernher behrendt"
    ],
    "title" : "Trading Semantically Enhanced Digital Products in Electronic Markets",
    "year" : 2006,
    "journal" : "Pragmatic Web",
    "type" : "ARTICLE"
},

{
    "_id" : "577c432c0227c30f5cf44ce3",
    "actualClass" : "fchen_224",
    "authors" : [ 
        "Fei Chen", 
        "anhai doan", 
        "jeffrey f. naughton", 
        "akanksha baid", 
        "xiaoyong chai", 
        "ting chen", 
        "eric chu", 
        "pedro derose", 
        "byron j. gao", 
        "chaitanya gokhale", 
        "jiansheng huang", 
        "warren shen", 
        "ba-quy vuong"
    ],
    "title" : "The Case for a Structured Approach to Managing Unstructured Data",
    "year" : 2009,
    "journal" : "Computing Research Repository",
    "type" : "ARTICLE"
},

{
    "_id" : "577c432c0227c30f5cf44ce4",
    "actualClass" : "wzhang_1086",
    "authors" : [ 
        "Wen Zhang", 
        "thushara d. abhayapala", 
        "rodney a. kennedy", 
        "ramani duraiswami"
    ],
    "title" : "Modal expansion of HRTFs: Continuous representation in frequency-range-angle",
    "year" : 2009,
    "journal" : "International Conference on Acoustics, Speech, and Signal Processing",
    "type" : "ARTICLE"
},

{
    "_id" : "577c432c0227c30f5cf44ce5",
    "actualClass" : "pzhang_828",
    "authors" : [ 
        "Ping Zhang", 
        "huan su", 
        "jianhua zhang"
    ],
    "title" : "A Comparative Study of Two Receiver Schemes for Interleaved OFDMA Uplink",
    "year" : 2006,
    "journal" : "Vehicular Technology Conference",
    "type" : "ARTICLE"
},

{
    "_id" : "577c432c0227c30f5cf44ce6",
    "actualClass" : "mgupta_608",
    "authors" : [ 
        "Manish Gupta", 
        "farokh b. bastani", 
        "latifur khan", 
        "i-ling yen"
    ],
    "title" : "Automated Test Data Generation Using MEA-Graph Planning",
    "year" : 2004,
    "journal" : "International Conference on Tools with Artificial Intelligence",
    "type" : "ARTICLE"
},

{
    "_id" : "577c432c0227c30f5cf44ce7",
    "actualClass" : "sfischer_952",
    "authors" : [ 
        "Simon Fischer", 
        "shahram khazaei", 
        "willi meier"
    ],
    "title" : "Reduced Complexity Attacks on the Alternating Step Generator",
    "year" : 2007,
    "journal" : "Selected Areas in Cryptography",
    "type" : "ARTICLE"
},

{
    "_id" : "577c432c0227c30f5cf44ce8",
    "actualClass" : "tchiang_1027",
    "authors" : [ 
        "Tsung-Han Chiang", 
        "sheng-jyh wang"
    ],
    "title" : "A Novel Macroblock-Layer Rate-Distortion Model for Rate Control Scheme of H.264/AVC",
    "year" : 2006,
    "journal" : "Pacific-Rim Symposium on Image and Video Technology",
    "type" : "ARTICLE"
},

{
    "_id" : "577c432c0227c30f5cf44ce9",
    "actualClass" : "dlee_214",
    "authors" : [ 
        "Dongwon Lee", 
        "mark bergen", 
        "robert j. kauffman"
    ],
    "title" : "How Rigid Are Prices in E-Commerce? An Analysis of Daily Price Change Activity in Internet Retailing",
    "year" : 2005,
    "journal" : "Hawaii International Conference on System Sciences",
    "type" : "ARTICLE"
},

{
    "_id" : "577c432c0227c30f5cf44cea",
    "actualClass" : "rzhang_894",
    "authors" : [ 
        "Rui Zhang", 
        "christian s. jensen", 
        "dan lin", 
        "beng chin ooi"
    ],
    "title" : "Effective Density Queries on ContinuouslyMoving Objects",
    "year" : 2006,
    "journal" : "International Conference on Data Engineering",
    "type" : "ARTICLE"
},

{
    "_id" : "577c432c0227c30f5cf44ceb",
    "actualClass" : "lchen_506",
    "authors" : [ 
        "Lei Chen", 
        "m. tamer ozsu", 
        "vincent oria"
    ],
    "title" : "Using Multi-Scale Histograms to Answer Pattern Existence and Shape Match Queries",
    "year" : 2005,
    "journal" : "Statistical and Scientific Database Management",
    "type" : "ARTICLE"
},

{
    "_id" : "577c432c0227c30f5cf44cec",
    "actualClass" : "mtan_721",
    "authors" : [ 
        "Min Tan", 
        "howard jay siegel"
    ],
    "title" : "A Stochastic Model for Heterogeneous Computing and Its Application in Data Relocation Scheme Development",
    "year" : 1998,
    "journal" : "IEEE Transactions on Parallel and Distributed Systems",
    "type" : "ARTICLE"
},

{
    "_id" : "577c432c0227c30f5cf44ced",
    "actualClass" : "she_939",
    "authors" : [ 
        "Shan He", 
        "w. h. tang", 
        "e. prempain", 
        "q. h. wu", 
        "j. fitch"
    ],
    "title" : "A particle swarm optimiser with passive congregation approach to thermal modelling for power transformers",
    "year" : 2005,
    "journal" : "IEEE Congress on Evolutionary Computation",
    "type" : "ARTICLE"
},

{
    "_id" : "577c432c0227c30f5cf44cee",
    "actualClass" : "mbishop_678",
    "authors" : [ 
        "Michael A. Bishop", 
        "j. d. trout"
    ],
    "title" : "Epistemology's search for significance",
    "year" : 2003,
    "journal" : "Journal of Experimental and Theoretical Artificial Intelligence",
    "type" : "ARTICLE"
},

{
    "_id" : "577c432c0227c30f5cf44cef",
    "actualClass" : "aheuer_52",
    "authors" : [ 
        "Andreas Heuer", 
        "k. siemonsen", 
        "thomas engel", 
        "christoph meinel"
    ],
    "title" : "Interface for Navigation and Database - Querying via WWW",
    "year" : 1998,
    "journal" : "Internationales Symposium f??r Informationswissenschaft",
    "type" : "ARTICLE"
},

{
    "_id" : "577c432c0227c30f5cf44cf0",
    "actualClass" : "kschmidt_482",
    "authors" : [ 
        "Karsten Schmidt", 
        "farn wang", 
        "fang yu", 
        "geng-dian huang", 
        "bow-yaw wang"
    ],
    "title" : "BDD-Based Safety-Analysis of Concurrent Software with Pointer Data Structures Using Graph Automorphism Symmetry Reduction",
    "year" : 2004,
    "journal" : "IEEE Transactions on Software Engineering",
    "type" : "ARTICLE"
},

{
    "_id" : "577c432c0227c30f5cf44cf1",
    "actualClass" : "sweiss_981",
    "authors" : [ 
        "Steffen Weiss", 
        "stephan fandrey", 
        "jorg muller"
    ],
    "title" : "Development of an Active Intravascular MR Device With an Optical Transmission System",
    "year" : 2008,
    "journal" : "IEEE Transactions on Medical Imaging",
    "type" : "ARTICLE"
},

{
    "_id" : "577c432c0227c30f5cf44cf2",
    "actualClass" : "wwang_1070",
    "authors" : [ 
        "Wei Wang", 
        "jiong yang", 
        "philip s. yu"
    ],
    "title" : "Infominer: mining surprising periodic patterns",
    "year" : 2001,
    "journal" : "Knowledge Discovery and Data Mining",
    "type" : "ARTICLE"
},

{
    "_id" : "577c432c0227c30f5cf44cf3",
    "actualClass" : "mgupta_606",
    "authors" : [ 
        "Manish Gupta", 
        "manish sethi", 
        "kalapriya kannan", 
        "narendran sachindran"
    ],
    "title" : "Rapid Deployment of SOA Solutions via Automated Image Replication and Reconfiguration",
    "year" : 2008,
    "journal" : "IEEE International Conference on Services Computing",
    "type" : "ARTICLE"
},

{
    "_id" : "577c432c0227c30f5cf44cf4",
    "actualClass" : "nzhang_769",
    "authors" : [ 
        "Nan Zhang", 
        "min song", 
        "xinwen fu", 
        "wei yu"
    ],
    "title" : "Discovery and Protection of Sensitive Linkage Information for Online Social Networks Services",
    "year" : 2009,
    "journal" : "Wireless Algorithms, Systems, and Applications",
    "type" : "ARTICLE"
},

{
    "_id" : "577c432c0227c30f5cf44cf5",
    "actualClass" : "yzhang_1181",
    "authors" : [ 
        "Yi Zhang", 
        "shawn r. wolfe"
    ],
    "title" : "Interaction and Personalization of Criteria in Recommender Systems",
    "year" : 2010,
    "journal" : "User Modeling",
    "type" : "ARTICLE"
},

{
    "_id" : "577c432c0227c30f5cf44cf6",
    "actualClass" : "yzhang_1180",
    "authors" : [ 
        "Yi Zhang", 
        "qiaozhu mei"
    ],
    "title" : "Automatic Web Tagging and Person Tagging Using Language Models",
    "year" : 2008,
    "journal" : "Advanced Data Mining and Applications",
    "type" : "ARTICLE"
},

{
    "_id" : "577c432c0227c30f5cf44cf7",
    "actualClass" : "dbeyer_209",
    "authors" : [ 
        "Dirk Beyer", 
        "bruno d. abrahao", 
        "virgilio almeida", 
        "jussara m. almeida", 
        "alex zhang", 
        "fereydoon safai"
    ],
    "title" : "Self-Adaptive SLA-Driven Capacity Management for Internet Services",
    "year" : 2006,
    "journal" : "IEEE/IFIP Network Operations and Management Symposium",
    "type" : "ARTICLE"
},

{
    "_id" : "577c432c0227c30f5cf44cf8",
    "actualClass" : "jzhang_396",
    "authors" : [ 
        "Jianzhong Zhang", 
        "xiao-guang yang", 
        "mao-cheng cai"
    ],
    "title" : "Reverse Center Location Problem",
    "year" : 1999,
    "journal" : "International Symposium on Algorithms and Computation",
    "type" : "ARTICLE"
},

{
    "_id" : "577c432c0227c30f5cf44cf9",
    "actualClass" : "jwei_454",
    "authors" : [ 
        "Jun Wei", 
        "heang-ping chan", 
        "yiheng zhang", 
        "berkman sahiner", 
        "lubomir m. hadjiiski", 
        "mark a. helvie"
    ],
    "title" : "Detection of Masses in Digital Breast Tomosynthesis Mammography: Effects of the Number of Projection Views and Dose",
    "year" : 2008,
    "journal" : "Digital Mammography",
    "type" : "ARTICLE"
},

{
    "_id" : "577c432c0227c30f5cf44cfa",
    "actualClass" : "gcheng_261",
    "authors" : [ 
        "Guang Cheng", 
        "baba c. vemuri", 
        "paul r. carney", 
        "thomas h. mareci"
    ],
    "title" : "Non-rigid Registration of High Angular Resolution Diffusion Images Represented by Gaussian Mixture Fields",
    "year" : 2009,
    "journal" : "Medical Image Computing and Computer-Assisted Intervention",
    "type" : "ARTICLE"
},

{
    "_id" : "577c432c0227c30f5cf44cfb",
    "actualClass" : "hwang_293",
    "authors" : [ 
        "Hong Wang", 
        "david m. berman", 
        "a. j. radcliffe", 
        "alex d. scott", 
        "larry wargo"
    ],
    "title" : "All trees contain a large induced subgraph having all degrees 1 (mod k)",
    "year" : 1997,
    "journal" : "Discrete Mathematics",
    "type" : "ARTICLE"
},

{
    "_id" : "577c432c0227c30f5cf44cfc",
    "actualClass" : "wli_1051",
    "authors" : [ 
        "Wei Li", 
        "zhiwei xu", 
        "li cha", 
        "haiyan yu", 
        "jie qiu", 
        "yanzhe zhang"
    ],
    "title" : "A Service Management Scheme for Grid Systems",
    "year" : 2003,
    "journal" : "Grid and Cooperative Computing",
    "type" : "ARTICLE"
},

{
    "_id" : "577c432c0227c30f5cf44cfe",
    "actualClass" : "yliu_1136",
    "authors" : [ 
        "Yan Liu", 
        "bojan cukic", 
        "edgar fuller", 
        "sampath yerramalla", 
        "srikanth gururajan"
    ],
    "title" : "Monitoring techniques for an online neuro-adaptive controller",
    "year" : 2006,
    "journal" : "Journal of Systems and Software",
    "type" : "ARTICLE"
},

{
    "_id" : "577c432c0227c30f5cf44cff",
    "actualClass" : "slin_942",
    "authors" : [ 
        "Shen Lin", 
        "francois taiani", 
        "gordon s. blair"
    ],
    "title" : "Exploiting Synergies between Coexisting Overlays",
    "year" : 2009,
    "journal" : "Distributed Applications and Interoperable Systems",
    "type" : "ARTICLE"
},

{
    "_id" : "577c432c0227c30f5cf44d00",
    "actualClass" : "mhofmann_641",
    "authors" : [ 
        "Martin Hofmann", 
        "glen c. collins", 
        "juan e. vargas", 
        "john r. bourne", 
        "arthur j. brodersen"
    ],
    "title" : "A paradigm for building diagnostic expert systems by specializing generic device and reasoning models",
    "year" : 1988,
    "journal" : "Industrial and Engineering Applications of Artificial Intelligence and Expert Systems",
    "type" : "ARTICLE"
},

{
    "_id" : "577c432c0227c30f5cf44d01",
    "actualClass" : "clange_152",
    "authors" : [ 
        "Christoph Lange", 
        "tuukka hastrup", 
        "stephane corlosquet"
    ],
    "title" : "Arguing on Issues with Mathematical Knowledge Items in a Semantic Wiki",
    "year" : 2008,
    "journal" : "Lernen, Wissensentdeckung und Adaptivit?t",
    "type" : "ARTICLE"
},

{
    "_id" : "577c432c0227c30f5cf44d02",
    "actualClass" : "bzeng_86",
    "authors" : [ 
        "Bin Zeng", 
        "lu yao", 
        "yongqian he"
    ],
    "title" : "An Energy-efficient Broadcast Control Protocol for Wireless Sensor Networks",
    "year" : 2009,
    "journal" : "IEEE NAS - Networking, Architecture, and Storage",
    "type" : "ARTICLE"
},

{
    "_id" : "577c432c0227c30f5cf44d03",
    "actualClass" : "sschulte_975",
    "authors" : [ 
        "Stefan Schulte", 
        "nicolas repp", 
        "ulrike steffens"
    ],
    "title" : "Vorwort der Workshop-Leitung",
    "year" : 2009,
    "journal" : "GI-Jahrestagung",
    "type" : "ARTICLE"
},

{
    "_id" : "577c432c0227c30f5cf44d04",
    "actualClass" : "ufuchs_1031",
    "authors" : [ 
        "Ulrich Fuchs", 
        "vladimir bahyl", 
        "benjamin chardi", 
        "jan van eldik", 
        "thorsten kleinwort", 
        "martin murth", 
        "tim smith"
    ],
    "title" : "Installing, Running and Maintaining Large Linux Clusters at CERN",
    "year" : 2003,
    "journal" : "Computing Research Repository",
    "type" : "ARTICLE"
},

{
    "_id" : "577c432c0227c30f5cf44d05",
    "actualClass" : "fpappalardo_243",
    "authors" : [ 
        "Francesco Pappalardo", 
        "mauro olivieri", 
        "giuseppe visalli"
    ],
    "title" : "Design issues for bus switch systems in deep sub-micro metric CMOS technologies",
    "year" : 2005,
    "journal" : "Circuits, Signals, and Systems",
    "type" : "ARTICLE"
},

{
    "_id" : "577c432c0227c30f5cf44d06",
    "actualClass" : "slin_942",
    "authors" : [ 
        "Shen Lin", 
        "francois taiani", 
        "gordon s. blair"
    ],
    "title" : "Facilitating Gossip Programming with the GossipKit Framework",
    "year" : 2008,
    "journal" : "Distributed Applications and Interoperable Systems",
    "type" : "ARTICLE"
},

{
    "_id" : "577c432c0227c30f5cf44d07",
    "actualClass" : "jsun_444",
    "authors" : [ 
        "Jun Sun", 
        "wanghong yuan", 
        "mahesh kallahalla", 
        "nayeem islam"
    ],
    "title" : "HAIL: a language for easy and correct device access",
    "year" : 2005,
    "journal" : "International Workshop on Embedded Systems",
    "type" : "ARTICLE"
},

{
    "_id" : "577c432c0227c30f5cf44d08",
    "actualClass" : "lzhang_522",
    "authors" : [ 
        "Lei Zhang", 
        "fan-liang li", 
        "xiyan hu"
    ],
    "title" : "Left and right inverse eigenpairs problem of skew-centrosymmetric matrices",
    "year" : 2006,
    "journal" : "Applied Mathematics and Computation",
    "type" : "ARTICLE"
},

{
    "_id" : "577c432c0227c30f5cf44d09",
    "actualClass" : "gliu_270",
    "authors" : [ 
        "Guoping Liu", 
        "li yang", 
        "zhiqiang cao", 
        "min tan"
    ],
    "title" : "Vision-based Fuzzy Coordination Control for Multiple Robots",
    "year" : 2008,
    "journal" : "Robotics, Automation and Mechatronics",
    "type" : "ARTICLE"
},

{
    "_id" : "577c432c0227c30f5cf44d0a",
    "actualClass" : "yliu_1136",
    "authors" : [ 
        "Yan Liu", 
        "bojan cukic", 
        "edgar fuller", 
        "srikanth gururajan", 
        "sampath yerramalla"
    ],
    "title" : "Novelty Detection for a Neural Network-Based Online Adaptive System",
    "year" : 2005,
    "journal" : "International Computer Software and Applications Conference",
    "type" : "ARTICLE"
},

{
    "_id" : "577c432c0227c30f5cf44d0b",
    "actualClass" : "tludwig_1011",
    "authors" : [ 
        "Thomas Ludwig", 
        "gunther rackl", 
        "filippo de stefani", 
        "francois heran", 
        "antonello pasquarelli"
    ],
    "title" : "Airport simulation using CORBA and DIS",
    "year" : 2000,
    "journal" : "Future Generation Computer Systems",
    "type" : "ARTICLE"
},

{
    "_id" : "577c432c0227c30f5cf44d0c",
    "actualClass" : "lding_528",
    "authors" : [ 
        "Li Ding", 
        "feng yang", 
        "chunxin yang", 
        "xiugan yuan"
    ],
    "title" : "An algorithm for simulating human arm movement considering the comfort level",
    "year" : 2005,
    "journal" : "Simulation Practice and Theory",
    "type" : "ARTICLE"
},

{
    "_id" : "577c432c0227c30f5cf44d0d",
    "actualClass" : "hlu_299",
    "authors" : [ 
        "Hua Lu", 
        "c. y. yin", 
        "m. o. alam", 
        "y. c. chan", 
        "chris bailey"
    ],
    "title" : "The effect of reflow process on the contact resistance and reliability of anisotropic conductive film interconnection for flip chip on flex applications",
    "year" : 2003,
    "journal" : "Microelectronics Reliability",
    "type" : "ARTICLE"
},

{
    "_id" : "577c432c0227c30f5cf44d0e",
    "actualClass" : "jzhang_398",
    "authors" : [ 
        "Jianzhong Zhang", 
        "yun he", 
        "xiaoguang niu", 
        "qi zhao"
    ],
    "title" : "Search and index in locality-based clustering overlay",
    "year" : 2005,
    "journal" : "Cluster Computing and the Grid",
    "type" : "ARTICLE"
},

{
    "_id" : "577c432c0227c30f5cf44d0f",
    "actualClass" : "jzhang_372",
    "authors" : [ 
        "Jian Zhang", 
        "zhiyuan zhao", 
        "jennifer evershed", 
        "guoying li"
    ],
    "title" : "Monophyletic clustering and characterization of protein families",
    "year" : 2007,
    "journal" : "Journal of Integrative Bioinformatics",
    "type" : "ARTICLE"
},

{
    "_id" : "577c432c0227c30f5cf44d10",
    "actualClass" : "hishikawa_284",
    "authors" : [ 
        "Hiroshi Ishikawa", 
        "s. namiki", 
        "t. hasama", 
        "m. mori", 
        "m. watanabe"
    ],
    "title" : "Dynamic Optical Path Switching for Ultra-Low Energy Consumption and Its Enabling Device Technologies",
    "year" : 2008,
    "journal" : "Symposium on Applications and the Internet",
    "type" : "ARTICLE"
},

{
    "_id" : "577c432c0227c30f5cf44d11",
    "actualClass" : "qxu_845",
    "authors" : [ 
        "Qing Xu", 
        "yan zhang", 
        "tao wang", 
        "lei sun"
    ],
    "title" : "Limited Recurrent Neural Network for Superresolution Image Reconstruction",
    "year" : 2006,
    "journal" : "International Conference on Neural Information Processing",
    "type" : "ARTICLE"
},

{
    "_id" : "577c432c0227c30f5cf44d12",
    "actualClass" : "abauer_47",
    "authors" : [ 
        "Andreas Bauer", 
        "markus pister", 
        "michael tautschnig"
    ],
    "title" : "Tool-support for the analysis of hybrid systems and models",
    "year" : 2007,
    "journal" : "Design, Automation, and Test in Europe",
    "type" : "ARTICLE"
},

{
    "_id" : "577c432c0227c30f5cf44d13",
    "actualClass" : "cshekhar_118",
    "authors" : [ 
        "Chandra Shekhar", 
        "b. s. manjunath", 
        "rama chellappa"
    ],
    "title" : "A new approach to image feature detection with applications",
    "year" : 1996,
    "journal" : "Pattern Recognition",
    "type" : "ARTICLE"
},

{
    "_id" : "577c432c0227c30f5cf44d14",
    "actualClass" : "dschmitt_176",
    "authors" : [ 
        "Daniel Schmitt", 
        "stefan naher"
    ],
    "title" : "Multi-core Implementations of Geometric Algorithms",
    "year" : 2009,
    "journal" : "Birthday ...",
    "type" : "ARTICLE"
},

{
    "_id" : "577c432c0227c30f5cf44d15",
    "actualClass" : "fgao_231",
    "authors" : [ 
        "Feng Gao"
    ],
    "title" : "Towards Structured Parallel Computing on Architecture-Independent Parallel Algorithm Design for Distributed-Memory Architectures",
    "year" : 1996,
    "journal" : "Journal of Computer and System Sciences",
    "type" : "ARTICLE"
},

{
    "_id" : "577c432c0227c30f5cf44d16",
    "actualClass" : "gliu_271",
    "authors" : [ 
        "Guoping Liu", 
        "r. j. patton"
    ],
    "title" : "Robust control design based on parametric eigenvalue assignment",
    "year" : 1998,
    "journal" : "International Journal of Systems Science",
    "type" : "ARTICLE"
},

{
    "_id" : "577c432c0227c30f5cf44d17",
    "actualClass" : "wwang_1069",
    "authors" : [ 
        "Wei Wang", 
        "xiaoyuan wang", 
        "qing zhang", 
        "weiwei sun", 
        "baile shi"
    ],
    "title" : "cGridex: Efficient Processing of Continuous Range Queries over Moving Objects",
    "year" : 2005,
    "journal" : "Web-Age Information Management",
    "type" : "ARTICLE"
},

{
    "_id" : "577c432c0227c30f5cf44d18",
    "actualClass" : "rkumar_855",
    "authors" : [ 
        "Rajesh Kumar", 
        "aaron c. barnes", 
        "gregory d. hager", 
        "patrick s. jensen", 
        "russell h. taylor"
    ],
    "title" : "Applications of Task-Level Augmentation for Cooperative Fine Manipulation Tasks in Surgery",
    "year" : 2001,
    "journal" : "Medical Image Computing and Computer-Assisted Intervention",
    "type" : "ARTICLE"
},

{
    "_id" : "577c432c0227c30f5cf44d19",
    "actualClass" : "dvanthanh_211",
    "authors" : [ 
        "Do Van Thanh"
    ],
    "title" : "A Relationship Between the Probabilistic and the Possibilistic Logic",
    "year" : 1998,
    "journal" : "Computing and Informatics / Computers and Artificial Intelligence",
    "type" : "ARTICLE"
},

{
    "_id" : "577c432c0227c30f5cf44d1a",
    "actualClass" : "wwang_1075",
    "authors" : [ 
        "Wei Wang", 
        "honggang wang", 
        "dongming peng", 
        "hamid sharif", 
        "hsiao-hwa chen"
    ],
    "title" : "Interplay Between Routing and Distributed Source Coding in Wireless Sensor Network",
    "year" : 2007,
    "journal" : "IEEE International Conference on Communications",
    "type" : "ARTICLE"
},

{
    "_id" : "577c432c0227c30f5cf44d1b",
    "actualClass" : "yzhang_1182",
    "authors" : [ 
        "Yi Zhang", 
        "natalia maltsev", 
        "elizabeth m. glass", 
        "dinanath sulakhe", 
        "alexis a. rodriguez", 
        "mustafa h. syed", 
        "tanuja bompada", 
        "mark d'souza"
    ],
    "title" : "PUMA2 - grid-based high-throughput analysis of genomes and metabolic pathways",
    "year" : 2006,
    "journal" : "Nucleic Acids Research",
    "type" : "ARTICLE"
},

{
    "_id" : "577c432c0227c30f5cf44d1c",
    "actualClass" : "kwalczak_500",
    "authors" : [ 
        "Krzysztof Walczak", 
        "lukasz kobylinski"
    ],
    "title" : "Jumping Emerging Patterns with Occurrence Count in Image Classification",
    "year" : 2008,
    "journal" : "Pacific-Asia Conference on Knowledge Discovery and Data Mining",
    "type" : "ARTICLE"
},

{
    "_id" : "577c432c0227c30f5cf44d1d",
    "actualClass" : "ylu_1175",
    "authors" : [ 
        "Yi Lu", 
        "yana yankova", 
        "koen bertels", 
        "georgi kuzmanov", 
        "georgi gaydadjiev", 
        "stamatis vassiliadis"
    ],
    "title" : "DWARV: DelftWorkBench Automated Reconfigurable VHDL Generator",
    "year" : 2007,
    "journal" : "Field-Programmable Logic and Applications",
    "type" : "ARTICLE"
},

{
    "_id" : "577c432c0227c30f5cf44d1e",
    "actualClass" : "wwang_1075",
    "authors" : [ 
        "Wei Wang", 
        "dongming peng", 
        "honggang wang", 
        "hamid sharif", 
        "hsiao-hwa chen"
    ],
    "title" : "Energy-Distortion-Authentication Optimized Resource Allocation for Secure Wireless Image Streaming",
    "year" : 2008,
    "journal" : "IEEE Wireless Communications & Networking Conference",
    "type" : "ARTICLE"
},

{
    "_id" : "577c432c0227c30f5cf44d1f",
    "actualClass" : "dbrown_167",
    "authors" : [ 
        "Daniel G. Brown", 
        "tanya y. berger-wolf"
    ],
    "title" : "Discovering Kinship through Small Subsets",
    "year" : 2010,
    "journal" : "Algorithms in Bioinformatics",
    "type" : "ARTICLE"
},

{
    "_id" : "577c432c0227c30f5cf44d20",
    "actualClass" : "lwang_536",
    "authors" : [ 
        "Liang Wang", 
        "david suter"
    ],
    "title" : "Analyzing Human Movements from Silhouettes Using Manifold Learning",
    "year" : 2006,
    "journal" : "Advanced Video and Signal Based Surveillance",
    "type" : "ARTICLE"
},

{
    "_id" : "577c432c0227c30f5cf44d21",
    "actualClass" : "sschulte_975",
    "authors" : [ 
        "Stefan Schulte", 
        "apostolos papageorgiou", 
        "dieter schuller", 
        "michael niemann", 
        "nicolas repp", 
        "ralf steinmetz"
    ],
    "title" : "Governance of a service-oriented architecture for environmental and public security",
    "year" : 2009,
    "journal" : "Information Technologies in Environmental Engineering",
    "type" : "ARTICLE"
},

{
    "_id" : "577c432c0227c30f5cf44d22",
    "actualClass" : "kroy_485",
    "authors" : [ 
        "Kaushik Roy", 
        "prabir bhattacharya"
    ],
    "title" : "Iris Recognition with Support Vector Machines",
    "year" : 2006,
    "journal" : "International Conference on Biometrics",
    "type" : "ARTICLE"
},

{
    "_id" : "577c432c0227c30f5cf44d23",
    "actualClass" : "pzhang_828",
    "authors" : [ 
        "Ping Zhang", 
        "vanbien le", 
        "yuewei lin", 
        "xiaomeng wang", 
        "zhiyong feng"
    ],
    "title" : "A Cell Based Dynamic Spectrum Management Scheme with Interference Mitigation for Cognitive Networks",
    "year" : 2008,
    "journal" : "Vehicular Technology Conference",
    "type" : "ARTICLE"
},

{
    "_id" : "577c432c0227c30f5cf44d24",
    "actualClass" : "cchen_135",
    "authors" : [ 
        "Chih-Chun Chen", 
        "jung-hong chuang"
    ],
    "title" : "Texture Adaptation for Progressive Meshes",
    "year" : 2006,
    "journal" : "Computer Graphics Forum",
    "type" : "ARTICLE"
},

{
    "_id" : "577c432c0227c30f5cf44d25",
    "actualClass" : "hlin_309",
    "authors" : [ 
        "Hui Lin", 
        "weiguo fan", 
        "linda wallace", 
        "zhongju zhang"
    ],
    "title" : "An Empirical Study of Web-Based Knowledge Community Success",
    "year" : 2007,
    "journal" : "Hawaii International Conference on System Sciences",
    "type" : "ARTICLE"
},

{
    "_id" : "577c432c0227c30f5cf44d26",
    "actualClass" : "pzhang_828",
    "authors" : [ 
        "Ping Zhang", 
        "ning yang", 
        "hui tian"
    ],
    "title" : "A Service-Differentiated Access Algorithm for Future Cooperative Networks",
    "year" : 2007,
    "journal" : "Vehicular Technology Conference",
    "type" : "ARTICLE"
},

{
    "_id" : "577c432c0227c30f5cf44d27",
    "actualClass" : "wwang_1066",
    "authors" : [ 
        "Wei Wang", 
        "david chiang", 
        "kevin knight"
    ],
    "title" : "11,001 New Features for Statistical Machine Translation",
    "year" : 2009,
    "journal" : "North American Chapter of the Association for Computational Linguistics",
    "type" : "ARTICLE"
},

{
    "_id" : "577c432c0227c30f5cf44d28",
    "actualClass" : "alodi_45",
    "authors" : [ 
        "Andrea Lodi", 
        "luca ciccarelli", 
        "andrea cappelli", 
        "fabio campi", 
        "mario toma"
    ],
    "title" : "Decoder-Based Multi-Context Interconnect Architecture",
    "year" : 2003,
    "journal" : "Annual Symposium on VLSI",
    "type" : "ARTICLE"
},

{
    "_id" : "577c432c0227c30f5cf44d29",
    "actualClass" : "jyang_460",
    "authors" : [ 
        "Jun Yang", 
        "ping zhou", 
        "bo zhao", 
        "yu du", 
        "yi xu", 
        "youtao zhang", 
        "li zhao"
    ],
    "title" : "Frequent value compression in packet-based NoC architectures",
    "year" : 2009,
    "journal" : "Asia and South Pacific Design Automation Conference",
    "type" : "ARTICLE"
},

{
    "_id" : "577c432c0227c30f5cf44d2a",
    "actualClass" : "jyang_462",
    "authors" : [ 
        "Jun Yang", 
        "yuan wen", 
        "woon-seng gan"
    ],
    "title" : "Application of radiation mode in desired sound field generation using loudspeaker array",
    "year" : 2005,
    "journal" : "IEEE International Symposium on Circuits and Systems",
    "type" : "ARTICLE"
},

{
    "_id" : "577c432c0227c30f5cf44d2b",
    "actualClass" : "cliu_125",
    "authors" : [ 
        "Chao Liu", 
        "chien-chern cheah", 
        "jean-jacques e. slotine"
    ],
    "title" : "Adaptive Task-space Regulation of Rigid-link Flexible-joint Robots with Uncertain Kinematics",
    "year" : 2006,
    "journal" : "International Conference on Robotics and Automation",
    "type" : "ARTICLE"
},

{
    "_id" : "577c432c0227c30f5cf44d2c",
    "actualClass" : "csprenger_154",
    "authors" : [ 
        "Christoph Sprenger", 
        "stephan trojansky", 
        "florian hu", 
        "kolja kahler", 
        "stephan stapel"
    ],
    "title" : "Rule-based crowds: generation, animation, cloth and rendering of 15.000 unique human characters",
    "year" : 2003,
    "journal" : "Annual Conference on Computer Graphics",
    "type" : "ARTICLE"
},

{
    "_id" : "577c432c0227c30f5cf44d2d",
    "actualClass" : "droller_206",
    "authors" : [ 
        "Dieter Roller", 
        "robert c. drees", 
        "jurgen pleiss", 
        "rolf d. schmid"
    ],
    "title" : "Integrating Molecular Modeling Tools and Virtual Reality Engines: An Architecture for a Highly Immersive Molecular Modeling (HIMM) Environment",
    "year" : 1998,
    "journal" : "Computer Graphics International",
    "type" : "ARTICLE"
},

{
    "_id" : "577c432c0227c30f5cf44d2e",
    "actualClass" : "xdong_1125",
    "authors" : [ 
        "Xin Dong", 
        "gang chen", 
        "jianwei yin", 
        "jinxiang dong"
    ],
    "title" : "Petri-net-based Context-related Access Control in Workflow Environment",
    "year" : 2002,
    "journal" : "Computer Supported Cooperative Work in Design",
    "type" : "ARTICLE"
},

{
    "_id" : "577c432c0227c30f5cf44d2f",
    "actualClass" : "abirk_51",
    "authors" : [ 
        "Andreas Birk", 
        "kaustubh pathak", 
        "narunas vaskevicius", 
        "max pfingsthorn", 
        "jann poppinga"
    ],
    "title" : "Online three-dimensional SLAM by registration of large planar surface segments and closed-form pose-graph relaxation",
    "year" : 2010,
    "journal" : "Journal of Field Robotics",
    "type" : "ARTICLE"
},

{
    "_id" : "577c432c0227c30f5cf44d30",
    "actualClass" : "kchen_487",
    "authors" : [ 
        "Ke Chen"
    ],
    "title" : "Towards better making a decision in speaker verification",
    "year" : 2003,
    "journal" : "Pattern Recognition",
    "type" : "ARTICLE"
},

{
    "_id" : "577c432c0227c30f5cf44d31",
    "actualClass" : "dbrown_167",
    "authors" : [ 
        "Daniel G. Brown", 
        "brona brejova", 
        "tomas vinar"
    ],
    "title" : "The Most Probable Labeling Problem in HMMs and Its Application to Bioinformatics",
    "year" : 2004,
    "journal" : "Algorithms in Bioinformatics",
    "type" : "ARTICLE"
},

{
    "_id" : "577c432c0227c30f5cf44d32",
    "actualClass" : "jyang_462",
    "authors" : [ 
        "Jun Yang", 
        "yuan wen", 
        "woon s. gan"
    ],
    "title" : "Nonlinear least-square solution to flattop pattern synthesis using arbitrary linear array",
    "year" : 2005,
    "journal" : "Signal Processing",
    "type" : "ARTICLE"
},

{
    "_id" : "577c432c0227c30f5cf44d33",
    "actualClass" : "qnguyen_851",
    "authors" : [ 
        "Quang Huy Nguyen", 
        "boi faltings"
    ],
    "title" : "Random Subset Optimization",
    "year" : 2006,
    "journal" : "European Conference on Artificial Intelligence",
    "type" : "ARTICLE"
},

{
    "_id" : "577c432c0227c30f5cf44d34",
    "actualClass" : "cwang_136",
    "authors" : [ 
        "Chong Wang", 
        "patrick baudisch", 
        "xing xie", 
        "wei-ying ma"
    ],
    "title" : "Collapse-to-zoom: viewing web pages on small screen devices by interactively removing irrelevant content",
    "year" : 2004,
    "journal" : "User Interface Software and Technology",
    "type" : "ARTICLE"
},

{
    "_id" : "577c432c0227c30f5cf44d35",
    "actualClass" : "slee_932",
    "authors" : [ 
        "Seungjin Lee", 
        "joono cheong", 
        "jung kim"
    ],
    "title" : "Motion Duplication Control for Distributed Dynamic Systems by Natural Damping",
    "year" : 2006,
    "journal" : "International Conference on Robotics and Automation",
    "type" : "ARTICLE"
},

{
    "_id" : "577c432c0227c30f5cf44d36",
    "actualClass" : "skim_989",
    "authors" : [ 
        "Sunghun Kim", 
        "jongsub cha", 
        "joongsoo ma"
    ],
    "title" : "Interference-Aware Channel Assignments with Seamless MultiChannel Monitoring in Wireless Mesh Networks",
    "year" : 2009,
    "journal" : "IEEE International Conference on Communications",
    "type" : "ARTICLE"
},

{
    "_id" : "577c432c0227c30f5cf44d37",
    "actualClass" : "svenkatesan_909",
    "authors" : [ 
        "S. Venkatesan", 
        "c. chellappan"
    ],
    "title" : "Recovery model for free-roaming mobile agent against multiple attacks",
    "year" : 2007,
    "journal" : "International Conference on Mobile Multimedia Communications",
    "type" : "ARTICLE"
},

{
    "_id" : "577c432c0227c30f5cf44d38",
    "actualClass" : "she_940",
    "authors" : [ 
        "Shan He", 
        "ashwin swaminathan", 
        "yinian mao", 
        "guan-ming su", 
        "hongmei gou", 
        "avinash l. varna", 
        "min wu"
    ],
    "title" : "Confidentiality-preserving rank-ordered search",
    "year" : 2007,
    "journal" : "Storage Security And Survivability",
    "type" : "ARTICLE"
},

{
    "_id" : "577c432c0227c30f5cf44d39",
    "actualClass" : "jzeng_374",
    "authors" : [ 
        "Jianchao Zeng", 
        "yiqiang zhan", 
        "dinggang shen", 
        "leon sun", 
        "gabor fichtinger", 
        "judd w. moul", 
        "christos davatzikos"
    ],
    "title" : "Targeted Prostate Biopsy Using Statistical Image Analysis",
    "year" : 2007,
    "journal" : "IEEE Transactions on Medical Imaging",
    "type" : "ARTICLE"
},

{
    "_id" : "577c432c0227c30f5cf44d3a",
    "actualClass" : "wwang_1070",
    "authors" : [ 
        "Wei Wang", 
        "yi xia", 
        "jiong yang", 
        "philip s. yu", 
        "richard r. muntz"
    ],
    "title" : "Efficient Filtering of Large DatasetA User-Centric Paradigm",
    "year" : 2002,
    "journal" : "SIAM International Conference on Data Mining",
    "type" : "ARTICLE"
},

{
    "_id" : "577c432c0227c30f5cf44d3b",
    "actualClass" : "wxu_1079",
    "authors" : [ 
        "Wei Xu", 
        "patrick lambrix", 
        "he tan"
    ],
    "title" : "Literature-based Alignment of Ontologies",
    "year" : 2008,
    "journal" : "International Semantic Web Conference",
    "type" : "ARTICLE"
},

{
    "_id" : "577c432c0227c30f5cf44d3c",
    "actualClass" : "yzhang_1166",
    "authors" : [ 
        "Ye Zhang", 
        "hanne riis nielson"
    ],
    "title" : "Analyzing Security Protocols in Hierarchical Networks",
    "year" : 2006,
    "journal" : "Automated Technology for Verification and Analysis",
    "type" : "ARTICLE"
},

{
    "_id" : "577c432c0227c30f5cf44d3d",
    "actualClass" : "jzeng_374",
    "authors" : [ 
        "Jianchao Zeng", 
        "shani ross", 
        "o?tega ejofodomi", 
        "ahmed jendoubi", 
        "lisa kinnard", 
        "mohamed chouika", 
        "shih-chung ben lo", 
        "paul wang"
    ],
    "title" : "A Mammography Database and View System for African-American Patients",
    "year" : 2008,
    "journal" : "Journal of Digital Imaging",
    "type" : "ARTICLE"
},

{
    "_id" : "577c432c0227c30f5cf44d3e",
    "actualClass" : "akumar_39",
    "authors" : [ 
        "Amit Kumar", 
        "li-shiuan peh", 
        "partha kundu", 
        "niraj k. jha"
    ],
    "title" : "Express virtual channels: towards the ideal interconnection fabric",
    "year" : 2007,
    "journal" : "International Symposium on Computer Architecture",
    "type" : "ARTICLE"
},

{
    "_id" : "577c432c0227c30f5cf44d3f",
    "actualClass" : "wli_1051",
    "authors" : [ 
        "Wei Li", 
        "z. xu", 
        "b. li", 
        "yili gong"
    ],
    "title" : "The Vega Personal Grid: A Lightweight Grid Architecture",
    "year" : 2002,
    "journal" : "Parallel and Distributed Computing Systems",
    "type" : "ARTICLE"
},

{
    "_id" : "577c432c0227c30f5cf44d40",
    "actualClass" : "yliu_1142",
    "authors" : [ 
        "Yan Liu", 
        "shaowen wang", 
        "anand padmanabhan", 
        "ransom briggs", 
        "jun ni", 
        "tao he", 
        "boyd m. knosp", 
        "yasar onel"
    ],
    "title" : "A Multi-agent System Architecture for End-User Level Grid Monitoring Using Geographic Information Systems (MAGGIS): Architecture and Implementation",
    "year" : 2003,
    "journal" : "Grid and Cooperative Computing",
    "type" : "ARTICLE"
},

{
    "_id" : "577c432c0227c30f5cf44d41",
    "actualClass" : "wwang_1075",
    "authors" : [ 
        "Wei Wang", 
        "dongming peng", 
        "honggang wang", 
        "hamid sharif"
    ],
    "title" : "A cross layer resource allocation scheme for secure image delivery in wireless sensor networks",
    "year" : 2007,
    "journal" : "International Conference on Wireless Communications and Mobile Computing",
    "type" : "ARTICLE"
},

{
    "_id" : "577c432c0227c30f5cf44d42",
    "actualClass" : "ywang_1157",
    "authors" : [ 
        "Yang Wang", 
        "yanmin sun", 
        "mohamed s. kamel"
    ],
    "title" : "Boosting for Learning Multiple Classes with Imbalanced Class Distribution",
    "year" : 2006,
    "journal" : "IEEE International Conference on Data Mining",
    "type" : "ARTICLE"
},

{
    "_id" : "577c432c0227c30f5cf44d43",
    "actualClass" : "lsmith_502",
    "authors" : [ 
        "Larry Smith", 
        "james bowen", 
        "peter o'grady"
    ],
    "title" : "A constraint programming language for Life-Cycle Engineering",
    "year" : 1990,
    "journal" : "Advanced Engineering Informatics",
    "type" : "ARTICLE"
},

{
    "_id" : "577c432c0227c30f5cf44d44",
    "actualClass" : "dford_192",
    "authors" : [ 
        "David Ford"
    ],
    "title" : "A Note on the Equivalence of Gibbs Free Energy and Information Theoretic Capacity",
    "year" : 2008,
    "journal" : "Computing Research Repository",
    "type" : "ARTICLE"
},

{
    "_id" : "577c432c0227c30f5cf44d45",
    "actualClass" : "pwillett_819",
    "authors" : [ 
        "Peter Willett", 
        "naomie salim", 
        "john d. holliday"
    ],
    "title" : "Combination of Fingerprint-Based Similarity Coefficients Using Data Fusion",
    "year" : 2003,
    "journal" : "Journal of Chemical Information and Computer Sciences",
    "type" : "ARTICLE"
},

{
    "_id" : "577c432c0227c30f5cf44d46",
    "actualClass" : "lzhang_517",
    "authors" : [ 
        "Lei Zhang", 
        "qijun zhao", 
        "david zhang", 
        "wenyi huang", 
        "jian bai"
    ],
    "title" : "Curvature and singularity driven diffusion for oriented pattern enhancement with singular points",
    "year" : 2009,
    "journal" : "Computer Vision and Pattern Recognition",
    "type" : "ARTICLE"
},

{
    "_id" : "577c432c0227c30f5cf44d47",
    "actualClass" : "lzhang_578",
    "authors" : [ 
        "Lu Zhang", 
        "ken-chih liu"
    ],
    "title" : "Towards a relational model for exclusively disjunctive information",
    "year" : 1993,
    "journal" : "ACM Annual Computer Science Conference",
    "type" : "ARTICLE"
},

{
    "_id" : "577c432c0227c30f5cf44d48",
    "actualClass" : "wwang_1069",
    "authors" : [ 
        "Wei Wang", 
        "jun tang", 
        "dong huang", 
        "chen wang", 
        "baile shi"
    ],
    "title" : "GiSA: A Grid System for Genome Sequences Assembly",
    "year" : 2004,
    "journal" : "Object-Oriented and Entity-Relationship Modelling/International Conference on Conceptual Modeling / the Entity Relationship Approach",
    "type" : "ARTICLE"
},

{
    "_id" : "577c432c0227c30f5cf44d49",
    "actualClass" : "lzhang_512",
    "authors" : [ 
        "Lei Zhang", 
        "fang qian", 
        "fuzong lin", 
        "bo zhang"
    ],
    "title" : "FBCC: An Image Similarity Algorithm Based on Regions",
    "year" : 2001,
    "journal" : "IEEE Pacific Rim Conference on Multimedia",
    "type" : "ARTICLE"
},

{
    "_id" : "577c432c0227c30f5cf44d4a",
    "actualClass" : "xliu_1119",
    "authors" : [ 
        "Xiaoming Liu", 
        "michael l. nelson", 
        "herbert van de sompel", 
        "terry l. harrison", 
        "nathan mcfarland"
    ],
    "title" : "mod_oai: An Apache Module for Metadata Harvesting",
    "year" : 2005,
    "journal" : "Computing Research Repository",
    "type" : "ARTICLE"
},

{
    "_id" : "577c432c0227c30f5cf44d4b",
    "actualClass" : "mmeier_701",
    "authors" : [ 
        "Michael Meier", 
        "remo aslak burkhard"
    ],
    "title" : "Tube Map Visualization: Evaluation of a Novel Knowledge Visualization Application for the Transfer of Knowledge in Long-Term Projects",
    "year" : 2005,
    "journal" : "Journal of Universal Computer Science",
    "type" : "ARTICLE"
},

{
    "_id" : "577c432c0227c30f5cf44d4c",
    "actualClass" : "yliu_1138",
    "authors" : [ 
        "Yan Liu", 
        "dong zheng", 
        "jiying zhao"
    ],
    "title" : "An image rectification scheme and its applications in RST invariant digital image watermarking",
    "year" : 2007,
    "journal" : "Multimedia Tools and Applications",
    "type" : "ARTICLE"
}
]