[
{
    "_id" : "577c432c0227c30f5cf44d4d",
    "actualClass" : "yzhang_1186",
    "authors" : [ 
        "Yi Zhang", 
        "david eichmann", 
        "shannon bradshaw", 
        "xin ying qiu", 
        "li zhou", 
        "padmini srinivasan", 
        "aditya kumar sehgal", 
        "hudon wong"
    ],
    "title" : "Novelty, Question Answering and Genomics: The University of Iowa Response",
    "year" : 2004,
    "journal" : "Text REtrieval Conference",
    "type" : "ARTICLE"
},

{
    "_id" : "577c432c0227c30f5cf44d4e",
    "actualClass" : "dparker_201",
    "authors" : [ 
        "David Parker", 
        "adam etches", 
        "sean ince", 
        "philip james"
    ],
    "title" : "UTIS (Urban Transportation Information System) a geo-spatial transport database",
    "year" : 2000,
    "journal" : "Workshop on Advances in Geographic Information Systems",
    "type" : "ARTICLE"
},

{
    "_id" : "577c432c0227c30f5cf44d4f",
    "actualClass" : "mjiang_731",
    "authors" : [ 
        "Ming Jiang", 
        "frank ruskey"
    ],
    "title" : "Determining the hamilton-connectedness of certain vertex-transitive graphs",
    "year" : 1994,
    "journal" : "Discrete Mathematics",
    "type" : "ARTICLE"
},

{
    "_id" : "577c432c0227c30f5cf44d50",
    "actualClass" : "kchen_473",
    "authors" : [ 
        "Kai Chen", 
        "janos sztipanovits", 
        "sandeep neema"
    ],
    "title" : "Compositional specification of behavioral semantics",
    "year" : 2007,
    "journal" : "Design, Automation, and Test in Europe",
    "type" : "ARTICLE"
},

{
    "_id" : "577c432c0227c30f5cf44d51",
    "actualClass" : "bfischer_75",
    "authors" : [ 
        "Bernd Fischer", 
        "johann schumann"
    ],
    "title" : "SETHEO Goes Software Engineering: Application of ATP to Software Reuse",
    "year" : 1997,
    "journal" : "Conference on Automated Deduction",
    "type" : "ARTICLE"
},

{
    "_id" : "577c432c0227c30f5cf44d52",
    "actualClass" : "wwang_1071",
    "authors" : [ 
        "Wei Wang", 
        "haichuan shang", 
        "xuemin lin", 
        "ying zhang", 
        "jeffrey xu yu"
    ],
    "title" : "Connected substructure similarity search",
    "year" : 2010,
    "journal" : "International Conference on Management of Data",
    "type" : "ARTICLE"
},

{
    "_id" : "577c432c0227c30f5cf44d53",
    "actualClass" : "wwang_1077",
    "authors" : [ 
        "Wei Wang", 
        "ronald chung"
    ],
    "title" : "Image Segmentation That Merges Together Boundary and Region Information",
    "year" : 2006,
    "journal" : "Asian Conference on Computer Vision",
    "type" : "ARTICLE"
},

{
    "_id" : "577c432c0227c30f5cf44d54",
    "actualClass" : "pwillett_819",
    "authors" : [ 
        "Peter Willett", 
        "fiona m. mccall"
    ],
    "title" : "Criteria for the Selection of Search Strategies in Best-Match Document-Retrieval Systems",
    "year" : 1986,
    "journal" : "International Journal of Human-computer Studies / International Journal of Man-machine Studies",
    "type" : "ARTICLE"
},

{
    "_id" : "577c432c0227c30f5cf44d55",
    "actualClass" : "nzhang_769",
    "authors" : [ 
        "Nan Zhang", 
        "wei yu", 
        "xinwen fu", 
        "wei zhao"
    ],
    "title" : "Self-Disciplinary Worms and Countermeasures: Modeling and Analysis",
    "year" : 2010,
    "journal" : "IEEE Transactions on Parallel and Distributed Systems",
    "type" : "ARTICLE"
},

{
    "_id" : "577c432c0227c30f5cf44d56",
    "actualClass" : "aamiri_31",
    "authors" : [ 
        "Ali Amiri", 
        "mahmood fathy"
    ],
    "title" : "Video Retrieval Using Generalized Eigenvalue Decomposition",
    "year" : 2009,
    "journal" : "International Conference on Image Processing, Computer Vision, and Pattern Recognition",
    "type" : "ARTICLE"
},

{
    "_id" : "577c432c0227c30f5cf44d57",
    "actualClass" : "brossi_113",
    "authors" : [ 
        "Bruno Rossi", 
        "antonio frisoli", 
        "luigi federico borelli", 
        "alberto montagner", 
        "simone marcheschi", 
        "caterina procopio", 
        "fabio salsedo", 
        "massimo bergamasco", 
        "maria chiara carboncini"
    ],
    "title" : "Robot-mediated arm rehabilitation in Virtual Environments for chronic stroke patients: A clinical study",
    "year" : 2008,
    "journal" : "International Conference on Robotics and Automation",
    "type" : "ARTICLE"
},

{
    "_id" : "577c432c0227c30f5cf44d58",
    "actualClass" : "tkim_997",
    "authors" : [ 
        "Tae-Yong Kim", 
        "matt derksen"
    ],
    "title" : "Animation and simulation of octopus arms in 'The Night at the Museum 2",
    "year" : 2009,
    "journal" : "Annual Conference on Computer Graphics",
    "type" : "ARTICLE"
},

{
    "_id" : "577c432c0227c30f5cf44d59",
    "actualClass" : "sroy_905",
    "authors" : [ 
        "Sebastien Roy", 
        "philippe leroux"
    ],
    "title" : "Distributed Power Control with Multiple Agents in a Distributed Base Station Scheme Using Macrodiversity",
    "year" : 2009,
    "journal" : "Self-Stabilizing Systems",
    "type" : "ARTICLE"
},

{
    "_id" : "577c432c0227c30f5cf44d5a",
    "actualClass" : "hwang_286",
    "authors" : [ 
        "Hong Wang", 
        "liping yin", 
        "lei guo"
    ],
    "title" : "Robust minimum entropy tracking control with guaranteed stability for nonlinear stochastic systems under modeling errors",
    "year" : 2008,
    "journal" : "International Conference on Control, Automation, Robotics and Vision",
    "type" : "ARTICLE"
},

{
    "_id" : "577c432c0227c30f5cf44d5b",
    "actualClass" : "jwang_417",
    "authors" : [ 
        "Jing Wang", 
        "kristin j. dana", 
        "oana g. cula"
    ],
    "title" : "Surface detail in computer models",
    "year" : 2007,
    "journal" : "Image and Vision Computing",
    "type" : "ARTICLE"
},

{
    "_id" : "577c432c0227c30f5cf44d5c",
    "actualClass" : "nkobayashi_776",
    "authors" : [ 
        "Naoki Kobayashi", 
        "atsushi shimizu", 
        "atsushi sagata", 
        "hiroshi watanabe"
    ],
    "title" : "Bitstream scaling by reference frame altering",
    "year" : 2001,
    "journal" : "Systems and Computers in Japan",
    "type" : "ARTICLE"
},

{
    "_id" : "577c432c0227c30f5cf44d5d",
    "actualClass" : "wmuller_1094",
    "authors" : [ 
        "Wolfgang Muller", 
        "henning muller", 
        "david mcg. squire", 
        "zoran pecenovic", 
        "stephane marchand-maillet"
    ],
    "title" : "An open framework for distributed multimedia retrieval",
    "year" : 2000,
    "journal" : "Recherche d'Information Assistee par Ordinateur",
    "type" : "ARTICLE"
},

{
    "_id" : "577c432c0227c30f5cf44d5e",
    "actualClass" : "pwu_805",
    "authors" : [ 
        "Peng Wu", 
        "gethin norman", 
        "catuscia palamidessi", 
        "david parker"
    ],
    "title" : "Model Checking Probabilistic and Stochastic Extensions of the pi-Calculus",
    "year" : 2009,
    "journal" : "IEEE Transactions on Software Engineering",
    "type" : "ARTICLE"
},

{
    "_id" : "577c432c0227c30f5cf44d5f",
    "actualClass" : "lzhang_517",
    "authors" : [ 
        "Lei Zhang", 
        "qijun zhao", 
        "david zhang", 
        "nan luo"
    ],
    "title" : "Adaptive fingerprint pore modeling and extraction",
    "year" : 2010,
    "journal" : "Pattern Recognition",
    "type" : "ARTICLE"
},

{
    "_id" : "577c432c0227c30f5cf44d60",
    "actualClass" : "wwang_1070",
    "authors" : [ 
        "Wei Wang", 
        "jiong yang", 
        "philip s. yu"
    ],
    "title" : "InfoMiner+: Mining Partial Periodic Patterns with Gap Penalties",
    "year" : 2002,
    "journal" : "IEEE International Conference on Data Mining",
    "type" : "ARTICLE"
},

{
    "_id" : "577c432c0227c30f5cf44d61",
    "actualClass" : "cschmidt_146",
    "authors" : [ 
        "Christian Schmidt", 
        "jurgen branke"
    ],
    "title" : "Faster convergence by means of fitness estimation",
    "year" : 2005,
    "journal" : "Soft Computing",
    "type" : "ARTICLE"
},

{
    "_id" : "577c432c0227c30f5cf44d62",
    "actualClass" : "lwang_536",
    "authors" : [ 
        "Liang Wang", 
        "qiang wu", 
        "hanzi wang", 
        "xin geng", 
        "ming li"
    ],
    "title" : "Image/video-based pattern analysis and HCI applications",
    "year" : 2009,
    "journal" : "Pattern Recognition Letters",
    "type" : "ARTICLE"
},

{
    "_id" : "577c432c0227c30f5cf44d63",
    "actualClass" : "droller_206",
    "authors" : [ 
        "Dieter Roller", 
        "dirk schafer"
    ],
    "title" : "Variational Design in Electrical Engineering - An Extension of Parametric Modeling",
    "year" : 1998,
    "journal" : "Dagstuhl Seminars",
    "type" : "ARTICLE"
},

{
    "_id" : "577c432c0227c30f5cf44d64",
    "actualClass" : "pzhang_828",
    "authors" : [ 
        "Ping Zhang", 
        "zhang jingmei", 
        "ying wang"
    ],
    "title" : "STC-Based Cooperative Relaying System with Adaptive Power Allocation",
    "year" : 2005,
    "journal" : "Wired/Wireless Internet Communications",
    "type" : "ARTICLE"
},

{
    "_id" : "577c432c0227c30f5cf44d65",
    "actualClass" : "jwang_409",
    "authors" : [ 
        "Jing Wang", 
        "liu liu", 
        "shidong zhou"
    ],
    "title" : "Multiplex Scheme with Power Allocation and Code Partition for Downlink Channels in Cellular Communication",
    "year" : 2002,
    "journal" : "CDMA International Conference",
    "type" : "ARTICLE"
},

{
    "_id" : "577c432c0227c30f5cf44d66",
    "actualClass" : "jmuller_429",
    "authors" : [ 
        "Jochen Muller", 
        "ge zhang", 
        "jean-christophe lapayre", 
        "paul muller"
    ],
    "title" : "Service-oriented support of cooperative workflows considerations for urban planning processes",
    "year" : 2006,
    "journal" : "Conference of the Association Information and Management",
    "type" : "ARTICLE"
},

{
    "_id" : "577c432c0227c30f5cf44d67",
    "actualClass" : "yzhang_1189",
    "authors" : [ 
        "Yi Zhang", 
        "xiaoping li", 
        "jie zhu", 
        "qian wang"
    ],
    "title" : "Composite heuristic algorithm for permutation flowshop scheduling problems with total flowtime minimization",
    "year" : 2008,
    "journal" : "Computer Supported Cooperative Work in Design",
    "type" : "ARTICLE"
},

{
    "_id" : "577c432c0227c30f5cf44d68",
    "actualClass" : "mislam_674",
    "authors" : [ 
        "Md. Saiful Islam", 
        "zerina begum", 
        "mohd. zulfiquar hafiz"
    ],
    "title" : "Fault tolerant reversible logic synthesis: Carry look-ahead and carry-skip adders",
    "year" : 2010,
    "journal" : "Computing Research Repository",
    "type" : "ARTICLE"
},

{
    "_id" : "577c432c0227c30f5cf44d69",
    "actualClass" : "yliu_1135",
    "authors" : [ 
        "Yan Liu", 
        "jayant r. kalagnanam", 
        "oivind johnsen"
    ],
    "title" : "Learning dynamic temporal graphs for oil-production equipment monitoring system",
    "year" : 2009,
    "journal" : "Knowledge Discovery and Data Mining",
    "type" : "ARTICLE"
},

{
    "_id" : "577c432c0227c30f5cf44d6a",
    "actualClass" : "blindsay_111",
    "authors" : [ 
        "Bruce G. Lindsay", 
        "ayanendranath basu"
    ],
    "title" : "The iteratively reweighted estimating equation in minimum distance problems",
    "year" : 2004,
    "journal" : "Computational Statistics & Data Analysis",
    "type" : "ARTICLE"
},

{
    "_id" : "577c432c0227c30f5cf44d6b",
    "actualClass" : "lwang_543",
    "authors" : [ 
        "Liang Wang", 
        "guang yu"
    ],
    "title" : "The self-cited rate of scientific journals and the manipulation of their impact factors",
    "year" : 2007,
    "journal" : "Scientometrics",
    "type" : "ARTICLE"
},

{
    "_id" : "577c432c0227c30f5cf44d6c",
    "actualClass" : "qma_839",
    "authors" : [ 
        "Qin Ma", 
        "pierre kelsen"
    ],
    "title" : "A Modular Model Composition Technique",
    "year" : 2010,
    "journal" : "Fundamental Approaches to Software Engineering",
    "type" : "ARTICLE"
},

{
    "_id" : "577c432c0227c30f5cf44d6d",
    "actualClass" : "kchen_490",
    "authors" : [ 
        "Ke Chen", 
        "yunong zhang", 
        "zhiguo tan", 
        "zhi yang", 
        "lv xuanjiao"
    ],
    "title" : "Repetitive motion of redundant robots planned by three kinds of recurrent neural networks and illustrated with a four-link planar manipulator's straight-line example",
    "year" : 2009,
    "journal" : "Robotics and Autonomous Systems",
    "type" : "ARTICLE"
},

{
    "_id" : "577c432c0227c30f5cf44d6e",
    "actualClass" : "apironti_30",
    "authors" : [ 
        "Alfredo Pironti", 
        "francesco amato"
    ],
    "title" : "H optimal terminal state control for linear systems with lumped and distributed time delays",
    "year" : 1999,
    "journal" : "Automatica",
    "type" : "ARTICLE"
},

{
    "_id" : "577c432c0227c30f5cf44d6f",
    "actualClass" : "jzhang_361",
    "authors" : [ 
        "Jian Zhang", 
        "sijun lu", 
        "david dagan feng"
    ],
    "title" : "Detecting Ghost and Left Objects in Surveillance Video",
    "year" : 2009,
    "journal" : "International Journal of Pattern Recognition and Artificial Intelligence",
    "type" : "ARTICLE"
},

{
    "_id" : "577c432c0227c30f5cf44d70",
    "actualClass" : "wli_1058",
    "authors" : [ 
        "Wei Li", 
        "keshav pingali"
    ],
    "title" : "Loop Transformations for NUMA Machines",
    "year" : 1992,
    "journal" : "SIGPLAN Workshops",
    "type" : "ARTICLE"
},

{
    "_id" : "577c432c0227c30f5cf44d71",
    "actualClass" : "rwang_887",
    "authors" : [ 
        "Rui Wang", 
        "ying cui", 
        "vincent k. n. lau"
    ],
    "title" : "Distributive Subband Allocation, Power and Rate Control for Relay-Assisted OFDMA Cellular System with Imperfect System State Knowledge",
    "year" : 2009,
    "journal" : "Computing Research Repository",
    "type" : "ARTICLE"
},

{
    "_id" : "577c432c0227c30f5cf44d73",
    "actualClass" : "mtan_721",
    "authors" : [ 
        "Min Tan", 
        "yan alexander li", 
        "john k. antonio", 
        "howard jay siegel", 
        "daniel w. watson"
    ],
    "title" : "Determining the Execution Time Distribution for a Data Parallel Program in a Heterogeneous Computing Environment",
    "year" : 1997,
    "journal" : "Journal of Parallel and Distributed Computing",
    "type" : "ARTICLE"
},

{
    "_id" : "577c432c0227c30f5cf44d74",
    "actualClass" : "dschall_172",
    "authors" : [ 
        "Daniel Schall", 
        "henrik loeser"
    ],
    "title" : "Anforderungen an die Anwendungsprotokollierung mittels XML",
    "year" : 2009,
    "journal" : "Workshop Grundlagen von Datenbanken",
    "type" : "ARTICLE"
},

{
    "_id" : "577c432c0227c30f5cf44d75",
    "actualClass" : "pbecker_810",
    "authors" : [ 
        "Peter Becker", 
        "richard cole"
    ],
    "title" : "Navigation Spaces for the Conceptual Analysis of Software Structure",
    "year" : 2005,
    "journal" : "International Conference on Formal Concept Analysis",
    "type" : "ARTICLE"
},

{
    "_id" : "577c432c0227c30f5cf44d76",
    "actualClass" : "pwillett_819",
    "authors" : [ 
        "Peter Willett", 
        "james j. mcgregor"
    ],
    "title" : "Use of a maximum common subgraph algorithm in the automatic identification of ostensible bond changes occurring in chemical reactions",
    "year" : 1981,
    "journal" : "Journal of Chemical Information and Computer Sciences",
    "type" : "ARTICLE"
},

{
    "_id" : "577c432c0227c30f5cf44d77",
    "actualClass" : "wmuller_1095",
    "authors" : [ 
        "Wolfgang Muller", 
        "stephan flake"
    ],
    "title" : "Expressing Property Specification Patterns with OCL",
    "year" : 2003,
    "journal" : "Software Engineering Research and Practice",
    "type" : "ARTICLE"
},

{
    "_id" : "577c432c0227c30f5cf44d78",
    "actualClass" : "asingh_34",
    "authors" : [ 
        "Amarjeet Singh", 
        "diane budzik", 
        "maxim a. batalin", 
        "william j. kaiser"
    ],
    "title" : "Multiscale sensing with stochastic modeling",
    "year" : 2009,
    "journal" : "International Conference on Intelligent RObots and Systems - IROS",
    "type" : "ARTICLE"
},

{
    "_id" : "577c432c0227c30f5cf44d79",
    "actualClass" : "lli_531",
    "authors" : [ 
        "Li Li", 
        "ramachandran ramjee", 
        "thomas f. la porta", 
        "sneha kumar kasera"
    ],
    "title" : "IP paging service for mobile hosts",
    "year" : 2001,
    "journal" : "Mobile Computing and Networking",
    "type" : "ARTICLE"
},

{
    "_id" : "577c432c0227c30f5cf44d7a",
    "actualClass" : "wwang_1063",
    "authors" : [ 
        "Wei Wang", 
        "shaoqiang bi", 
        "asim j. al-khalili"
    ],
    "title" : "Modulo deflation in (2n+1, 2n, 2n-1) converters",
    "year" : 2004,
    "journal" : "IEEE International Symposium on Circuits and Systems",
    "type" : "ARTICLE"
},

{
    "_id" : "577c432c0227c30f5cf44d7b",
    "actualClass" : "pbraun_812",
    "authors" : [ 
        "Peter Braun", 
        "michael von der beeck", 
        "martin rappl", 
        "christian schroder"
    ],
    "title" : "Model Based Requirements Engineering for Embedded Software",
    "year" : 2002,
    "journal" : "Requirements Engineering",
    "type" : "ARTICLE"
},

{
    "_id" : "577c432c0227c30f5cf44d7c",
    "actualClass" : "smuller_972",
    "authors" : [ 
        "Stefan Muller"
    ],
    "title" : "An HPSG Analysis of German Depictive Secondary Predicates",
    "year" : 2001,
    "journal" : "Electronic Notes in Theoretical Computer Science",
    "type" : "ARTICLE"
},

{
    "_id" : "577c432c0227c30f5cf44d7d",
    "actualClass" : "mislam_674",
    "authors" : [ 
        "Md. Saiful Islam", 
        "muhammad rezaul karim"
    ],
    "title" : "Sorting Network for Reversible Logic Synthesis",
    "year" : 2010,
    "journal" : "Computing Research Repository",
    "type" : "ARTICLE"
},

{
    "_id" : "577c432c0227c30f5cf44d7e",
    "actualClass" : "wzhang_1080",
    "authors" : [ 
        "Wei Zhang", 
        "hyejin yang", 
        "dimitris samaras", 
        "gregory j. zelinsky"
    ],
    "title" : "A Computational Model of Eye Movements during Object Class Detection",
    "year" : 2005,
    "journal" : "Neural Information Processing Systems",
    "type" : "ARTICLE"
},

{
    "_id" : "577c432c0227c30f5cf44d7f",
    "actualClass" : "lwang_536",
    "authors" : [ 
        "Liang Wang", 
        "huazhong ning", 
        "weiming hu", 
        "tieniu tan"
    ],
    "title" : "Gait recognition based on Procrustes shape analysis",
    "year" : 2002,
    "journal" : "International Conference on Image Processing",
    "type" : "ARTICLE"
},

{
    "_id" : "577c432c0227c30f5cf44d80",
    "actualClass" : "bzhou_87",
    "authors" : [ 
        "Bin Zhou", 
        "jian pei", 
        "wo-shun luk"
    ],
    "title" : "A brief survey on anonymization techniques for privacy preserving publishing of social network data",
    "year" : 2008,
    "journal" : "Sigkdd Explorations",
    "type" : "ARTICLE"
},

{
    "_id" : "577c432c0227c30f5cf44d81",
    "actualClass" : "hhassan_281",
    "authors" : [ 
        "Hassan Hassan", 
        "jean-marie garcia", 
        "olivier brun"
    ],
    "title" : "Bandwidth Allocation and Session Scheduling using SIP",
    "year" : 2006,
    "journal" : "Journal of Communications",
    "type" : "ARTICLE"
},

{
    "_id" : "577c432c0227c30f5cf44d82",
    "actualClass" : "rmarinescu_852",
    "authors" : [ 
        "Radu Marinescu", 
        "rina dechter"
    ],
    "title" : "AND/OR Branch-and-Bound Search for Pure 0/1 Integer Linear Programming Problems",
    "year" : 2006,
    "journal" : "CPAIOR",
    "type" : "ARTICLE"
},

{
    "_id" : "577c432c0227c30f5cf44d83",
    "actualClass" : "mfeng_718",
    "authors" : [ 
        "Min Feng", 
        "rui guo", 
        "bin b. zhu", 
        "aimin pan", 
        "bosheng zhou"
    ],
    "title" : "Compoweb: a component-oriented web architecture",
    "year" : 2008,
    "journal" : "World Wide Web Conference Series",
    "type" : "ARTICLE"
},

{
    "_id" : "577c432c0227c30f5cf44d84",
    "actualClass" : "hlin_308",
    "authors" : [ 
        "Hui Lin", 
        "xiang li"
    ],
    "title" : "Indexing network-constrained trajectories for connectivity-based queries",
    "year" : 2006,
    "journal" : "International Journal of Geographical Information Science",
    "type" : "ARTICLE"
},

{
    "_id" : "577c432c0227c30f5cf44d85",
    "actualClass" : "mjiang_729",
    "authors" : [ 
        "Ming Jiang", 
        "xian wu", 
        "edward k. wong", 
        "a. memon"
    ],
    "title" : "Steganalysis of boundary-based steganography using autoregressive model of digital boundaries",
    "year" : 2004,
    "journal" : "International Conference on Multimedia Computing and Systems/International Conference on Multimedia and Expo",
    "type" : "ARTICLE"
},

{
    "_id" : "577c432c0227c30f5cf44d86",
    "actualClass" : "hwang_293",
    "authors" : [ 
        "Hong Wang"
    ],
    "title" : "Vertex-Disjoint Triangles in Claw-Free Graphs with Minimum Degree at Least Three",
    "year" : 1998,
    "journal" : "Combinatorica",
    "type" : "ARTICLE"
},

{
    "_id" : "577c432c0227c30f5cf44d87",
    "actualClass" : "mjiang_728",
    "authors" : [ 
        "Ming Jiang", 
        "tat-sang choy", 
        "sameep mehta", 
        "matt coatney", 
        "steve barr", 
        "kaden hazzard", 
        "david richie", 
        "srinivasan parthasarathy", 
        "raghu machiraju", 
        "david thompson", 
        "john wilkins", 
        "boyd gatlin"
    ],
    "title" : "Feature Mining Paradigms for Scientific Data",
    "year" : 2003,
    "journal" : "SIAM International Conference on Data Mining",
    "type" : "ARTICLE"
},

{
    "_id" : "577c432c0227c30f5cf44d88",
    "actualClass" : "asuarez_20",
    "authors" : [ 
        "Alberto Suarez", 
        "samson lasaulce", 
        "merouane debbah", 
        "laura cottatellucci"
    ],
    "title" : "Power allocation game for fading MIMO multiple access channels with antenna correlation",
    "year" : 2007,
    "journal" : "Performance Evaluation Methodologies and Tools",
    "type" : "ARTICLE"
},

{
    "_id" : "577c432c0227c30f5cf44d89",
    "actualClass" : "dfranco_166",
    "authors" : [ 
        "Daniel Franco", 
        "diego lugones", 
        "emilio luque"
    ],
    "title" : "Fast-Response Dynamic Routing Balancing for high-speed interconnection networks",
    "year" : 2009,
    "journal" : "Cluster Computing",
    "type" : "ARTICLE"
},

{
    "_id" : "577c432c0227c30f5cf44d8a",
    "actualClass" : "jfan_391",
    "authors" : [ 
        "Jianping Fan", 
        "bibo tu", 
        "ming zou", 
        "jianfeng zhan", 
        "lei wang"
    ],
    "title" : "Design Patterns of Scalable Cluster System Software",
    "year" : 2006,
    "journal" : "Parallel and Distributed Computing: Applications and Technologies",
    "type" : "ARTICLE"
},

{
    "_id" : "577c432c0227c30f5cf44d8b",
    "actualClass" : "jwang_417",
    "authors" : [ 
        "Jing Wang", 
        "kristin j. dana"
    ],
    "title" : "Hybrid Textons: Modeling Surfaces with Reflectance and Geometry",
    "year" : 2004,
    "journal" : "Computer Vision and Pattern Recognition",
    "type" : "ARTICLE"
},

{
    "_id" : "577c432c0227c30f5cf44d8c",
    "actualClass" : "lzhang_581",
    "authors" : [ 
        "Lu Zhang", 
        "lin dai", 
        "leonard j. cimini jr."
    ],
    "title" : "Power-Efficient Relay Selection for Decentralized Distributed Space-Time Block Coding",
    "year" : 2007,
    "journal" : "Conference on Information Sciences and Systems",
    "type" : "ARTICLE"
},

{
    "_id" : "577c432c0227c30f5cf44d8d",
    "actualClass" : "slin_944",
    "authors" : [ 
        "Shen Lin", 
        "tibor rado"
    ],
    "title" : "Computer Studies of Turing Machine Problems",
    "year" : 1965,
    "journal" : "Journal of The ACM",
    "type" : "ARTICLE"
},

{
    "_id" : "577c432c0227c30f5cf44d8e",
    "actualClass" : "mrahman_765",
    "authors" : [ 
        "Mustafizur Rahman", 
        "gang xu"
    ],
    "title" : "A Novel Camera Calibration Technique Based on a Rotating Planar Complex Object with a Fixed Point",
    "year" : 2007,
    "journal" : "International Conference on Artificial Reality and Telexistence",
    "type" : "ARTICLE"
},

{
    "_id" : "577c432c0227c30f5cf44d90",
    "actualClass" : "ycai_1148",
    "authors" : [ 
        "Yang Cai", 
        "judith klein-seetharaman"
    ],
    "title" : "Ambient intelligence for scientific discovery",
    "year" : 2004,
    "journal" : "Computer Human Interaction",
    "type" : "ARTICLE"
},

{
    "_id" : "577c432c0227c30f5cf44d91",
    "actualClass" : "jsun_451",
    "authors" : [ 
        "Jun Sun", 
        "jing liu", 
        "wenbo xu"
    ],
    "title" : "Quantum-Behaved Particle Swarm Optimization for Integer Programming",
    "year" : 2006,
    "journal" : "International Conference on Neural Information Processing",
    "type" : "ARTICLE"
},

{
    "_id" : "577c432c0227c30f5cf44d92",
    "actualClass" : "lzhang_517",
    "authors" : [ 
        "Lei Zhang", 
        "zhenhua guo", 
        "david zhang"
    ],
    "title" : "Is White Light the Best Illumination for Palmprint Recognition?",
    "year" : 2009,
    "journal" : "Computer Analysis of Images and Patterns",
    "type" : "ARTICLE"
},

{
    "_id" : "577c432c0227c30f5cf44d94",
    "actualClass" : "jzhang_360",
    "authors" : [ 
        "Jian Zhang", 
        "xiangxue jia"
    ],
    "title" : "A Powerful Technique to Eliminate Isomorphism in Finite Model Search",
    "year" : 2006,
    "journal" : "Conference on Automated Deduction",
    "type" : "ARTICLE"
},

{
    "_id" : "577c432c0227c30f5cf44d95",
    "actualClass" : "smuller_969",
    "authors" : [ 
        "Stefan Muller", 
        "wolfram kresse", 
        "neil gatenby", 
        "frank schoffel"
    ],
    "title" : "A Radiosity Approach for the Simulation of Daylight",
    "year" : 1995,
    "journal" : "Eurographics Symposium on Rendering/Eurographics Workshop on Rendering Techniques",
    "type" : "ARTICLE"
},

{
    "_id" : "577c432c0227c30f5cf44d96",
    "actualClass" : "lpopa_592",
    "authors" : [ 
        "Lucian Popa", 
        "david chu", 
        "arsalan tavakoli", 
        "joseph m. hellerstein", 
        "philip levis", 
        "scott shenker", 
        "ion stoica"
    ],
    "title" : "The design and implementation of a declarative sensor network system",
    "year" : 2007,
    "journal" : "Conference On Embedded Networked Sensor Systems",
    "type" : "ARTICLE"
},

{
    "_id" : "577c432c0227c30f5cf44d97",
    "actualClass" : "wwang_1075",
    "authors" : [ 
        "Wei Wang", 
        "honggang wang", 
        "dongming peng", 
        "hamid sharif"
    ],
    "title" : "Optimal rate-oriented routing for distributed source coding in wireless sensor network",
    "year" : 2006,
    "journal" : "International Workshop on Modeling Analysis and Simulation of Wireless and Mobile Systems",
    "type" : "ARTICLE"
},

{
    "_id" : "577c432c0227c30f5cf44d98",
    "actualClass" : "lzhang_519",
    "authors" : [ 
        "Lei Zhang", 
        "chenxi lin", 
        "yong yu", 
        "yin yang", 
        "jian zhou"
    ],
    "title" : "Towards Composing Information Providing Services",
    "year" : 2004,
    "journal" : "IEEE International Conference on Services Computing",
    "type" : "ARTICLE"
},

{
    "_id" : "577c432c0227c30f5cf44d99",
    "actualClass" : "wwang_1082",
    "authors" : [ 
        "Weiping Wang", 
        "yonglin lei", 
        "qun li", 
        "yi-fan zhu"
    ],
    "title" : "A transformation model from DEVS to SMP2 based on MDA",
    "year" : 2009,
    "journal" : "Simulation Practice and Theory",
    "type" : "ARTICLE"
},

{
    "_id" : "577c432c0227c30f5cf44d9a",
    "actualClass" : "mhofmann_639",
    "authors" : [ 
        "Martin Hofmann", 
        "uta bohnebeck"
    ],
    "title" : "GRID Computing",
    "year" : 2005,
    "journal" : "GI-Jahrestagung",
    "type" : "ARTICLE"
},

{
    "_id" : "577c432c0227c30f5cf44d9b",
    "actualClass" : "txie_1003",
    "authors" : [ 
        "Tao Xie", 
        "yao sun"
    ],
    "title" : "A file assignment strategy independent of workload characteristic assumptions",
    "year" : 2009,
    "journal" : "ACM Transactions on Storage",
    "type" : "ARTICLE"
},

{
    "_id" : "577c432c0227c30f5cf44d9c",
    "actualClass" : "wwang_1083",
    "authors" : [ 
        "Weiping Wang", 
        "guofeng yan", 
        "jianxin wang"
    ],
    "title" : "An analytical model for end-to-end communication channel over PLCN based on QBDs",
    "year" : 2009,
    "journal" : "Information Processing Letters",
    "type" : "ARTICLE"
},

{
    "_id" : "577c432c0227c30f5cf44d9d",
    "actualClass" : "hlin_307",
    "authors" : [ 
        "Hui Lin", 
        "zhijian ou"
    ],
    "title" : "Switching Auxiliary Chains for Speech Recognition based on Dynamic Bayesian Networks",
    "year" : 2006,
    "journal" : "International Conference on Pattern Recognition",
    "type" : "ARTICLE"
},

{
    "_id" : "577c432c0227c30f5cf44d9e",
    "actualClass" : "hwang_286",
    "authors" : [ 
        "Hong Wang", 
        "puya ghasemi afshar", 
        "amin nobakhti"
    ],
    "title" : "Direct solution of the parametric Stochastic Distribution Control problem",
    "year" : 2009,
    "journal" : "Conference on Decision and Control",
    "type" : "ARTICLE"
},

{
    "_id" : "577c432c0227c30f5cf44d9f",
    "actualClass" : "wli_1058",
    "authors" : [ 
        "Wei Li", 
        "arun kejariwal", 
        "hideki saito", 
        "xinmin tian", 
        "milind girkar", 
        "utpal banerjee", 
        "constantine d. polychronopoulos"
    ],
    "title" : "Lightweight lock-free synchronization methods for multithreading",
    "year" : 2006,
    "journal" : "International Conference on Supercomputing",
    "type" : "ARTICLE"
},

{
    "_id" : "577c432c0227c30f5cf44da0",
    "actualClass" : "bliu_82",
    "authors" : [ 
        "Bin Liu", 
        "h. v. jagadish"
    ],
    "title" : "DataLens: making a good first impression",
    "year" : 2009,
    "journal" : "International Conference on Management of Data",
    "type" : "ARTICLE"
},

{
    "_id" : "577c432c0227c30f5cf44da1",
    "actualClass" : "cpich_145",
    "authors" : [ 
        "Christian Pich", 
        "judy sprague", 
        "leyla bayraktaroglu", 
        "yvonne bradford", 
        "tom conlin", 
        "nathan dunn", 
        "david fashena", 
        "ken frazer", 
        "melissa haendel", 
        "douglas g. howe", 
        "jonathan knight", 
        "prita mani", 
        "sierra a. t. moxon", 
        "sridhar ramachandran", 
        "kevin schaper", 
        "erik segerdell", 
        "xiang shao", 
        "amy singer", 
        "peiran song", 
        "brock sprunger", 
        "ceri e. van slyke", 
        "monte westerfield"
    ],
    "title" : "The Zebrafish Information Network: the zebrafish model organism database provides expanded support for genotypes and phenotypes",
    "year" : 2008,
    "journal" : "Nucleic Acids Research",
    "type" : "ARTICLE"
},

{
    "_id" : "577c432c0227c30f5cf44da2",
    "actualClass" : "dbrown_167",
    "authors" : [ 
        "Daniel G. Brown", 
        "brona brejova", 
        "ian m. harrower", 
        "alejandro lopez-ortiz", 
        "tomas vinar"
    ],
    "title" : "Sharper Upper and Lower Bounds for an Approximation Scheme for Consensus-Pattern",
    "year" : 2005,
    "journal" : "Combinatorial Pattern Matching",
    "type" : "ARTICLE"
},

{
    "_id" : "577c432c0227c30f5cf44da3",
    "actualClass" : "xliu_1119",
    "authors" : [ 
        "Xiaoming Liu", 
        "simeon warner", 
        "jeroen bekaert", 
        "carl lagoze", 
        "sandy payette", 
        "herbert van de sompel"
    ],
    "title" : "Pathways: augmenting interoperability across scholarly repositories",
    "year" : 2007,
    "journal" : "International Journal on Digital Libraries",
    "type" : "ARTICLE"
},

{
    "_id" : "577c432c0227c30f5cf44da4",
    "actualClass" : "lzhang_517",
    "authors" : [ 
        "Lei Zhang", 
        "wankou yang", 
        "jianguo wang", 
        "mingwu ren", 
        "jingyu yang", 
        "guang-hai liu"
    ],
    "title" : "Feature extraction based on Laplacian bidirectional maximum margin criterion",
    "year" : 2009,
    "journal" : "Pattern Recognition",
    "type" : "ARTICLE"
},

{
    "_id" : "577c432c0227c30f5cf44da5",
    "actualClass" : "mislam_674",
    "authors" : [ 
        "Md. Saiful Islam", 
        "khalid farhan", 
        "joy rahman"
    ],
    "title" : "Modeling Spammer Behavior: Naive Bayes vs. Artificial Neural Networks",
    "year" : 2010,
    "journal" : "Computing Research Repository",
    "type" : "ARTICLE"
},

{
    "_id" : "577c432c0227c30f5cf44da6",
    "actualClass" : "dgross_193",
    "authors" : [ 
        "David Gross", 
        "deborah machlin", 
        "sudhir kadkade", 
        "ernst ulrich"
    ],
    "title" : "Switch-Level Concurrent Fault Simulation Based on a General Purpose List Traversal Mechanism",
    "year" : 1988,
    "journal" : "International Test Conference",
    "type" : "ARTICLE"
},

{
    "_id" : "577c432c0227c30f5cf44da7",
    "actualClass" : "lchen_507",
    "authors" : [ 
        "Lei Chen", 
        "bee-chung chen", 
        "raghu ramakrishnan", 
        "david r. musicant"
    ],
    "title" : "Learning from Aggregate Views",
    "year" : 2006,
    "journal" : "International Conference on Data Engineering",
    "type" : "ARTICLE"
},

{
    "_id" : "577c432c0227c30f5cf44da8",
    "actualClass" : "lzhang_521",
    "authors" : [ 
        "Lei Zhang", 
        "hong yuan", 
        "futai zhang", 
        "xinyi huang", 
        "yi mu", 
        "willy susilo"
    ],
    "title" : "Certificateless threshold signature scheme from bilinear maps",
    "year" : 2010,
    "journal" : "Information Sciences",
    "type" : "ARTICLE"
},

{
    "_id" : "577c432c0227c30f5cf44da9",
    "actualClass" : "lchen_506",
    "authors" : [ 
        "Lei Chen", 
        "yongzhen zhuang", 
        "xiaoyang sean wang", 
        "jie lian"
    ],
    "title" : "A Weighted Moving Average-based Approach for Cleaning Sensor Data",
    "year" : 2007,
    "journal" : "International Conference on Distributed Computing Systems",
    "type" : "ARTICLE"
},

{
    "_id" : "577c432c0227c30f5cf44daa",
    "actualClass" : "tludwig_1011",
    "authors" : [ 
        "Thomas Ludwig", 
        "frank munz", 
        "t. stephan", 
        "ursula maier", 
        "arndt bode", 
        "sibylle ziegler", 
        "stephan g. nekolla", 
        "p. bartenstein", 
        "markus schwaiger"
    ],
    "title" : "NOW Parallel Reconstruction of Functional Images",
    "year" : 1998,
    "journal" : "International Parallel and Distributed Processing Symposium/International Parallel Processing Symposium",
    "type" : "ARTICLE"
},

{
    "_id" : "577c432c0227c30f5cf44dab",
    "actualClass" : "dbrown_167",
    "authors" : [ 
        "Daniel G. Brown", 
        "daniil golod"
    ],
    "title" : "A Tutorial of Techniques for Improving Standard Hidden Markov Model Algorithms",
    "year" : 2009,
    "journal" : "Journal of Bioinformatics and Computational Biology",
    "type" : "ARTICLE"
},

{
    "_id" : "577c432c0227c30f5cf44dac",
    "actualClass" : "agupta_14",
    "authors" : [ 
        "Ajay K. Gupta", 
        "hussein m. abdel-wahab", 
        "kurt maly", 
        "alaa youssef", 
        "emilia stoica", 
        "c. michael overstreet", 
        "j. christian wild"
    ],
    "title" : "The software architecture and interprocess communications of IRI: an Internet-based interactive distance learning system",
    "year" : 1996,
    "journal" : "Workshop on Enabling Technologies: Infrastructure for Collaborative Enterprises",
    "type" : "ARTICLE"
},

{
    "_id" : "577c432c0227c30f5cf44dad",
    "actualClass" : "lzhang_512",
    "authors" : [ 
        "Lei Zhang", 
        "cailiang liu", 
        "dong wang", 
        "xiaobing liu", 
        "changhu wang", 
        "bo zhang"
    ],
    "title" : "Robust semantic sketch based specific image retrieval",
    "year" : 2010,
    "journal" : "International Conference on Multimedia Computing and Systems/International Conference on Multimedia and Expo",
    "type" : "ARTICLE"
},

{
    "_id" : "577c432c0227c30f5cf44dae",
    "actualClass" : "nzhang_769",
    "authors" : [ 
        "Nan Zhang", 
        "arjun dasgupta", 
        "gautam das", 
        "surajit chaudhuri"
    ],
    "title" : "Privacy preservation of aggregates in hidden databases: why and how?",
    "year" : 2009,
    "journal" : "International Conference on Management of Data",
    "type" : "ARTICLE"
},

{
    "_id" : "577c432c0227c30f5cf44daf",
    "actualClass" : "lantunes_593",
    "authors" : [ 
        "Luis Antunes", 
        "lance fortnow", 
        "dieter van melkebeek"
    ],
    "title" : "Computational Depth",
    "year" : 2001,
    "journal" : "Structure in Complexity Theory Conference",
    "type" : "ARTICLE"
},

{
    "_id" : "577c432c0227c30f5cf44db0",
    "actualClass" : "schakrabarti_912",
    "authors" : [ 
        "Saikat Chakrabarti", 
        "santosh chandrasekhar", 
        "mukesh singhal"
    ],
    "title" : "Efficient Proxy Signatures For Ubiquitous Computing",
    "year" : 2008,
    "journal" : "Sensor Networks, Ubiquitous, and Trustworthy Computing",
    "type" : "ARTICLE"
},

{
    "_id" : "577c432c0227c30f5cf44db1",
    "actualClass" : "jzhang_360",
    "authors" : [ 
        "Jian Zhang", 
        "zhongxing xu"
    ],
    "title" : "Path and Context Sensitive Inter-procedural Memory Leak Detection",
    "year" : 2008,
    "journal" : "International Conference on Quality Software",
    "type" : "ARTICLE"
},

{
    "_id" : "577c432c0227c30f5cf44db2",
    "actualClass" : "kchen_487",
    "authors" : [ 
        "Ke Chen", 
        "xiang yu", 
        "huisheng chi"
    ],
    "title" : "Combining Linear Discriminant Functions with Neural Networks for Supervised Learning",
    "year" : 1997,
    "journal" : "Neural Computing and Applications",
    "type" : "ARTICLE"
},

{
    "_id" : "577c432c0227c30f5cf44db3",
    "actualClass" : "jyang_463",
    "authors" : [ 
        "Jun Yang", 
        "zhengning wang", 
        "changqian zhu", 
        "qiang peng"
    ],
    "title" : "Implicit Surface Reconstruction from Scattered Point Data with Noise",
    "year" : 2007,
    "journal" : "International Conference on Computational Science",
    "type" : "ARTICLE"
},

{
    "_id" : "577c432c0227c30f5cf44db4",
    "actualClass" : "lzhang_517",
    "authors" : [ 
        "Lei Zhang", 
        "wei lian", 
        "yan liang", 
        "quan pan"
    ],
    "title" : "A quadratic programming based cluster correspondence projection algorithm for fast point matching",
    "year" : 2010,
    "journal" : "Computer Vision and Image Understanding",
    "type" : "ARTICLE"
},

{
    "_id" : "577c432c0227c30f5cf44db5",
    "actualClass" : "wli_1052",
    "authors" : [ 
        "Wei Li", 
        "marco canini", 
        "andrew w. moore", 
        "raffaele bolla"
    ],
    "title" : "Efficient application identification and the temporal and spatial stability of classification schema",
    "year" : 2009,
    "journal" : "Computer Networks and Isdn Systems",
    "type" : "ARTICLE"
},

{
    "_id" : "577c432c0227c30f5cf44db6",
    "actualClass" : "wmuller_1094",
    "authors" : [ 
        "Wolfgang Muller", 
        "soufyane el allali", 
        "daniel blank", 
        "andreas henrich"
    ],
    "title" : "Image Data Source Selection Using Gaussian Mixture Models",
    "year" : 2007,
    "journal" : "Adaptive Multimedia Retrieval",
    "type" : "ARTICLE"
},

{
    "_id" : "577c432c0227c30f5cf44db7",
    "actualClass" : "jzhang_361",
    "authors" : [ 
        "Jian Zhang", 
        "michael r. frater", 
        "john f. arnold"
    ],
    "title" : "A cell-loss concealment technique for MPEG2 coded video",
    "year" : 2000,
    "journal" : "IEEE Transactions on Circuits and Systems for Video Technology",
    "type" : "ARTICLE"
},

{
    "_id" : "577c432c0227c30f5cf44db8",
    "actualClass" : "mmuller_647",
    "authors" : [ 
        "Martin Muller", 
        "akihiro kishimoto"
    ],
    "title" : "DF-PN in Go: An Application to the One-Eye Problem",
    "year" : 2003,
    "journal" : "Advances in Computer Games",
    "type" : "ARTICLE"
},

{
    "_id" : "577c432c0227c30f5cf44db9",
    "actualClass" : "ycai_1148",
    "authors" : [ 
        "Yang Cai", 
        "ingo snel", 
        "b. suman bharathi", 
        "clementine klein", 
        "judith klein-seetharaman"
    ],
    "title" : "Towards Biomedical Problem Solving in a Game Environment",
    "year" : 2003,
    "journal" : "International Conference on Computational Science",
    "type" : "ARTICLE"
},

{
    "_id" : "577c432c0227c30f5cf44dba",
    "actualClass" : "sschulte_975",
    "authors" : [ 
        "Stefan Schulte", 
        "nicolas repp", 
        "dieter schuller", 
        "ralf steinmetz"
    ],
    "title" : "From Web Service Policies to Automatic Deviation Handling: Supporting Semantic Description of Reactions to Policy Violations",
    "year" : 2009,
    "journal" : "IEEE Internet Computing",
    "type" : "ARTICLE"
},

{
    "_id" : "577c432c0227c30f5cf44dbb",
    "actualClass" : "yliu_1136",
    "authors" : [ 
        "Yan Liu", 
        "bojan cukic", 
        "srikanth gururajan"
    ],
    "title" : "Validating neural network-based online adaptive systems: a case study",
    "year" : 2007,
    "journal" : "Software Quality Journal",
    "type" : "ARTICLE"
},

{
    "_id" : "577c432c0227c30f5cf44dbc",
    "actualClass" : "lchen_506",
    "authors" : [ 
        "Lei Chen", 
        "yiming zhang", 
        "dongsheng li", 
        "xicheng lu"
    ],
    "title" : "Flexible Routing in Grouped DHTs",
    "year" : 2008,
    "journal" : "Peer-to-Peer Computing",
    "type" : "ARTICLE"
},

{
    "_id" : "577c432c0227c30f5cf44dbd",
    "actualClass" : "jwang_422",
    "authors" : [ 
        "Jing Wang", 
        "yinghui che", 
        "xiaohui liang"
    ],
    "title" : "GPU-Based Real-Time Deformation with Normal Reconstruction",
    "year" : 2007,
    "journal" : "Edutainment - International Conference on E-learning and Games",
    "type" : "ARTICLE"
},

{
    "_id" : "577c432c0227c30f5cf44dbe",
    "actualClass" : "rwang_883",
    "authors" : [ 
        "Rui Wang", 
        "john tran", 
        "david p. luebke"
    ],
    "title" : "All-frequency interactive relighting of translucent objects with single and multiple scattering",
    "year" : 2005,
    "journal" : "ACM Transactions on Graphics",
    "type" : "ARTICLE"
},

{
    "_id" : "577c432c0227c30f5cf44dbf",
    "actualClass" : "hxie_276",
    "authors" : [ 
        "Haiyong Xie", 
        "david kiyoshi goldenberg", 
        "lili qiuy", 
        "yang richard yang", 
        "yin zhang"
    ],
    "title" : "Optimizing cost and performance for multihoming",
    "year" : 2004,
    "journal" : "Computer Communication Review",
    "type" : "ARTICLE"
},

{
    "_id" : "577c432c0227c30f5cf44dc0",
    "actualClass" : "ywang_1157",
    "authors" : [ 
        "Yang Wang", 
        "lili liu", 
        "andrew k. c. wong"
    ],
    "title" : "A global optimal algorithm for class-dependent discretization of continuous data",
    "year" : 2004,
    "journal" : "Intelligent Data Analysis",
    "type" : "ARTICLE"
},

{
    "_id" : "577c432c0227c30f5cf44dc2",
    "actualClass" : "jkarlsson_436",
    "authors" : [ 
        "Jonas Karlsson", 
        "brian d. marsh", 
        "christopher brown", 
        "thomas j. leblanc", 
        "michael l. scott", 
        "tim becker", 
        "prakash das", 
        "cesar quiroz"
    ],
    "title" : "Operating System Support for Animate Vision",
    "year" : 1992,
    "journal" : "Journal of Parallel and Distributed Computing",
    "type" : "ARTICLE"
},

{
    "_id" : "577c432c0227c30f5cf44dc3",
    "actualClass" : "lding_529",
    "authors" : [ 
        "Li Ding", 
        "shao zhergrong"
    ],
    "title" : "Information and Technology Application and Practice in Campus Library",
    "year" : 2000,
    "journal" : "Kyoto International Conference on Digital Libraries",
    "type" : "ARTICLE"
},

{
    "_id" : "577c432c0227c30f5cf44dc4",
    "actualClass" : "fluo_232",
    "authors" : [ 
        "Feng Luo", 
        "wei zeng", 
        "shing-tung yau", 
        "xianfeng david gu"
    ],
    "title" : "Surface Quasi-Conformal Mapping by Solving Beltrami Equations",
    "year" : 2009,
    "journal" : "IMA Conference on the Mathematics of Surfaces",
    "type" : "ARTICLE"
},

{
    "_id" : "577c432c0227c30f5cf44dc5",
    "actualClass" : "pwillett_819",
    "authors" : [ 
        "Peter Willett", 
        "linda hirons", 
        "eleanor j. gardiner", 
        "christopher a. hunter"
    ],
    "title" : "Structural DNA Profiles: Single Sequence Queries",
    "year" : 2006,
    "journal" : "Journal of Chemical Information and Computer Sciences",
    "type" : "ARTICLE"
},

{
    "_id" : "577c432c0227c30f5cf44dc6",
    "actualClass" : "cshekhar_118",
    "authors" : [ 
        "Chandra Shekhar"
    ],
    "title" : "Semi-Automatic Video-to-Site Registration for Aerial Monitoring",
    "year" : 2000,
    "journal" : "International Conference on Pattern Recognition",
    "type" : "ARTICLE"
},

{
    "_id" : "577c432c0227c30f5cf44dc7",
    "actualClass" : "wwang_1070",
    "authors" : [ 
        "Wei Wang", 
        "xiang zhang"
    ],
    "title" : "Mining coherent patterns from heterogeneous microarray data",
    "year" : 2006,
    "journal" : "International Conference on Information and Knowledge Management",
    "type" : "ARTICLE"
},

{
    "_id" : "577c432c0227c30f5cf44dc8",
    "actualClass" : "jsun_443",
    "authors" : [ 
        "Jun Sun", 
        "jin song dong"
    ],
    "title" : "Extracting FSMs from Object-Z Specifications with History Invariants",
    "year" : 2005,
    "journal" : "International Conference on Engineering of Complex Computer Systems",
    "type" : "ARTICLE"
},

{
    "_id" : "577c432c0227c30f5cf44dc9",
    "actualClass" : "gschneider_253",
    "authors" : [ 
        "Georg Schneider", 
        "thai-lai pham", 
        "stuart goose"
    ],
    "title" : "A situated computing framework for mobile and ubiquitous multimedia access using small screen and composite devices",
    "year" : 2000,
    "journal" : "ACM Multimedia Conference",
    "type" : "ARTICLE"
},

{
    "_id" : "577c432c0227c30f5cf44dca",
    "actualClass" : "smuller_969",
    "authors" : [ 
        "Stefan Muller", 
        "johannes behr", 
        "peter eschler", 
        "torsten frohlich", 
        "christian knopfle", 
        "bernd lutz", 
        "marcus roth"
    ],
    "title" : "Cybernarium Days 2002 - A Public Experience of Virtual and Augmented Worlds",
    "year" : 2002,
    "journal" : "International Conference on Cyberworlds",
    "type" : "ARTICLE"
},

{
    "_id" : "577c432c0227c30f5cf44dcb",
    "actualClass" : "qzhu_836",
    "authors" : [ 
        "Qiang Zhu", 
        "eamonn j. keogh"
    ],
    "title" : "Using CAPTCHAs to Index Cultural Artifacts",
    "year" : 2010,
    "journal" : "Intelligent Data Analysis",
    "type" : "ARTICLE"
},

{
    "_id" : "577c432c0227c30f5cf44dcc",
    "actualClass" : "pzhang_827",
    "authors" : [ 
        "Ping Zhang", 
        "gisela m. von dran"
    ],
    "title" : "Satisfiers and dissatisfiers: A two-factor model for website design and evaluation",
    "year" : 2000,
    "journal" : "Journal of The American Society for Information Science and Technology",
    "type" : "ARTICLE"
},

{
    "_id" : "577c432c0227c30f5cf44dcd",
    "actualClass" : "rwang_885",
    "authors" : [ 
        "Rui Wang", 
        "gunter neumann"
    ],
    "title" : "Using Recognizing Textual Entailment as a Core Engine for Answer Validation",
    "year" : 2007,
    "journal" : "Cross-Language Evaluation Forum",
    "type" : "ARTICLE"
},

{
    "_id" : "577c432c0227c30f5cf44dce",
    "actualClass" : "ytao_1176",
    "authors" : [ 
        "Yi Tao", 
        "yanzhi li", 
        "fan wang"
    ],
    "title" : "A Compromised Large-Scale Neighborhood Search Heuristic for Cargo Loading Planning",
    "year" : 2007,
    "journal" : "Australian Joint Conference on Artificial Intelligence",
    "type" : "ARTICLE"
},

{
    "_id" : "577c432c0227c30f5cf44dcf",
    "actualClass" : "tludwig_1011",
    "authors" : [ 
        "Thomas Ludwig", 
        "frank munz", 
        "sibylle ziegler", 
        "p. bartenstein", 
        "markus schwaiger", 
        "arndt bode"
    ],
    "title" : "Performance assessment of parallel spectral analysis: towards a practical performance model for parallel medical applications",
    "year" : 2000,
    "journal" : "Future Generation Computer Systems",
    "type" : "ARTICLE"
},

{
    "_id" : "577c432c0227c30f5cf44dd0",
    "actualClass" : "xliu_1115",
    "authors" : [ 
        "Xiaoming Liu", 
        "tsuhan chen", 
        "yufeng jessie hsu", 
        "wende zhang"
    ],
    "title" : "Principle component analysis and its variants for biometrics",
    "year" : 2002,
    "journal" : "International Conference on Image Processing",
    "type" : "ARTICLE"
},

{
    "_id" : "577c432c0227c30f5cf44dd1",
    "actualClass" : "lzhang_515",
    "authors" : [ 
        "Lei Zhang", 
        "alexander brodsky", 
        "sushil jajodia"
    ],
    "title" : "Toward Information Sharing: Benefit And Risk Access Control (BARAC)",
    "year" : 2006,
    "journal" : "Policies for Distributed Systems and Networks",
    "type" : "ARTICLE"
},

{
    "_id" : "577c432c0227c30f5cf44dd3",
    "actualClass" : "jwang_413",
    "authors" : [ 
        "Jing Wang", 
        "xianxiao zhou", 
        "jing zhu", 
        "chenggui zhou", 
        "zheng guo"
    ],
    "title" : "Revealing and avoiding bias in semantic similarity scores for protein pairs",
    "year" : 2010,
    "journal" : "BMC Bioinformatics",
    "type" : "ARTICLE"
},

{
    "_id" : "577c432c0227c30f5cf44dd4",
    "actualClass" : "hwang_293",
    "authors" : [ 
        "Hong Wang"
    ],
    "title" : "Pentagons and cycle coverings",
    "year" : 2007,
    "journal" : "Journal of Graph Theory",
    "type" : "ARTICLE"
},

{
    "_id" : "577c432c0227c30f5cf44dd5",
    "actualClass" : "mrahman_762",
    "authors" : [ 
        "Mustafizur Rahman", 
        "minbo cai", 
        "xiaoping li"
    ],
    "title" : "Molecular dynamics modelling and simulation of nanoscale ductile cutting of silicon",
    "year" : 2007,
    "journal" : "Journal of Computer Applications in Technology",
    "type" : "ARTICLE"
},

{
    "_id" : "577c432c0227c30f5cf44dd6",
    "actualClass" : "rlaue_862",
    "authors" : [ 
        "Ralf Laue", 
        "oliver kelm", 
        "sebastian schipp", 
        "abdulhadi shoufan", 
        "sorin a. huss"
    ],
    "title" : "Compact AES-based Architecture for Symmetric Encryption, Hash Function, and Random Number Generation",
    "year" : 2007,
    "journal" : "Field-Programmable Logic and Applications",
    "type" : "ARTICLE"
},

{
    "_id" : "577c432c0227c30f5cf44dd7",
    "actualClass" : "ywang_1159",
    "authors" : [ 
        "Yang Wang", 
        "wei xue", 
        "jiwu shu", 
        "guangyan zhang"
    ],
    "title" : "Design and Implementation of an Out-of-Band Virtualization System on Solaris 10",
    "year" : 2006,
    "journal" : "International Conference on Computational Science",
    "type" : "ARTICLE"
},

{
    "_id" : "577c432c0227c30f5cf44dd8",
    "actualClass" : "lli_546",
    "authors" : [ 
        "Lihong Li", 
        "zigang wang", 
        "joseph anderson", 
        "donald harrington", 
        "zhengrong liang"
    ],
    "title" : "Colonic polyp characterization and detection based on both morphological and texture features",
    "year" : 2004,
    "journal" : "Computer Assisted Radiology and Surgery",
    "type" : "ARTICLE"
},

{
    "_id" : "577c432c0227c30f5cf44dd9",
    "actualClass" : "tyamane_999",
    "authors" : [ 
        "Takashi Yamane", 
        "ryo kosaka", 
        "yoshiyuki sankai", 
        "tatsuo tsutsui"
    ],
    "title" : "Estimation of a physiologic strategy based on a mathematical model for assisting and substituting cardiac functions by a robotic artificial heart",
    "year" : 2005,
    "journal" : "Advanced Robotics",
    "type" : "ARTICLE"
},

{
    "_id" : "577c432c0227c30f5cf44ddb",
    "actualClass" : "yzhang_1196",
    "authors" : [ 
        "Yi Zhang", 
        "zhang yong", 
        "wang weinong"
    ],
    "title" : "Modeling and Analyzing of Workflow Authorization Management",
    "year" : 2004,
    "journal" : "Journal of Network and Systems Management",
    "type" : "ARTICLE"
},

{
    "_id" : "577c432c0227c30f5cf44ddc",
    "actualClass" : "lxiao_544",
    "authors" : [ 
        "Liang Xiao", 
        "javier vicente", 
        "carlos saez", 
        "andrew peet", 
        "alex gibb", 
        "paul h. lewis", 
        "srinandan dasmahapatra", 
        "madalina croitoru", 
        "horacio gonzalez-velez", 
        "magi lluch i ariet", 
        "david dupplaw"
    ],
    "title" : "A Security Model and its Application to a Distributed Decision Support System for Healthcare",
    "year" : 2008,
    "journal" : "Availability, Reliability and Security",
    "type" : "ARTICLE"
},

{
    "_id" : "577c432c0227c30f5cf44ddd",
    "actualClass" : "wmuller_1095",
    "authors" : [ 
        "Wolfgang Muller", 
        "henning zabel"
    ],
    "title" : "An Efficient Time Annotation Technique in Abstract RTOS Simulations for Multiprocessor Task Migration",
    "year" : 2008,
    "journal" : "IFIP WG10.3 Publications",
    "type" : "ARTICLE"
},

{
    "_id" : "577c432c0227c30f5cf44dde",
    "actualClass" : "fchen_224",
    "authors" : [ 
        "Fei Chen", 
        "jennifer l. gardy", 
        "matthew r. laird", 
        "sebastien rey", 
        "c. j. walsh", 
        "martin ester", 
        "fiona s. l. brinkman"
    ],
    "title" : "PSORTb v.2.0: Expanded prediction of bacterial protein subcellular localization and insights gained from comparative proteome analysis",
    "year" : 2005,
    "journal" : "Bioinformatics/computer Applications in The Biosciences",
    "type" : "ARTICLE"
},

{
    "_id" : "577c432c0227c30f5cf44ddf",
    "actualClass" : "xliu_1119",
    "authors" : [ 
        "Xiaoming Liu", 
        "johan bollen", 
        "michael l. nelson", 
        "herbert van de sompel", 
        "jeremy a. t. hussell", 
        "richard luce", 
        "linn marks"
    ],
    "title" : "Toolkits for visualizing co-authorship graph",
    "year" : 2004,
    "journal" : "ACM/IEEE Joint Conference on Digital Libraries",
    "type" : "ARTICLE"
},

{
    "_id" : "577c432c0227c30f5cf44de0",
    "actualClass" : "lwang_539",
    "authors" : [ 
        "Liang Wang", 
        "hongxun yao", 
        "shaohui liu"
    ],
    "title" : "Geometric and Algebraic Approaches of Planar Structure Recovery Based on Properties of Dual Conic",
    "year" : 2009,
    "journal" : "International Journal of Pattern Recognition and Artificial Intelligence",
    "type" : "ARTICLE"
},

{
    "_id" : "577c432c0227c30f5cf44de1",
    "actualClass" : "aheuer_52",
    "authors" : [ 
        "Andreas Heuer", 
        "frank losemann", 
        "christoph meinel"
    ],
    "title" : "Signed Preservation Of Online References",
    "year" : 2000,
    "journal" : "World Conference on the WWW and Internet",
    "type" : "ARTICLE"
},

{
    "_id" : "577c432c0227c30f5cf44de2",
    "actualClass" : "bfischer_75",
    "authors" : [ 
        "Bernd Fischer", 
        "lucas cordeiro", 
        "joao marques-silva"
    ],
    "title" : "SMT-Based Bounded Model Checking for Embedded ANSI-C Software",
    "year" : 2009,
    "journal" : "Computing Research Repository",
    "type" : "ARTICLE"
},

{
    "_id" : "577c432c0227c30f5cf44de3",
    "actualClass" : "pbaumgartner_809",
    "authors" : [ 
        "Peter Baumgartner", 
        "sabine payr"
    ],
    "title" : "Educating the Knowledge Worker in the Information Society: Baser - Basic Support for Efficient Research",
    "year" : 1998,
    "journal" : "IFIP TC3 Publications",
    "type" : "ARTICLE"
},

{
    "_id" : "577c432c0227c30f5cf44de4",
    "actualClass" : "wmuller_1095",
    "authors" : [ 
        "Wolfgang Muller", 
        "tim schattkowsky", 
        "achim rettberg"
    ],
    "title" : "A Model-Based Approach for Executable Specifications on Reconfigurable Hardware",
    "year" : 2005,
    "journal" : "Design, Automation, and Test in Europe",
    "type" : "ARTICLE"
},

{
    "_id" : "577c432c0227c30f5cf44de5",
    "actualClass" : "jzhang_361",
    "authors" : [ 
        "Jian Zhang", 
        "chunhua shen", 
        "sakrapee paisitkriangkrai"
    ],
    "title" : "Efficiently Learning a Detection Cascade with Sparse Eigenvectors",
    "year" : 2009,
    "journal" : "Computing Research Repository",
    "type" : "ARTICLE"
},

{
    "_id" : "577c432c0227c30f5cf44de6",
    "actualClass" : "wli_1056",
    "authors" : [ 
        "Wei Li", 
        "dawu gu", 
        "juanru li", 
        "zhiqiang liu", 
        "ya liu"
    ],
    "title" : "Differential fault analysis on Camellia",
    "year" : 2010,
    "journal" : "Journal of Systems and Software",
    "type" : "ARTICLE"
},

{
    "_id" : "577c432c0227c30f5cf44de7",
    "actualClass" : "hliu_294",
    "authors" : [ 
        "Hongmei Liu"
    ],
    "title" : "A Performance Guaranteed New Algorithm for Fault-Tolerant Routing in Folded Cubes",
    "year" : 2007,
    "journal" : "Frontiers in Algorithmics",
    "type" : "ARTICLE"
},

{
    "_id" : "577c432c0227c30f5cf44de8",
    "actualClass" : "pwillett_819",
    "authors" : [ 
        "Peter Willett", 
        "david ellis", 
        "jonathan furner"
    ],
    "title" : "On the Creation of Hypertext Links in Full-Text Documents: Measurement of Retrieval Effectiveness",
    "year" : 1996,
    "journal" : "Journal of The American Society for Information Science and Technology",
    "type" : "ARTICLE"
},

{
    "_id" : "577c432c0227c30f5cf44de9",
    "actualClass" : "yhe_1198",
    "authors" : [ 
        "Ying He", 
        "xin li", 
        "xianfeng gu", 
        "hong qin"
    ],
    "title" : "Curves-on-Surface: A General Shape Comparison Framework",
    "year" : 2006,
    "journal" : "Shape Modeling International",
    "type" : "ARTICLE"
},

{
    "_id" : "577c432c0227c30f5cf44dea",
    "actualClass" : "lpopa_592",
    "authors" : [ 
        "Lucian Popa", 
        "david chu", 
        "arsalan tavakoli", 
        "joseph m. hellerstein"
    ],
    "title" : "Entirely Declarative Sensor Network Systems",
    "year" : 2006,
    "journal" : "Very Large Data Bases",
    "type" : "ARTICLE"
},

{
    "_id" : "577c432c0227c30f5cf44deb",
    "actualClass" : "cli_128",
    "authors" : [ 
        "Chen Li", 
        "chee-keng yap"
    ],
    "title" : "A new constructive root bound for algebraic expressions",
    "year" : 2001,
    "journal" : "Symposium on Discrete Algorithms",
    "type" : "ARTICLE"
},

{
    "_id" : "577c432c0227c30f5cf44dec",
    "actualClass" : "kschmidt_481",
    "authors" : [ 
        "Karsten Schmidt", 
        "max brunner", 
        "martin jung", 
        "detlef kips"
    ],
    "title" : "Fallstudie zur Modellierung von Software-Entwicklungsprozessen auf Basis von SPEM 2.0",
    "year" : 2008,
    "journal" : "Software Engineering",
    "type" : "ARTICLE"
},

{
    "_id" : "577c432c0227c30f5cf44ded",
    "actualClass" : "yliu_1144",
    "authors" : [ 
        "Yan Liu", 
        "mingguang zhuang", 
        "qingling wang", 
        "biao yu"
    ],
    "title" : "UTISP: An Urban Traffic Information Portal Based on WebGIS",
    "year" : 2008,
    "journal" : "International Conference on Internet and Web Applications and Services",
    "type" : "ARTICLE"
},

{
    "_id" : "577c432c0227c30f5cf44dee",
    "actualClass" : "jzhang_360",
    "authors" : [ 
        "Jian Zhang", 
        "hantao zhang"
    ],
    "title" : "Constraint Propagation in Model Generation",
    "year" : 1995,
    "journal" : "Principles and Practice of Constraint Programming",
    "type" : "ARTICLE"
},

{
    "_id" : "577c432c0227c30f5cf44def",
    "actualClass" : "jhoffmann_346",
    "authors" : [ 
        "Jan Hoffmann", 
        "martin hofmann"
    ],
    "title" : "Amortized Resource Analysis with Polynomial Potential",
    "year" : 2010,
    "journal" : "European Symposium on Programming",
    "type" : "ARTICLE"
},

{
    "_id" : "577c432c0227c30f5cf44df0",
    "actualClass" : "lhe_557",
    "authors" : [ 
        "Lili He", 
        "burkay orten", 
        "w. clem karl", 
        "avinish kambadakone", 
        "dushyant sahani", 
        "homer h. pien"
    ],
    "title" : "Spatio-Temporal Deconvolution of Perfusion CT Data in Rectal Tumor Patients",
    "year" : 2009,
    "journal" : "IEEE International Symposium on Biomedical Imaging",
    "type" : "ARTICLE"
},

{
    "_id" : "577c432c0227c30f5cf44df1",
    "actualClass" : "jwei_455",
    "authors" : [ 
        "Jun Wei", 
        "f. l. ng", 
        "m. l. nai", 
        "h. xie", 
        "peck cheng lim", 
        "c. k. wong"
    ],
    "title" : "Wafer Bonding Process Based On The Taguchi Analysis",
    "year" : 2003,
    "journal" : "International Journal of Computational Engineering Science",
    "type" : "ARTICLE"
},

{
    "_id" : "577c432c0227c30f5cf44df2",
    "actualClass" : "xliu_1118",
    "authors" : [ 
        "Xiaoming Liu", 
        "zhaohui wang", 
        "jun liu", 
        "zhilin feng"
    ],
    "title" : "Face recognition with Locality Sensitive Discriminant Analysis based on matrix representation",
    "year" : 2008,
    "journal" : "IJCNN",
    "type" : "ARTICLE"
},

{
    "_id" : "577c432c0227c30f5cf44df3",
    "actualClass" : "dbrown_167",
    "authors" : [ 
        "Daniel G. Brown"
    ],
    "title" : "Optimizing Multiple Seeds for Protein Homology Search",
    "year" : 2005,
    "journal" : "IEEE/ACM Transactions on Computational Biology and Bioinformatics",
    "type" : "ARTICLE"
},

{
    "_id" : "577c432c0227c30f5cf44df4",
    "actualClass" : "mhofmann_643",
    "authors" : [ 
        "Martin Hofmann", 
        "ute schmid", 
        "emanuel kitzelmann"
    ],
    "title" : "Inductive Programming",
    "year" : 2009,
    "journal" : "K??nstliche Intelligenz",
    "type" : "ARTICLE"
},

{
    "_id" : "577c432c0227c30f5cf44df5",
    "actualClass" : "yzhang_1183",
    "authors" : [ 
        "Yi Zhang", 
        "sergio roa", 
        "valia kordoni"
    ],
    "title" : "Mapping between Compositional Semantic Representations and Lexical Semantic Resources: Towards Accurate Deep Semantic Parsing",
    "year" : 2008,
    "journal" : "Meeting of the Association for Computational Linguistics",
    "type" : "ARTICLE"
},

{
    "_id" : "577c432c0227c30f5cf44df6",
    "actualClass" : "jzhang_361",
    "authors" : [ 
        "Jian Zhang", 
        "sakrapee paisitkriangkrai", 
        "chunhua shen"
    ],
    "title" : "Fast Pedestrian Detection Using a Cascade of Boosted Covariance Features",
    "year" : 2008,
    "journal" : "IEEE Transactions on Circuits and Systems for Video Technology",
    "type" : "ARTICLE"
},

{
    "_id" : "577c432c0227c30f5cf44df7",
    "actualClass" : "pwillett_819",
    "authors" : [ 
        "Peter Willett", 
        "peter j. artymiuk", 
        "peter a. bath", 
        "helen m. grindley", 
        "catherine a. pepperrell", 
        "andrew r. poirrette", 
        "david w. rice", 
        "david a. thorner", 
        "david j. wild"
    ],
    "title" : "Similarity searching in databases of three-dimensional molecules and macromolecules",
    "year" : 1992,
    "journal" : "Journal of Chemical Information and Computer Sciences",
    "type" : "ARTICLE"
},

{
    "_id" : "577c432c0227c30f5cf44df8",
    "actualClass" : "hzhang_311",
    "authors" : [ 
        "Hui Zhang", 
        "xiaoqiao meng", 
        "guofei jiang", 
        "haifeng chen", 
        "kenji yoshihira"
    ],
    "title" : "Automatic Profiling of Network Event Sequences: Algorithm and Applications",
    "year" : 2008,
    "journal" : "IEEE INFOCOM",
    "type" : "ARTICLE"
},

{
    "_id" : "577c432c0227c30f5cf44df9",
    "actualClass" : "gschmidt_267",
    "authors" : [ 
        "Gunther Schmidt", 
        "johannes elschner", 
        "rainer hinder"
    ],
    "title" : "Finite Element Solution of Conical Diffraction Problems",
    "year" : 2002,
    "journal" : "Advances in Computational Mathematics",
    "type" : "ARTICLE"
},

{
    "_id" : "577c432c0227c30f5cf44dfa",
    "actualClass" : "wwang_1070",
    "authors" : [ 
        "Wei Wang", 
        "adam roberts", 
        "leonard mcmillan", 
        "joel parker", 
        "ivan rusyn", 
        "david threadgill"
    ],
    "title" : "Inferring missing genotypes in large SNP panels using fast nearest-neighbor searches over sliding windows",
    "year" : 2007,
    "journal" : "Intelligent Systems in Molecular Biology",
    "type" : "ARTICLE"
},

{
    "_id" : "577c432c0227c30f5cf44dfb",
    "actualClass" : "jwei_455",
    "authors" : [ 
        "Jun Wei", 
        "yufeng jin", 
        "peck cheng lim", 
        "zhenfeng wang"
    ],
    "title" : "Hermetic Packaging Of Mems With Thick Electrodes By Silicon-Glass Anodic Bonding",
    "year" : 2003,
    "journal" : "International Journal of Computational Engineering Science",
    "type" : "ARTICLE"
},

{
    "_id" : "577c432c0227c30f5cf44dfc",
    "actualClass" : "wwang_1069",
    "authors" : [ 
        "Wei Wang", 
        "yanghua xiao", 
        "wentao wu", 
        "jian pei", 
        "zhenying he"
    ],
    "title" : "Efficiently indexing shortest paths by exploiting symmetry in graphs",
    "year" : 2009,
    "journal" : "Extending Database Technology",
    "type" : "ARTICLE"
},

{
    "_id" : "577c432c0227c30f5cf44dfd",
    "actualClass" : "wmuller_1094",
    "authors" : [ 
        "Wolfgang Muller", 
        "p. oscar boykin", 
        "nima sarshar", 
        "vwani p. roychowdhury"
    ],
    "title" : "Comparison of Image Similarity Queries in P2P Systems",
    "year" : 2006,
    "journal" : "Computing Research Repository",
    "type" : "ARTICLE"
},

{
    "_id" : "577c432c0227c30f5cf44dfe",
    "actualClass" : "fxu_238",
    "authors" : [ 
        "Feng Xu", 
        "xiaoping zheng", 
        "jian zhang", 
        "zetian fu", 
        "xiaoshuan zhang"
    ],
    "title" : "A hybrid reasoning mechanism integrated evidence theory and set pair analysis in Swine-Vet",
    "year" : 2010,
    "journal" : "Expert Systems With Applications",
    "type" : "ARTICLE"
},

{
    "_id" : "577c432c0227c30f5cf44dff",
    "actualClass" : "dford_191",
    "authors" : [ 
        "David Ford", 
        "mel glass", 
        "sebastian dewhurst"
    ],
    "title" : "Reducing the Risk of Spreadsheet Usage - a Case Study",
    "year" : 2009,
    "journal" : "Computing Research Repository",
    "type" : "ARTICLE"
},

{
    "_id" : "577c432c0227c30f5cf44e00",
    "actualClass" : "vsrivastava_1037",
    "authors" : [ 
        "Vineet Srivastava", 
        "achin jain", 
        "alok r. patnaik", 
        "pulak dhar"
    ],
    "title" : "Software Defect Content Estimation: A Bayesian Approach",
    "year" : 2006,
    "journal" : "Canadian Conference on Electrical and Computer Engineering",
    "type" : "ARTICLE"
},

{
    "_id" : "577c432c0227c30f5cf44e01",
    "actualClass" : "pwillett_821",
    "authors" : [ 
        "Peter Willett", 
        "peter f. swaszek"
    ],
    "title" : "On the performance degradation from one-bit quantized detection",
    "year" : 1995,
    "journal" : "IEEE Transactions on Information Theory",
    "type" : "ARTICLE"
},

{
    "_id" : "577c432c0227c30f5cf44e02",
    "actualClass" : "xliu_1118",
    "authors" : [ 
        "Xiaoming Liu", 
        "zhaohui wang", 
        "jun liu", 
        "zhilin feng"
    ],
    "title" : "Dimension Reduction with Semi-supervised Pairwise Covariance-Preserving Projection",
    "year" : 2010,
    "journal" : "International Conference on Intelligent Computing",
    "type" : "ARTICLE"
},

{
    "_id" : "577c432c0227c30f5cf44e03",
    "actualClass" : "wli_1047",
    "authors" : [ 
        "Wei Li", 
        "klaus mueller", 
        "arie e. kaufman"
    ],
    "title" : "Empty Space Skipping and Occlusion Clipping for Texture-based Volume Rendering",
    "year" : 2003,
    "journal" : "IEEE Visualization",
    "type" : "ARTICLE"
},

{
    "_id" : "577c432c0227c30f5cf44e04",
    "actualClass" : "hishikawa_284",
    "authors" : [ 
        "Hiroshi Ishikawa", 
        "ian jermyn"
    ],
    "title" : "Globally Optimal Regions and Boundaries",
    "year" : 1999,
    "journal" : "International Conference on Computer Vision",
    "type" : "ARTICLE"
},

{
    "_id" : "577c432c0227c30f5cf44e05",
    "actualClass" : "lxiao_544",
    "authors" : [ 
        "Liang Xiao", 
        "des greer"
    ],
    "title" : "Environment support for developing and configuring adaptive agents",
    "year" : 2009,
    "journal" : "Multiagent and Grid Systems",
    "type" : "ARTICLE"
},

{
    "_id" : "577c432c0227c30f5cf44e06",
    "actualClass" : "cwang_136",
    "authors" : [ 
        "Chong Wang", 
        "xing xie", 
        "li-qun chen", 
        "wei-ying ma"
    ],
    "title" : "An adaptive web page layout structure for small devices",
    "year" : 2005,
    "journal" : "Multimedia Systems",
    "type" : "ARTICLE"
},

{
    "_id" : "577c432c0227c30f5cf44e07",
    "actualClass" : "cliu_121",
    "authors" : [ 
        "Chao Liu", 
        "qiaozhu mei", 
        "hang su", 
        "chengxiang zhai"
    ],
    "title" : "A probabilistic approach to spatiotemporal theme pattern mining on weblogs",
    "year" : 2006,
    "journal" : "World Wide Web Conference Series",
    "type" : "ARTICLE"
},

{
    "_id" : "577c432c0227c30f5cf44e08",
    "actualClass" : "agupta_11",
    "authors" : [ 
        "Ajay Gupta"
    ],
    "title" : "Hardware Diagnosis as Program Debugging",
    "year" : 1987,
    "journal" : "International Joint Conference on Artificial Intelligence",
    "type" : "ARTICLE"
},

{
    "_id" : "577c432c0227c30f5cf44e09",
    "actualClass" : "rwang_888",
    "authors" : [ 
        "Rui Wang", 
        "wei wang", 
        "xiangyu wang"
    ],
    "title" : "A Spatial Faithful Cooperative System Based on Mixed Presence Groupware Model",
    "year" : 2009,
    "journal" : "Cooperative Design, Visualization, and Engineering",
    "type" : "ARTICLE"
},

{
    "_id" : "577c432c0227c30f5cf44e0a",
    "actualClass" : "lzhang_554",
    "authors" : [ 
        "Lijun Zhang", 
        "chun chen", 
        "wei chen", 
        "jiajun bu", 
        "deng cai", 
        "xiaofei he"
    ],
    "title" : "Convex experimental design using manifold structure for image retrieval",
    "year" : 2009,
    "journal" : "ACM Multimedia Conference",
    "type" : "ARTICLE"
},

{
    "_id" : "577c432c0227c30f5cf44e0b",
    "actualClass" : "mmagnusson_650",
    "authors" : [ 
        "Martin Magnusson", 
        "henrik andreasson", 
        "achim j. lilienthal"
    ],
    "title" : "Has somethong changed here? Autonomous difference detection for security patrol robots",
    "year" : 2007,
    "journal" : "International Conference on Intelligent RObots and Systems - IROS",
    "type" : "ARTICLE"
},

{
    "_id" : "577c432c0227c30f5cf44e0c",
    "actualClass" : "ssauer_973",
    "authors" : [ 
        "Stefan Sauer", 
        "heimo muller", 
        "robert reihs", 
        "kurt zatloukal", 
        "marc streit", 
        "alexander lex", 
        "bernhard schlegl", 
        "dieter schmalstieg"
    ],
    "title" : "Connecting Genes with Diseases",
    "year" : 2009,
    "journal" : "International Conference on Information Visualisation",
    "type" : "ARTICLE"
},

{
    "_id" : "577c432c0227c30f5cf44e0d",
    "actualClass" : "mgupta_608",
    "authors" : [ 
        "Manish Gupta", 
        "latifur khan"
    ],
    "title" : "Effective Management of Location Dependent Continuous Queries in Mobile Environment",
    "year" : 2002,
    "journal" : "DEXA Workshops",
    "type" : "ARTICLE"
},

{
    "_id" : "577c432c0227c30f5cf44e0e",
    "actualClass" : "jsun_450",
    "authors" : [ 
        "Jun Sun", 
        "alessandro tarello", 
        "murtaza zafer", 
        "eytan modiano"
    ],
    "title" : "Minimum Energy Transmission Scheduling Subject to Deadline Constraints",
    "year" : 2005,
    "journal" : "Modeling and Optimization in Mobile, Ad-Hoc and Wireless Networks",
    "type" : "ARTICLE"
},

{
    "_id" : "577c432c0227c30f5cf44e0f",
    "actualClass" : "lzhang_512",
    "authors" : [ 
        "Lei Zhang", 
        "xiao-chen lian", 
        "zhiwei li", 
        "bao-liang lu"
    ],
    "title" : "Max-Margin Dictionary Learning for Multiclass Image Categorization",
    "year" : 2010,
    "journal" : "European Conference on Computer Vision",
    "type" : "ARTICLE"
},

{
    "_id" : "577c432c0227c30f5cf44e10",
    "actualClass" : "lchen_506",
    "authors" : [ 
        "Lei Chen", 
        "liyi zhang", 
        "ting liu", 
        "yunshan sun"
    ],
    "title" : "Research on neural network blind equalization algorithm with structure optimized by genetic algorithm",
    "year" : 2010,
    "journal" : "International Conference on Natural Computation",
    "type" : "ARTICLE"
},

{
    "_id" : "577c432c0227c30f5cf44e11",
    "actualClass" : "fpappalardo_243",
    "authors" : [ 
        "Francesco Pappalardo", 
        "giuseppe notarangelo", 
        "elena salurso", 
        "elio guidetti"
    ],
    "title" : "A Low Power, Scalable and Runtime Customizable Microprocessor Architecture for Image Processing",
    "year" : 2007,
    "journal" : "Journal of Low Power Electronics",
    "type" : "ARTICLE"
},

{
    "_id" : "577c432c0227c30f5cf44e12",
    "actualClass" : "yhe_1198",
    "authors" : [ 
        "Ying He", 
        "hongyu wang", 
        "miao jin", 
        "xianfeng gu", 
        "hong qin"
    ],
    "title" : "User-controllable polycube map for manifold spline construction",
    "year" : 2008,
    "journal" : "Symposium on Solid Modeling and Applications",
    "type" : "ARTICLE"
},

{
    "_id" : "577c432c0227c30f5cf44e13",
    "actualClass" : "hwang_286",
    "authors" : [ 
        "Hong Wang", 
        "xuewu dai", 
        "tim breikin"
    ],
    "title" : "An Algorithm for Identification of Reduced-Order Dynamic Models of Gas Turbines",
    "year" : 2006,
    "journal" : "International Conference on Innovative Computing, Information and Control",
    "type" : "ARTICLE"
},

{
    "_id" : "577c432c0227c30f5cf44e14",
    "actualClass" : "lding_526",
    "authors" : [ 
        "Li Ding", 
        "pinaki mazumder"
    ],
    "title" : "Modeling Noise Transfer Characteristic of Dynamic Logic Gates",
    "year" : 2003,
    "journal" : "Design, Automation, and Test in Europe",
    "type" : "ARTICLE"
},

{
    "_id" : "577c432c0227c30f5cf44e15",
    "actualClass" : "wwang_1072",
    "authors" : [ 
        "Wei Wang", 
        "xiangliang zhang", 
        "sylvain gombault", 
        "svein j. knapskog"
    ],
    "title" : "Attribute Normalization in Network Intrusion Detection",
    "year" : 2009,
    "journal" : "International Symposium on Parallel Architectures, Algorithms and Networks",
    "type" : "ARTICLE"
},

{
    "_id" : "577c432c0227c30f5cf44e16",
    "actualClass" : "hwang_288",
    "authors" : [ 
        "Hong Wang", 
        "perry h. wang", 
        "ralph-michael kling", 
        "kalpana ramakrishnan", 
        "john paul shen"
    ],
    "title" : "Register Renaming and Scheduling for Dynamic Execution of Predicated Code",
    "year" : 2001,
    "journal" : "International Symposium on High-Performance Computer Architecture",
    "type" : "ARTICLE"
},

{
    "_id" : "577c432c0227c30f5cf44e17",
    "actualClass" : "fpereira_240",
    "authors" : [ 
        "Fernando Pereira", 
        "joel p. lucas", 
        "alipio mario jorge", 
        "ana m. pernas", 
        "amauri a. machado"
    ],
    "title" : "A Tool for Interactive Subgroup Discovery Using Distribution Rules",
    "year" : 2007,
    "journal" : "Portuguese Conference on Artificial Intelligence",
    "type" : "ARTICLE"
},

{
    "_id" : "577c432c0227c30f5cf44e18",
    "actualClass" : "lxiao_544",
    "authors" : [ 
        "Liang Xiao", 
        "des greer"
    ],
    "title" : "Adaptive Agent Model: Software Adaptivity using an Agent-oriented Model-Driven Architecture",
    "year" : 2009,
    "journal" : "Information & Software Technology",
    "type" : "ARTICLE"
},

{
    "_id" : "577c432c0227c30f5cf44e19",
    "actualClass" : "jzeng_374",
    "authors" : [ 
        "Jianchao Zeng", 
        "john j. bauer", 
        "ariela sofer", 
        "xiaohu yao", 
        "brett opell", 
        "wei zhang", 
        "isabell a. sesterhenn", 
        "judd w. moul", 
        "john lynch", 
        "seong k. mun"
    ],
    "title" : "Distribution of Prostrate Cancer for Optimized Biopsy Protocols",
    "year" : 2000,
    "journal" : "Medical Image Computing and Computer-Assisted Intervention",
    "type" : "ARTICLE"
},

{
    "_id" : "577c432c0227c30f5cf44e1a",
    "actualClass" : "swagner_977",
    "authors" : [ 
        "Stefan Wagner", 
        "michael affenzeller"
    ],
    "title" : "SASEGASA: An Evolutionary Algorithm for Retarding Premature Convergence by Self-Adaptive Selection Pressure Steering",
    "year" : 2003,
    "journal" : "Lecture Notes in Computer Science",
    "type" : "ARTICLE"
}
]