[
{
    "_id" : "577c432c0227c30f5cf44e1c",
    "actualClass" : "ywang_1152",
    "authors" : [ 
        "Yang Wang", 
        "greg mori"
    ],
    "title" : "Boosted Multiple Deformable Trees for Parsing Human Poses",
    "year" : 2007,
    "journal" : "Workshop on Human Motion",
    "type" : "ARTICLE"
},

{
    "_id" : "577c432c0227c30f5cf44e1d",
    "actualClass" : "fcheng_230",
    "authors" : [ 
        "Feng Cheng", 
        "sebastian roschke", 
        "luan ibraimi", 
        "christoph meinel"
    ],
    "title" : "Secure Communication Using Identity Based Encryption",
    "year" : 2010,
    "journal" : "Communications and Multimedia Security",
    "type" : "ARTICLE"
},

{
    "_id" : "577c432c0227c30f5cf44e1e",
    "actualClass" : "rkumar_859",
    "authors" : [ 
        "Rajesh Kumar"
    ],
    "title" : "Interconnect and noise immunity design for the Pentium 4 processor",
    "year" : 2003,
    "journal" : "Design Automation Conference",
    "type" : "ARTICLE"
},

{
    "_id" : "577c432c0227c30f5cf44e1f",
    "actualClass" : "jfan_391",
    "authors" : [ 
        "Jianping Fan", 
        "bibo tu", 
        "jianfeng zhan", 
        "xiaofang zhao"
    ],
    "title" : "Accurate Analytical Models for Message Passing on Multi-core Clusters",
    "year" : 2009,
    "journal" : "Parallel, Distributed and Network-Based Processing",
    "type" : "ARTICLE"
},

{
    "_id" : "577c432c0227c30f5cf44e20",
    "actualClass" : "jsun_448",
    "authors" : [ 
        "Jun Sun", 
        "xiangwen wang", 
        "rong xie", 
        "songyu yu", 
        "wenjun zhang"
    ],
    "title" : "An improved block size selection method based on macroblock movement characteristic",
    "year" : 2009,
    "journal" : "Multimedia Tools and Applications",
    "type" : "ARTICLE"
},

{
    "_id" : "577c432c0227c30f5cf44e21",
    "actualClass" : "rbischoff_853",
    "authors" : [ 
        "Rainer Bischoff", 
        "volker graefe"
    ],
    "title" : "Maschinelles Sehen zur Steuerung autonomer mobiler Systeme",
    "year" : 1998,
    "journal" : "DAGM Symposium Symposium for Pattern Recognition",
    "type" : "ARTICLE"
},

{
    "_id" : "577c432c0227c30f5cf44e22",
    "actualClass" : "mbressan_617",
    "authors" : [ 
        "Marco Bressan", 
        "enoch peserico"
    ],
    "title" : "Urban Hitchhiking",
    "year" : 2010,
    "journal" : "Fun with Algorithms",
    "type" : "ARTICLE"
},

{
    "_id" : "577c432c0227c30f5cf44e23",
    "actualClass" : "jliu_378",
    "authors" : [ 
        "Jiang Liu", 
        "s. manoharan"
    ],
    "title" : "ESI-Based WEB Caching for Efficient Dynamic Content Delivery",
    "year" : 2003,
    "journal" : "International Association for Development of the Information Society",
    "type" : "ARTICLE"
},

{
    "_id" : "577c432c0227c30f5cf44e24",
    "actualClass" : "bfischer_75",
    "authors" : [ 
        "Bernd Fischer", 
        "johann schumann", 
        "michael w. whalen", 
        "jon whittle"
    ],
    "title" : "Certification Support for Automatically Generated Programs",
    "year" : 2003,
    "journal" : "Hawaii International Conference on System Sciences",
    "type" : "ARTICLE"
},

{
    "_id" : "577c432c0227c30f5cf44e25",
    "actualClass" : "mbertram_635",
    "authors" : [ 
        "Martin Bertram"
    ],
    "title" : "Modellierung als Basis der Prozessoptimierung einer Transaktionsbank",
    "year" : 2003,
    "journal" : "Modellierung betrieblicher Informationssyteme, MobIS",
    "type" : "ARTICLE"
},

{
    "_id" : "577c432c0227c30f5cf44e26",
    "actualClass" : "rkumar_855",
    "authors" : [ 
        "Rajesh Kumar", 
        "purnima rajan", 
        "srdan bejakovic", 
        "sharmishtaa seshamani", 
        "gerard mullin", 
        "themistocles dassopoulos", 
        "gregory d. hager"
    ],
    "title" : "Learning Disease Severity for Capsule Endoscopy Images",
    "year" : 2009,
    "journal" : "IEEE International Symposium on Biomedical Imaging",
    "type" : "ARTICLE"
},

{
    "_id" : "577c432c0227c30f5cf44e27",
    "actualClass" : "rhull_866",
    "authors" : [ 
        "Richard Hull", 
        "stephen boyd davis", 
        "magnus moar", 
        "john cox", 
        "chris riddoch", 
        "karl cooke", 
        "rachel jacobs", 
        "matt watkins", 
        "tom melamed"
    ],
    "title" : "'Ere be dragons: an interactive artwork",
    "year" : 2005,
    "journal" : "ACM Multimedia Conference",
    "type" : "ARTICLE"
},

{
    "_id" : "577c432c0227c30f5cf44e28",
    "actualClass" : "wli_1047",
    "authors" : [ 
        "Wei Li", 
        "xiaoming wei", 
        "arie e. kaufman"
    ],
    "title" : "Interactive Flowing of Highly Viscous Volumes in Virtual Environments",
    "year" : 2003,
    "journal" : "Virtual Reality",
    "type" : "ARTICLE"
},

{
    "_id" : "577c432c0227c30f5cf44e29",
    "actualClass" : "hishikawa_284",
    "authors" : [ 
        "Hiroshi Ishikawa", 
        "davi geiger"
    ],
    "title" : "Mapping image restoration to a graph problem",
    "year" : 1999,
    "journal" : "Nonlinear Signal and Image Processing",
    "type" : "ARTICLE"
},

{
    "_id" : "577c432c0227c30f5cf44e2a",
    "actualClass" : "jsun_451",
    "authors" : [ 
        "Jun Sun", 
        "hao wang", 
        "shiqin yang", 
        "wenbo xu"
    ],
    "title" : "Scalability of Hybrid Fuzzy C-Means Algorithm Based on Quantum-Behaved PSO",
    "year" : 2007,
    "journal" : "Fuzzy Systems and Knowledge Discovery",
    "type" : "ARTICLE"
},

{
    "_id" : "577c432c0227c30f5cf44e2b",
    "actualClass" : "jyang_460",
    "authors" : [ 
        "Jun Yang", 
        "xiuyi zhou", 
        "yi xu", 
        "yu du", 
        "youtao zhang"
    ],
    "title" : "Thermal Management for 3D Processors via Task Scheduling",
    "year" : 2008,
    "journal" : "International Conference on Parallel Processing",
    "type" : "ARTICLE"
},

{
    "_id" : "577c432c0227c30f5cf44e2c",
    "actualClass" : "yzhang_1184",
    "authors" : [ 
        "Yi Zhang", 
        "georgios k. theodoropoulos", 
        "dan chen", 
        "rob minson", 
        "stephen john turner", 
        "wentong cai", 
        "yong xie", 
        "brian logan"
    ],
    "title" : "Large Scale Distributed Simulation on the Grid",
    "year" : 2006,
    "journal" : "Cluster Computing and the Grid",
    "type" : "ARTICLE"
},

{
    "_id" : "577c432c0227c30f5cf44e2d",
    "actualClass" : "ywang_1147",
    "authors" : [ 
        "Yan Wang", 
        "duncan s. wong", 
        "kwei-jay lin", 
        "vijay varadharajan"
    ],
    "title" : "Evaluating transaction trust and risk levels in peer-to-peer e-commerce environments",
    "year" : 2008,
    "journal" : "Information Systems and E-business Management",
    "type" : "ARTICLE"
},

{
    "_id" : "577c432c0227c30f5cf44e2e",
    "actualClass" : "jsun_445",
    "authors" : [ 
        "Jun Sun", 
        "too-seng tia", 
        "zhong deng", 
        "mallikarjun shankar", 
        "matthew f. storch", 
        "l.-c. wu", 
        "jane w.-s. liu"
    ],
    "title" : "Probabilistic performance guarantee for real-time tasks with varying computation times",
    "year" : 1995,
    "journal" : "IEEE Real Time Technology and Applications Symposium",
    "type" : "ARTICLE"
},

{
    "_id" : "577c432c0227c30f5cf44e2f",
    "actualClass" : "ywang_1155",
    "authors" : [ 
        "Yang Wang", 
        "scott d. mainwaring"
    ],
    "title" : "Human-Currency Interaction: learning from virtual currency use in China",
    "year" : 2008,
    "journal" : "Computer Human Interaction",
    "type" : "ARTICLE"
},

{
    "_id" : "577c432c0227c30f5cf44e30",
    "actualClass" : "wwang_1070",
    "authors" : [ 
        "Wei Wang", 
        "jun huan", 
        "jan prins", 
        "todd j. vision"
    ],
    "title" : "Reconstruction of Ancestral Gene Order after Segmental Duplication and Gene Loss",
    "year" : 2003,
    "journal" : "IEEE Computer Society Bioinformatics Conference",
    "type" : "ARTICLE"
},

{
    "_id" : "577c432c0227c30f5cf44e31",
    "actualClass" : "mhoffmann_689",
    "authors" : [ 
        "Michael Hoffmann"
    ],
    "title" : "Entwurf, Simulation und Implementierung von Fuzzy-Logic in einer integrierten Entwicklungsumgebung",
    "year" : 1992,
    "journal" : "Fuzzy Days",
    "type" : "ARTICLE"
},

{
    "_id" : "577c432c0227c30f5cf44e32",
    "actualClass" : "pbraun_812",
    "authors" : [ 
        "Peter Braun", 
        "bernhard schatz", 
        "franz huber", 
        "alexander k. wi�peintner"
    ],
    "title" : "Checking and Transforming Models with AutoFOCUS",
    "year" : 2005,
    "journal" : "Engineering of Computer-Based Systems",
    "type" : "ARTICLE"
},

{
    "_id" : "577c432c0227c30f5cf44e34",
    "actualClass" : "wwang_1065",
    "authors" : [ 
        "Wei Wang", 
        "guiyi wei", 
        "guanghua song", 
        "yao zheng", 
        "cuiju luan", 
        "chaoyan zhu"
    ],
    "title" : "MASSIVE: A Multidisciplinary Applications-Oriented Simulation and Visualization Environment",
    "year" : 2004,
    "journal" : "IEEE International Conference on Services Computing",
    "type" : "ARTICLE"
},

{
    "_id" : "577c432c0227c30f5cf44e35",
    "actualClass" : "fwang_236",
    "authors" : [ 
        "Feng Wang", 
        "bo hong", 
        "scott a. brandt", 
        "darrell d. e. long"
    ],
    "title" : "Using MEMS-Based Storage to Boost Disk Performance",
    "year" : 2005,
    "journal" : "Symposium on Mass Storage Systems",
    "type" : "ARTICLE"
},

{
    "_id" : "577c432c0227c30f5cf44e36",
    "actualClass" : "pwagner_817",
    "authors" : [ 
        "Peter Wagner", 
        "andreas brandstadt"
    ],
    "title" : "On k-Versus (k+1)Leaf Powers",
    "year" : 2008,
    "journal" : "Conference on Combinatorial Optimization and Applications",
    "type" : "ARTICLE"
},

{
    "_id" : "577c432c0227c30f5cf44e37",
    "actualClass" : "apironti_30",
    "authors" : [ 
        "Alfredo Pironti", 
        "marco ariola"
    ],
    "title" : "Hinifinity optimal terminal control for linear systems with delayed states and controls",
    "year" : 2008,
    "journal" : "Automatica",
    "type" : "ARTICLE"
},

{
    "_id" : "577c432c0227c30f5cf44e38",
    "actualClass" : "wwang_1075",
    "authors" : [ 
        "Wei Wang", 
        "honggang wang", 
        "dongming peng", 
        "hamid sharif"
    ],
    "title" : "Collaborative Image Transmissions Based on Region and Path Diversity in Wireless Sensor Network",
    "year" : 2007,
    "journal" : "Global Telecommunications Conference",
    "type" : "ARTICLE"
},

{
    "_id" : "577c432c0227c30f5cf44e39",
    "actualClass" : "akalinin_24",
    "authors" : [ 
        "Alexander Kalinin", 
        "l. nechaeva", 
        "e. soltadov", 
        "symon podvalny"
    ],
    "title" : "Usage of Instrument of Neural Networks in Control of Complex Chemical-Technological Processes",
    "year" : 2000,
    "journal" : "International Conference on Enterprise Information Systems",
    "type" : "ARTICLE"
},

{
    "_id" : "577c432c0227c30f5cf44e3a",
    "actualClass" : "skim_989",
    "authors" : [ 
        "Sunghun Kim", 
        "jongsub cha", 
        "joong soo ma"
    ],
    "title" : "Spatial Reuse DCF for Enhancing Throughput and Performance Analysis",
    "year" : 2008,
    "journal" : "Vehicular Technology Conference",
    "type" : "ARTICLE"
},

{
    "_id" : "577c432c0227c30f5cf44e3b",
    "actualClass" : "wwang_1070",
    "authors" : [ 
        "Wei Wang", 
        "jiong yang", 
        "haixun wang", 
        "philip s. yu"
    ],
    "title" : "d-Clusters: Capturing Subspace Correlation in a Large Data Set",
    "year" : 2002,
    "journal" : "International Conference on Data Engineering",
    "type" : "ARTICLE"
},

{
    "_id" : "577c432c0227c30f5cf44e3c",
    "actualClass" : "mgeisler_636",
    "authors" : [ 
        "Martin Geisler", 
        "dagmar dorger"
    ],
    "title" : "Workshop: Impro Theatre",
    "year" : 2008,
    "journal" : "Interactive Digital Storytelling",
    "type" : "ARTICLE"
},

{
    "_id" : "577c432c0227c30f5cf44e3d",
    "actualClass" : "mnguyen_744",
    "authors" : [ 
        "Minh Ngoc Nguyen", 
        "loi sy ho", 
        "jagath c. rajapakse"
    ],
    "title" : "Augmenting HMM with neural network for finding gene structure",
    "year" : 2002,
    "journal" : "International Conference on Control, Automation, Robotics and Vision",
    "type" : "ARTICLE"
},

{
    "_id" : "577c432c0227c30f5cf44e3e",
    "actualClass" : "jzhang_360",
    "authors" : [ 
        "Jian Zhang", 
        "wenhui zhang", 
        "zhuo huang"
    ],
    "title" : "Parallel Execution of Stochastic Search Procedures on Reduced SAT Instances",
    "year" : 2002,
    "journal" : "Pacific Rim International Conference on Artificial Intelligence",
    "type" : "ARTICLE"
},

{
    "_id" : "577c432c0227c30f5cf44e3f",
    "actualClass" : "hwang_288",
    "authors" : [ 
        "Hong Wang", 
        "graham schelle", 
        "jamison d. collins", 
        "ethan schuchman", 
        "perry h. wang", 
        "xiang zou", 
        "gautham n. chinya", 
        "ralf plate", 
        "thorsten mattner", 
        "franz olbrich", 
        "per hammarlund", 
        "ronak singhal", 
        "jim brayton", 
        "sebastian steibl"
    ],
    "title" : "Intel nehalem processor core made FPGA synthesizable",
    "year" : 2010,
    "journal" : "Symposium on Field Programmable Gate Arrays",
    "type" : "ARTICLE"
},

{
    "_id" : "577c432c0227c30f5cf44e40",
    "actualClass" : "pzhang_829",
    "authors" : [ 
        "Ping Zhang", 
        "varaporn saenpholphat"
    ],
    "title" : "Resolving Acyclic Partitions of Graphs",
    "year" : 2004,
    "journal" : "Ars Combinatoria",
    "type" : "ARTICLE"
},

{
    "_id" : "577c432c0227c30f5cf44e41",
    "actualClass" : "blawson_69",
    "authors" : [ 
        "Barry Lawson", 
        "kenneth r. baker", 
        "stephen g. powell", 
        "lynn foster-johnson"
    ],
    "title" : "Comparison of Characteristics and Practices amongst Spreadsheet Users with Different Levels of Experience",
    "year" : 2008,
    "journal" : "Computing Research Repository",
    "type" : "ARTICLE"
},

{
    "_id" : "577c432c0227c30f5cf44e42",
    "actualClass" : "dking_186",
    "authors" : [ 
        "Dave King", 
        "vinod ganapathy", 
        "trent jaeger", 
        "somesh jha"
    ],
    "title" : "Mining Security-Sensitive Operations in Legacy Code Using Concept Analysis",
    "year" : 2007,
    "journal" : "International Conference on Software Engineering",
    "type" : "ARTICLE"
},

{
    "_id" : "577c432c0227c30f5cf44e43",
    "actualClass" : "lwang_540",
    "authors" : [ 
        "Liang Wang"
    ],
    "title" : "Climate modification directed by control theory",
    "year" : 2008,
    "journal" : "Computing Research Repository",
    "type" : "ARTICLE"
},

{
    "_id" : "577c432c0227c30f5cf44e44",
    "actualClass" : "abauer_49",
    "authors" : [ 
        "Andreas Bauer", 
        "edmund coersmeier", 
        "carlos saez", 
        "andreas hotz", 
        "marc hoffman", 
        "martin kosakowski", 
        "yuhuan xu", 
        "felix leder"
    ],
    "title" : "Improving Channel Estimation for Software Radios",
    "year" : 2006,
    "journal" : "IASTED International Multi-Conference on Wireless and Optical Communications",
    "type" : "ARTICLE"
},

{
    "_id" : "577c432c0227c30f5cf44e45",
    "actualClass" : "yzhang_1182",
    "authors" : [ 
        "Yi Zhang", 
        "bhaskar dasgupta", 
        "german andres enciso", 
        "eduardo d. sontag"
    ],
    "title" : "Algorithmic and Complexity Results for Decompositions of Biological Networks into Monotone Subsystems",
    "year" : 2006,
    "journal" : "Biosystems",
    "type" : "ARTICLE"
},

{
    "_id" : "577c432c0227c30f5cf44e46",
    "actualClass" : "yliu_1143",
    "authors" : [ 
        "Yan Liu", 
        "huaiyang li", 
        "chang-sheng xie"
    ],
    "title" : "A New Method of Pefetching I/O Requests",
    "year" : 2007,
    "journal" : "International Conference on Networking",
    "type" : "ARTICLE"
},

{
    "_id" : "577c432c0227c30f5cf44e47",
    "actualClass" : "bfischer_75",
    "authors" : [ 
        "Bernd Fischer", 
        "thomas baar", 
        "dirk fuchs"
    ],
    "title" : "Integrating Deduction Techniques in a Software Reuse Application",
    "year" : 1999,
    "journal" : "Journal of Universal Computer Science",
    "type" : "ARTICLE"
},

{
    "_id" : "577c432c0227c30f5cf44e48",
    "actualClass" : "akumar_39",
    "authors" : [ 
        "Amit Kumar", 
        "li shang", 
        "li-shiuan peh", 
        "niraj k. jha"
    ],
    "title" : "Temperature-Aware On-Chip Networks",
    "year" : 2006,
    "journal" : "IEEE Micro",
    "type" : "ARTICLE"
},

{
    "_id" : "577c432c0227c30f5cf44e49",
    "actualClass" : "rzhang_893",
    "authors" : [ 
        "Rui Zhang", 
        "goichiro hanaoka", 
        "hideki imai"
    ],
    "title" : "On the Security of Cryptosystems with All-or-Nothing Transform",
    "year" : 2004,
    "journal" : "Applied Cryptography and Network Security",
    "type" : "ARTICLE"
},

{
    "_id" : "577c432c0227c30f5cf44e4a",
    "actualClass" : "wwang_1081",
    "authors" : [ 
        "Weiping Wang", 
        "yingli zhong", 
        "longjiang guo"
    ],
    "title" : "Data Streams Join Aggregate Algorithms Based on Compound Sliding Window",
    "year" : 2009,
    "journal" : "Database Technology and Applications",
    "type" : "ARTICLE"
},

{
    "_id" : "577c432c0227c30f5cf44e4b",
    "actualClass" : "pwillett_813",
    "authors" : [ 
        "Peter K. Willett", 
        "chunming han", 
        "biao chen", 
        "douglas abraham"
    ],
    "title" : "A Detection Optimal Min-Max Test for Transient Signals",
    "year" : 1998,
    "journal" : "IEEE Transactions on Information Theory",
    "type" : "ARTICLE"
},

{
    "_id" : "577c432c0227c30f5cf44e4c",
    "actualClass" : "lchen_506",
    "authors" : [ 
        "Lei Chen", 
        "xiang lian"
    ],
    "title" : "A General Cost Model for Dimensionality Reduction in High Dimensional Spaces",
    "year" : 2007,
    "journal" : "International Conference on Data Engineering",
    "type" : "ARTICLE"
},

{
    "_id" : "577c432c0227c30f5cf44e4d",
    "actualClass" : "lchen_506",
    "authors" : [ 
        "Lei Chen", 
        "xiang lian"
    ],
    "title" : "Reverse skyline search in uncertain databases",
    "year" : 2010,
    "journal" : "ACM Transactions on Database Systems",
    "type" : "ARTICLE"
},

{
    "_id" : "577c432c0227c30f5cf44e4e",
    "actualClass" : "wli_1058",
    "authors" : [ 
        "Wei Li", 
        "john ng", 
        "dattatraya kulkarni", 
        "robert cox", 
        "scott bobholz"
    ],
    "title" : "Inter-Procedural Loop Fusion, Array Contraction and Rotation",
    "year" : 2003,
    "journal" : "International Conference on Parallel Architectures and Compilation Techniques",
    "type" : "ARTICLE"
},

{
    "_id" : "577c432c0227c30f5cf44e4f",
    "actualClass" : "yhe_1198",
    "authors" : [ 
        "Ying He", 
        "chi-wing fu", 
        "jiazhi xia"
    ],
    "title" : "LayerPaint: a multi-layer interactive 3D painting interface",
    "year" : 2010,
    "journal" : "Computer Human Interaction",
    "type" : "ARTICLE"
},

{
    "_id" : "577c432c0227c30f5cf44e50",
    "actualClass" : "fwang_237",
    "authors" : [ 
        "Feng Wang", 
        "xiaoxia wu", 
        "yuan xie"
    ],
    "title" : "Variability-driven module selection with joint design time optimization and post-silicon tuning",
    "year" : 2008,
    "journal" : "Asia and South Pacific Design Automation Conference",
    "type" : "ARTICLE"
},

{
    "_id" : "577c432c0227c30f5cf44e51",
    "actualClass" : "lzhang_519",
    "authors" : [ 
        "Lei Zhang", 
        "jian zhou", 
        "li ma", 
        "qiaoling liu", 
        "yong yu", 
        "yue pan"
    ],
    "title" : "Minerva: A Scalable OWL Ontology Storage and Inference System",
    "year" : 2006,
    "journal" : "Asian Semantic Web Conference",
    "type" : "ARTICLE"
},

{
    "_id" : "577c432c0227c30f5cf44e52",
    "actualClass" : "hchen_277",
    "authors" : [ 
        "Hao Chen", 
        "lijun chen", 
        "thomas p. albright", 
        "qinfeng guo"
    ],
    "title" : "Improved Logistic Regression Approach to Predict the Potential Distribution of Invasive Species Using Information Theory and Frequency Statistics",
    "year" : 2006,
    "journal" : "IEEE International Conference on Data Mining",
    "type" : "ARTICLE"
},

{
    "_id" : "577c432c0227c30f5cf44e53",
    "actualClass" : "fdragan_241",
    "authors" : [ 
        "Florin Dragan", 
        "daniel-ioan curiac", 
        "ovidiu banias", 
        "constantin volosencu", 
        "octavian dranga"
    ],
    "title" : "Malicious Node Detection in Wireless Sensor Networks Using an Autoregression Technique",
    "year" : 2007,
    "journal" : "International Conference on Networking and Services",
    "type" : "ARTICLE"
},

{
    "_id" : "577c432c0227c30f5cf44e54",
    "actualClass" : "jzhang_363",
    "authors" : [ 
        "Jian Zhang", 
        "rong jin"
    ],
    "title" : "Multi-Class Learning by Smoothed Boosting",
    "year" : 2007,
    "journal" : "Machine Learning",
    "type" : "ARTICLE"
},

{
    "_id" : "577c432c0227c30f5cf44e55",
    "actualClass" : "tludwig_1011",
    "authors" : [ 
        "Thomas Ludwig", 
        "frank munz", 
        "sibylle ziegler", 
        "p. bartenstein", 
        "markus schwaiger", 
        "arndt bode"
    ],
    "title" : "Kinetic Analysis of Functional Images: The Case for a Practical Approach to Performance Prediction",
    "year" : 1999,
    "journal" : "High Performance Computing",
    "type" : "ARTICLE"
},

{
    "_id" : "577c432c0227c30f5cf44e56",
    "actualClass" : "fli_228",
    "authors" : [ 
        "Feifei Li", 
        "long gao", 
        "shuguang cui"
    ],
    "title" : "A Low-complexity Adaptive Subcarrier, Bit, and Power Allocation Algorithm for OFDMA Systems",
    "year" : 2006,
    "journal" : "Global Telecommunications Conference",
    "type" : "ARTICLE"
},

{
    "_id" : "577c432c0227c30f5cf44e57",
    "actualClass" : "mzhao_734",
    "authors" : [ 
        "Ming Zhao", 
        "cong peng", 
        "qian zhang", 
        "yan yao", 
        "weijia jia"
    ],
    "title" : "On the Performance Analysis of Network-Coded Cooperation in Wireless Networks",
    "year" : 2008,
    "journal" : "IEEE Transactions on Wireless Communications",
    "type" : "ARTICLE"
},

{
    "_id" : "577c432c0227c30f5cf44e58",
    "actualClass" : "hlin_308",
    "authors" : [ 
        "Hui Lin", 
        "yibin zhao"
    ],
    "title" : "Participatory Decision-Making for Ecological Planning",
    "year" : 2002,
    "journal" : "Web Information Systems Engineering",
    "type" : "ARTICLE"
},

{
    "_id" : "577c432c0227c30f5cf44e59",
    "actualClass" : "lwang_536",
    "authors" : [ 
        "Liang Wang", 
        "weiming hu", 
        "tieniu tan"
    ],
    "title" : "A New Attempt to Gait-based Human Identification",
    "year" : 2002,
    "journal" : "International Conference on Pattern Recognition",
    "type" : "ARTICLE"
},

{
    "_id" : "577c432c0227c30f5cf44e5a",
    "actualClass" : "twang_1023",
    "authors" : [ 
        "Tong Wang", 
        "omer shahid ahmad", 
        "faisal alrashdi", 
        "jason jun-duo chen", 
        "najah ilham", 
        "jianhai lu", 
        "yiwei sun", 
        "yongxin zhu"
    ],
    "title" : "Software Design Document, Testing, Deployment and Configuration Management of the UUIS--a Team 2 COMP5541-W10 Project Approach",
    "year" : 2010,
    "journal" : "Computing Research Repository",
    "type" : "ARTICLE"
},

{
    "_id" : "577c432c0227c30f5cf44e5b",
    "actualClass" : "pzhang_828",
    "authors" : [ 
        "Ping Zhang", 
        "jingqun song", 
        "jiantao xue", 
        "zhiyong feng", 
        "zemin liu"
    ],
    "title" : "Optimal Cooperative Spectrum Sensing Strategies in Cognitive Radio Networks",
    "year" : 2010,
    "journal" : "Vehicular Technology Conference",
    "type" : "ARTICLE"
},

{
    "_id" : "577c432c0227c30f5cf44e5c",
    "actualClass" : "wmuller_1097",
    "authors" : [ 
        "Wolfgang Muller", 
        "heidrun schumann"
    ],
    "title" : "Informationsvisualisierung: Methoden und Perspektiven",
    "year" : 2004,
    "journal" : "Information Technology",
    "type" : "ARTICLE"
},

{
    "_id" : "577c432c0227c30f5cf44e5d",
    "actualClass" : "ukuhn_1032",
    "authors" : [ 
        "Ulrich Kuhn", 
        "sebastian wirth"
    ],
    "title" : "Datenschutz bei Windows 2000",
    "year" : 2002,
    "journal" : "Datenschutz Und Datensicherheit",
    "type" : "ARTICLE"
},

{
    "_id" : "577c432c0227c30f5cf44e5e",
    "actualClass" : "dbrown_168",
    "authors" : [ 
        "Daniel G. Brown", 
        "scott e. page", 
        "rick l. riolo", 
        "moira zellner", 
        "william rand"
    ],
    "title" : "Path dependence and the validation of agent-based spatial models of land use",
    "year" : 2005,
    "journal" : "International Journal of Geographical Information Science",
    "type" : "ARTICLE"
},

{
    "_id" : "577c432c0227c30f5cf44e5f",
    "actualClass" : "fyang_223",
    "authors" : [ 
        "Fan Yang", 
        "anand bhaskar", 
        "chavdar botev", 
        "muthiah m. muthaia chettiar", 
        "lin guo", 
        "jayavel shanmugasundaram", 
        "feng shao"
    ],
    "title" : "Quark: an efficient XQuery full-text implementation",
    "year" : 2006,
    "journal" : "International Conference on Management of Data",
    "type" : "ARTICLE"
},

{
    "_id" : "577c432c0227c30f5cf44e60",
    "actualClass" : "lzhang_512",
    "authors" : [ 
        "Lei Zhang", 
        "yanwei pang", 
        "mingjing li", 
        "zhengkai liu", 
        "wei-ying ma"
    ],
    "title" : "A Novel Gabor-LDA Based Face Recognition Method",
    "year" : 2004,
    "journal" : "IEEE Pacific Rim Conference on Multimedia",
    "type" : "ARTICLE"
},

{
    "_id" : "577c432c0227c30f5cf44e61",
    "actualClass" : "wkohler_1093",
    "authors" : [ 
        "Wolfgang Kohler", 
        "claus muckschel", 
        "cornelia weist"
    ],
    "title" : "Central Data Management in Environmental Research Projects - Selected Problems and Solutions",
    "year" : 2008,
    "journal" : "GIL Jahrestagung",
    "type" : "ARTICLE"
},

{
    "_id" : "577c432c0227c30f5cf44e62",
    "actualClass" : "fluo_232",
    "authors" : [ 
        "Feng Luo", 
        "wei zeng", 
        "xiaotian yin", 
        "min zhang", 
        "xianfeng gu"
    ],
    "title" : "Generalized Koebe's method for conformal mapping multiply connected domains",
    "year" : 2009,
    "journal" : "Symposium on Solid Modeling and Applications",
    "type" : "ARTICLE"
},

{
    "_id" : "577c432c0227c30f5cf44e63",
    "actualClass" : "mjiang_741",
    "authors" : [ 
        "Minghui Jiang", 
        "xiaohong wang", 
        "yi shen"
    ],
    "title" : "Existence and Stability of Periodic Solution of Nonautonomous Neural Networks with Delay",
    "year" : 2007,
    "journal" : "International Symposium on Neural Networks",
    "type" : "ARTICLE"
},

{
    "_id" : "577c432c0227c30f5cf44e64",
    "actualClass" : "qma_839",
    "authors" : [ 
        "Qin Ma", 
        "pierre kelsen"
    ],
    "title" : "Domain Hierarchies: A Basic Theoretical Framework for Integrating Software Domains",
    "year" : 2009,
    "journal" : "Theoretical Aspects of Software Engineering",
    "type" : "ARTICLE"
},

{
    "_id" : "577c432c0227c30f5cf44e65",
    "actualClass" : "jmuller_356",
    "authors" : [ 
        "Jens Muller", 
        "jan g. korvink"
    ],
    "title" : "A general purpose adaptivity driver for FE software",
    "year" : 2003,
    "journal" : "Software - Practice and Experience",
    "type" : "ARTICLE"
},

{
    "_id" : "577c432c0227c30f5cf44e66",
    "actualClass" : "tschneider_1020",
    "authors" : [ 
        "Thomas Schneider", 
        "arne meier"
    ],
    "title" : "The Complexity of Satisfiability for Sub-Boolean Fragments of ALC",
    "year" : 2010,
    "journal" : "Computing Research Repository",
    "type" : "ARTICLE"
},

{
    "_id" : "577c432c0227c30f5cf44e67",
    "actualClass" : "fli_229",
    "authors" : [ 
        "Fei-Fei Li", 
        "akash kushal", 
        "mandar rahurkar", 
        "jean ponce", 
        "thomas s. huang"
    ],
    "title" : "Audio-Visual Speaker Localization Using Graphical Models",
    "year" : 2006,
    "journal" : "International Conference on Pattern Recognition",
    "type" : "ARTICLE"
},

{
    "_id" : "577c432c0227c30f5cf44e68",
    "actualClass" : "jyang_460",
    "authors" : [ 
        "Jun Yang", 
        "youtao zhang", 
        "rajiv gupta"
    ],
    "title" : "Frequent value compression in data caches",
    "year" : 2000,
    "journal" : "International Symposium on Microarchitecture",
    "type" : "ARTICLE"
},

{
    "_id" : "577c432c0227c30f5cf44e69",
    "actualClass" : "yzhang_1189",
    "authors" : [ 
        "Yi Zhang", 
        "xiaoping li", 
        "qian wang"
    ],
    "title" : "Hybrid genetic algorithm for permutation flowshop scheduling problems with total flowtime minimization",
    "year" : 2009,
    "journal" : "European Journal of Operational Research",
    "type" : "ARTICLE"
},

{
    "_id" : "577c432c0227c30f5cf44e6a",
    "actualClass" : "mjackson_716",
    "authors" : [ 
        "Mike Jackson", 
        "jerry swan", 
        "suchith anand", 
        "j. mark ware"
    ],
    "title" : "Automated Schematization for Web Service Applications",
    "year" : 2007,
    "journal" : "Web and Wireless Geographical Information Systems",
    "type" : "ARTICLE"
},

{
    "_id" : "577c432c0227c30f5cf44e6b",
    "actualClass" : "jburns_431",
    "authors" : [ 
        "John Burns", 
        "sherif m. yacoub", 
        "xiaofan lin", 
        "steven j. simske"
    ],
    "title" : "Automating the Analysis of Voting Systems",
    "year" : 2003,
    "journal" : "International Symposium on Software Reliability Engineering",
    "type" : "ARTICLE"
},

{
    "_id" : "577c432c0227c30f5cf44e6c",
    "actualClass" : "amuller_55",
    "authors" : [ 
        "Andreas Muller"
    ],
    "title" : "Collision Avoiding Continuation Method for the Inverse Kinematics of Redundant Manipulators",
    "year" : 2004,
    "journal" : "International Conference on Robotics and Automation",
    "type" : "ARTICLE"
},

{
    "_id" : "577c432c0227c30f5cf44e6d",
    "actualClass" : "hlu_302",
    "authors" : [ 
        "Hua Lu", 
        "jesse zhou", 
        "rich golek", 
        "ming zhou"
    ],
    "title" : "Hybrid reliability assessment for packaging prototyping",
    "year" : 2005,
    "journal" : "Microelectronics Reliability",
    "type" : "ARTICLE"
},

{
    "_id" : "577c432c0227c30f5cf44e6e",
    "actualClass" : "jzhang_368",
    "authors" : [ 
        "Jian Zhang", 
        "chaomei chen", 
        "weizhong zhu", 
        "michael s. e. vogeley"
    ],
    "title" : "Delineating the citation impact of scientific discoveries",
    "year" : 2007,
    "journal" : "ACM/IEEE Joint Conference on Digital Libraries",
    "type" : "ARTICLE"
},

{
    "_id" : "577c432c0227c30f5cf44e6f",
    "actualClass" : "qliu_834",
    "authors" : [ 
        "Qiang Liu", 
        "patrick lambrix", 
        "he tan"
    ],
    "title" : "RepOSE: An Environment for Repairing Missing Ontological Structure",
    "year" : 2009,
    "journal" : "Asian Semantic Web Conference",
    "type" : "ARTICLE"
},

{
    "_id" : "577c432c0227c30f5cf44e70",
    "actualClass" : "wzhang_1080",
    "authors" : [ 
        "Wei Zhang", 
        "gregory j. zelinsky", 
        "dimitris samaras"
    ],
    "title" : "Real-time Accurate Object Detection using Multiple Resolutions",
    "year" : 2007,
    "journal" : "International Conference on Computer Vision",
    "type" : "ARTICLE"
},

{
    "_id" : "577c432c0227c30f5cf44e71",
    "actualClass" : "rbischoff_853",
    "authors" : [ 
        "Rainer Bischoff"
    ],
    "title" : "Entwurf und Konstruktion eines anthropomorphen Roboters",
    "year" : 1997,
    "journal" : "Autonome Mobile Systeme",
    "type" : "ARTICLE"
},

{
    "_id" : "577c432c0227c30f5cf44e72",
    "actualClass" : "mmuller_647",
    "authors" : [ 
        "Martin Muller", 
        "akihiro kishimoto"
    ],
    "title" : "About the Completeness of Depth-First Proof-Number Search",
    "year" : 2008,
    "journal" : "Computers and Games",
    "type" : "ARTICLE"
},

{
    "_id" : "577c432c0227c30f5cf44e73",
    "actualClass" : "jreilly_345",
    "authors" : [ 
        "James Reilly", 
        "maurizio abate"
    ],
    "title" : "Scheduled Connections: Managing Temporal Constraints on Broadband Network Resources",
    "year" : 1998,
    "journal" : "Intelligence and Services in Networks",
    "type" : "ARTICLE"
},

{
    "_id" : "577c432c0227c30f5cf44e74",
    "actualClass" : "xzhang_1113",
    "authors" : [ 
        "Xiaolan Zhang", 
        "brian king"
    ],
    "title" : "Securing the Pharmaceutical Supply Chain using RFID",
    "year" : 2007,
    "journal" : "Multimedia and Ubiquitous Engineering",
    "type" : "ARTICLE"
},

{
    "_id" : "577c432c0227c30f5cf44e76",
    "actualClass" : "pzhang_828",
    "authors" : [ 
        "Ping Zhang", 
        "zhang jingmei", 
        "shao chunju", 
        "ying wang"
    ],
    "title" : "Optimal power allocation for multiple-input-multiple-output relaying system",
    "year" : 2004,
    "journal" : "Vehicular Technology Conference",
    "type" : "ARTICLE"
},

{
    "_id" : "577c432c0227c30f5cf44e77",
    "actualClass" : "nzhang_769",
    "authors" : [ 
        "Nan Zhang", 
        "xinwen fu", 
        "aniket pingley", 
        "wei yu", 
        "jie wang", 
        "wei zhao"
    ],
    "title" : "The Digital Marauder's Map: A New Threat to Location Privacy",
    "year" : 2009,
    "journal" : "International Conference on Distributed Computing Systems",
    "type" : "ARTICLE"
},

{
    "_id" : "577c432c0227c30f5cf44e78",
    "actualClass" : "wli_1057",
    "authors" : [ 
        "Wei Li", 
        "raed shatnawi", 
        "huaming zhang"
    ],
    "title" : "Predicting Error Probability in the Eclipse Project",
    "year" : 2006,
    "journal" : "Software Engineering Research and Practice",
    "type" : "ARTICLE"
},

{
    "_id" : "577c432c0227c30f5cf44e79",
    "actualClass" : "rwang_884",
    "authors" : [ 
        "Rui Wang", 
        "kun zhou", 
        "qiming hou", 
        "baining guo"
    ],
    "title" : "Real-time KD-tree construction on graphics hardware",
    "year" : 2008,
    "journal" : "ACM Transactions on Graphics",
    "type" : "ARTICLE"
},

{
    "_id" : "577c432c0227c30f5cf44e7a",
    "actualClass" : "hzhang_279",
    "authors" : [ 
        "Hao Zhang", 
        "ramsay dyer", 
        "torsten moller"
    ],
    "title" : "Voronoi-Delaunay duality and Delaunay meshes",
    "year" : 2007,
    "journal" : "Symposium on Solid Modeling and Applications",
    "type" : "ARTICLE"
},

{
    "_id" : "577c432c0227c30f5cf44e7b",
    "actualClass" : "jyang_460",
    "authors" : [ 
        "Jun Yang", 
        "xiuyi zhou", 
        "yi xu", 
        "youtao zhang", 
        "jianhua zhao"
    ],
    "title" : "Thermal-Aware Task Scheduling for 3D Multicore Processors",
    "year" : 2010,
    "journal" : "IEEE Transactions on Parallel and Distributed Systems",
    "type" : "ARTICLE"
},

{
    "_id" : "577c432c0227c30f5cf44e7c",
    "actualClass" : "kchen_487",
    "authors" : [ 
        "Ke Chen"
    ],
    "title" : "Erratum to \"\"Adaptive Smoothing via Contextual and Local Discontinuities",
    "year" : 2008,
    "journal" : "IEEE Transactions on Pattern Analysis and Machine Intelligence",
    "type" : "ARTICLE"
},

{
    "_id" : "577c432c0227c30f5cf44e7d",
    "actualClass" : "hwang_286",
    "authors" : [ 
        "Hong Wang", 
        "jianhua zhang"
    ],
    "title" : "A minimized zero mean entropy approach to networked control systems",
    "year" : 2009,
    "journal" : "Conference on Decision and Control",
    "type" : "ARTICLE"
},

{
    "_id" : "577c432c0227c30f5cf44e7e",
    "actualClass" : "txie_1003",
    "authors" : [ 
        "Tao Xie", 
        "yao sun"
    ],
    "title" : "Dynamic Data Reallocation in Hybrid Disk Arrays",
    "year" : 2010,
    "journal" : "IEEE Transactions on Parallel and Distributed Systems",
    "type" : "ARTICLE"
},

{
    "_id" : "577c432c0227c30f5cf44e7f",
    "actualClass" : "pbecker_810",
    "authors" : [ 
        "Peter Becker", 
        "richard j. cole ii"
    ],
    "title" : "Agreement Contexts in Formal Concept Analysis",
    "year" : 2004,
    "journal" : "International Conference on Formal Concept Analysis",
    "type" : "ARTICLE"
},

{
    "_id" : "577c432c0227c30f5cf44e80",
    "actualClass" : "jwang_409",
    "authors" : [ 
        "Jing Wang", 
        "yueguang bian", 
        "youzheng wang"
    ],
    "title" : "An Improved Decoding Algorithm for Finite-Geometry LDPC Codes",
    "year" : 2007,
    "journal" : "Ieice Transactions",
    "type" : "ARTICLE"
},

{
    "_id" : "577c432c0227c30f5cf44e81",
    "actualClass" : "dhsu_169",
    "authors" : [ 
        "Daniel Hsu", 
        "shardrom johnson"
    ],
    "title" : "A Vibrating Method Based Cluster Reducing Strategy",
    "year" : 2008,
    "journal" : "Fuzzy Systems and Knowledge Discovery",
    "type" : "ARTICLE"
},

{
    "_id" : "577c432c0227c30f5cf44e82",
    "actualClass" : "qxu_845",
    "authors" : [ 
        "Qing Xu", 
        "chaozhen lan", 
        "jiansheng li", 
        "yang zhou"
    ],
    "title" : "A Virtual Space Environment Simulation System",
    "year" : 2007,
    "journal" : "Human-Computer Interaction",
    "type" : "ARTICLE"
},

{
    "_id" : "577c432c0227c30f5cf44e83",
    "actualClass" : "gliu_271",
    "authors" : [ 
        "Guoping Liu", 
        "r. j. patton"
    ],
    "title" : "Robust eigenstructure assignment for descriptor systems",
    "year" : 1998,
    "journal" : "International Journal of Systems Science",
    "type" : "ARTICLE"
},

{
    "_id" : "577c432c0227c30f5cf44e84",
    "actualClass" : "rwang_892",
    "authors" : [ 
        "Rui Wang", 
        "xin zhang", 
        "ran duan", 
        "chen fan", 
        "dacheng yang"
    ],
    "title" : "On the Performance of Three Kinds of Channel Code Used in Turbo-BLAST",
    "year" : 2006,
    "journal" : "Vehicular Technology Conference",
    "type" : "ARTICLE"
},

{
    "_id" : "577c432c0227c30f5cf44e85",
    "actualClass" : "bwang_101",
    "authors" : [ 
        "Bo Wang", 
        "tulay adali"
    ],
    "title" : "A frequency-domain training approach for equalization and noise suppression in discrete multitone systems",
    "year" : 2004,
    "journal" : "Signal Processing",
    "type" : "ARTICLE"
},

{
    "_id" : "577c432c0227c30f5cf44e86",
    "actualClass" : "lzhang_512",
    "authors" : [ 
        "Lei Zhang", 
        "shuo wang", 
        "feng jing", 
        "jibo he", 
        "qixing du"
    ],
    "title" : "IGroup: presenting web image search results in semantic clusters",
    "year" : 2007,
    "journal" : "Computer Human Interaction",
    "type" : "ARTICLE"
},

{
    "_id" : "577c432c0227c30f5cf44e87",
    "actualClass" : "wwang_1083",
    "authors" : [ 
        "Weiping Wang", 
        "yu sheng"
    ],
    "title" : "Design and Implementation of Compression Algorithm Comparator for Digital Image Processing Based on Component",
    "year" : 2008,
    "journal" : "International Conference for Young Computer Scientists",
    "type" : "ARTICLE"
},

{
    "_id" : "577c432c0227c30f5cf44e88",
    "actualClass" : "wwang_1072",
    "authors" : [ 
        "Wei Wang", 
        "xiaohong guan", 
        "xiangliang zhang"
    ],
    "title" : "Processing of massive audit data streams for real-time anomaly intrusion detection",
    "year" : 2008,
    "journal" : "Computer Communications",
    "type" : "ARTICLE"
},

{
    "_id" : "577c432c0227c30f5cf44e89",
    "actualClass" : "jzhang_360",
    "authors" : [ 
        "Jian Zhang", 
        "hantao zhang"
    ],
    "title" : "Extending Finite Model Searching with Congruence Closure Computation",
    "year" : 2004,
    "journal" : "Artificial Intelligence and Symbolic Computation",
    "type" : "ARTICLE"
},

{
    "_id" : "577c432c0227c30f5cf44e8a",
    "actualClass" : "xliu_1115",
    "authors" : [ 
        "Xiaoming Liu", 
        "ting yu"
    ],
    "title" : "Gradient Feature Selection for Online Boosting",
    "year" : 2007,
    "journal" : "International Conference on Computer Vision",
    "type" : "ARTICLE"
},

{
    "_id" : "577c432c0227c30f5cf44e8b",
    "actualClass" : "pzhang_828",
    "authors" : [ 
        "Ping Zhang", 
        "xiaodong xu", 
        "xiaofeng tao", 
        "chunli wu"
    ],
    "title" : "Group Cell Architecture for Future Mobile Communication System",
    "year" : 2006,
    "journal" : "International Conference on Networking",
    "type" : "ARTICLE"
},

{
    "_id" : "577c432c0227c30f5cf44e8c",
    "actualClass" : "wding_1042",
    "authors" : [ 
        "Wei Ding", 
        "chunhua tian", 
        "feng li", 
        "rongzeng cao"
    ],
    "title" : "Service capacity allocation and pricing",
    "year" : 2008,
    "journal" : "IEEE/IFIP Network Operations and Management Symposium",
    "type" : "ARTICLE"
},

{
    "_id" : "577c432c0227c30f5cf44e8d",
    "actualClass" : "bzeng_86",
    "authors" : [ 
        "Bin Zeng", 
        "jun wei", 
        "tao hu"
    ],
    "title" : "Optimal Cluster-Cluster Design for Sensor Network with Guaranteed Capacity and Fault Tolerance",
    "year" : 2007,
    "journal" : "Software Engineering, Artificial Intelligence, Networking and Parallel/Distributed Computing",
    "type" : "ARTICLE"
},

{
    "_id" : "577c432c0227c30f5cf44e8e",
    "actualClass" : "hwang_288",
    "authors" : [ 
        "Hong Wang", 
        "dongkeun kim", 
        "steve shih-wei liao", 
        "perry h. wang", 
        "juan del cuvillo", 
        "xinmin tian", 
        "xiang zou", 
        "donald yeung", 
        "milind girkar", 
        "john paul shen"
    ],
    "title" : "Physical Experimentation with Prefetching Helper Threads on Intel's Hyper-Threaded Processors",
    "year" : 2004,
    "journal" : "Symposium on Code Generation and Optimization",
    "type" : "ARTICLE"
},

{
    "_id" : "577c432c0227c30f5cf44e8f",
    "actualClass" : "fgrandoni_222",
    "authors" : [ 
        "Fabrizio Grandoni", 
        "paolo corsini", 
        "graziano frosini", 
        "g. galatia", 
        "m. la manna"
    ],
    "title" : "The Serial Microprocessor Array (SMA): Microprogramming and application examples",
    "year" : 1978,
    "journal" : "International Symposium on Computer Architecture",
    "type" : "ARTICLE"
},

{
    "_id" : "577c432c0227c30f5cf44e90",
    "actualClass" : "sfischer_952",
    "authors" : [ 
        "Simon Fischer", 
        "willi meier", 
        "come berbain", 
        "jean-francois biasse", 
        "matthew j. b. robshaw"
    ],
    "title" : "Non-randomness in eSTREAM Candidates Salsa20 and TSC-4",
    "year" : 2006,
    "journal" : "INDOCRYPT",
    "type" : "ARTICLE"
},

{
    "_id" : "577c432c0227c30f5cf44e91",
    "actualClass" : "ywang_1147",
    "authors" : [ 
        "Yan Wang", 
        "lei li", 
        "vijay varadharajan"
    ],
    "title" : "Fuzzy Regression Based Trust Prediction in Service-Oriented Applications",
    "year" : 2009,
    "journal" : "Autonomic and Trusted Computing",
    "type" : "ARTICLE"
},

{
    "_id" : "577c432c0227c30f5cf44e92",
    "actualClass" : "lxiao_544",
    "authors" : [ 
        "Liang Xiao", 
        "des greer"
    ],
    "title" : "Modelling Agent Knowledge with Business Rules",
    "year" : 2005,
    "journal" : "Software Engineering and Knowledge Engineering",
    "type" : "ARTICLE"
},

{
    "_id" : "577c432c0227c30f5cf44e93",
    "actualClass" : "agoyal_37",
    "authors" : [ 
        "Amit Goyal", 
        "francesco bonchi", 
        "laks v. s. lakshmanan"
    ],
    "title" : "Learning influence probabilities in social networks",
    "year" : 2010,
    "journal" : "Web Search and Data Mining",
    "type" : "ARTICLE"
},

{
    "_id" : "577c432c0227c30f5cf44e94",
    "actualClass" : "wzhang_1080",
    "authors" : [ 
        "Wei Zhang", 
        "jie s. hu", 
        "vijay degalahal", 
        "mahmut t. kandemir", 
        "narayanan vijaykrishnan", 
        "mary jane irwin"
    ],
    "title" : "Reducing instruction cache energy consumption using a compiler-based strategy",
    "year" : 2004,
    "journal" : "ACM Transactions on Architecture and Code Optimization",
    "type" : "ARTICLE"
},

{
    "_id" : "577c432c0227c30f5cf44e95",
    "actualClass" : "yliu_1135",
    "authors" : [ 
        "Yan Liu", 
        "jaime g. carbonell", 
        "judith klein-seetharaman", 
        "vanathi gopalakrishnan"
    ],
    "title" : "Context sensitive vocabulary and its application in protein secondary structure prediction",
    "year" : 2004,
    "journal" : "Research and Development in Information Retrieval",
    "type" : "ARTICLE"
},

{
    "_id" : "577c432c0227c30f5cf44e96",
    "actualClass" : "qyang_835",
    "authors" : [ 
        "Qiang Yang", 
        "ming-qing zhao", 
        "de-zhi gao"
    ],
    "title" : "Axiomatic Definition of Knowledge Granularity and Its Constructive Method",
    "year" : 2008,
    "journal" : "Rough Sets and Knowledge Technology",
    "type" : "ARTICLE"
},

{
    "_id" : "577c432c0227c30f5cf44e97",
    "actualClass" : "she_940",
    "authors" : [ 
        "Shan He", 
        "min wu"
    ],
    "title" : "Collusion-Resistant Video Fingerprinting for Large User Group",
    "year" : 2007,
    "journal" : "IEEE Transactions on Information Forensics and Security",
    "type" : "ARTICLE"
},

{
    "_id" : "577c432c0227c30f5cf44e98",
    "actualClass" : "yliu_1138",
    "authors" : [ 
        "Yan Liu", 
        "dong zheng", 
        "jiying zhao"
    ],
    "title" : "RST invariant digital image watermarking based on a new phase-only filtering method",
    "year" : 2005,
    "journal" : "Signal Processing",
    "type" : "ARTICLE"
},

{
    "_id" : "577c432c0227c30f5cf44e99",
    "actualClass" : "abirk_51",
    "authors" : [ 
        "Andreas Birk", 
        "julie wiernik"
    ],
    "title" : "An N-player prisoner's dilemma in a robotic ecosystem",
    "year" : 2002,
    "journal" : "Robotics and Autonomous Systems",
    "type" : "ARTICLE"
},

{
    "_id" : "577c432c0227c30f5cf44e9a",
    "actualClass" : "lzhang_519",
    "authors" : [ 
        "Lei Zhang", 
        "xian wu", 
        "yong yu"
    ],
    "title" : "Exploring social annotations for the semantic web",
    "year" : 2006,
    "journal" : "World Wide Web Conference Series",
    "type" : "ARTICLE"
},

{
    "_id" : "577c432c0227c30f5cf44e9b",
    "actualClass" : "aheuer_52",
    "authors" : [ 
        "Andreas Heuer", 
        "uwe roth", 
        "ernst georg haffner", 
        "christoph meinel"
    ],
    "title" : "A Search-Engine-Topologie to Improve Document Retrieval on the Web",
    "year" : 2000,
    "journal" : "World Conference on the WWW and Internet",
    "type" : "ARTICLE"
},

{
    "_id" : "577c432c0227c30f5cf44e9c",
    "actualClass" : "smuller_972",
    "authors" : [ 
        "Stefan Muller"
    ],
    "title" : "Yet Another Paper about Partial Verb Phrase Fronting in German",
    "year" : 1996,
    "journal" : "Computing Research Repository",
    "type" : "ARTICLE"
},

{
    "_id" : "577c432c0227c30f5cf44e9d",
    "actualClass" : "wzhang_1080",
    "authors" : [ 
        "Wei Zhang", 
        "bramha allu"
    ],
    "title" : "Reducing Instruction Translation Look-Aside Buffer Energy Through Compiler-Directed Resizing",
    "year" : 2006,
    "journal" : "Journal of Low Power Electronics",
    "type" : "ARTICLE"
},

{
    "_id" : "577c432c0227c30f5cf44e9e",
    "actualClass" : "she_940",
    "authors" : [ 
        "Shan He", 
        "avinash l. varna", 
        "ashwin swaminathan", 
        "min wu"
    ],
    "title" : "Analysis of Nonlinear Collusion Attacks on Fingerprinting Systems for Compressed Multimedia",
    "year" : 2007,
    "journal" : "International Conference on Image Processing",
    "type" : "ARTICLE"
},

{
    "_id" : "577c432c0227c30f5cf44e9f",
    "actualClass" : "lantunes_593",
    "authors" : [ 
        "Luis Antunes", 
        "lance fortnow", 
        "n. v. vinodchandran"
    ],
    "title" : "Using Depth to Capture Average-Case Complexity",
    "year" : 2003,
    "journal" : "Fundamentals of Computation Theory",
    "type" : "ARTICLE"
},

{
    "_id" : "577c432c0227c30f5cf44ea0",
    "actualClass" : "wwang_1069",
    "authors" : [ 
        "Wei Wang", 
        "chen lin", 
        "jiang-ming yang", 
        "rui cai", 
        "xin-jing wang", 
        "lei zhang"
    ],
    "title" : "Modeling semantics and structure of discussion threads",
    "year" : 2009,
    "journal" : "World Wide Web Conference Series",
    "type" : "ARTICLE"
},

{
    "_id" : "577c432c0227c30f5cf44ea1",
    "actualClass" : "qnguyen_850",
    "authors" : [ 
        "Quang Huy Nguyen"
    ],
    "title" : "Compact Normalisation Trace via Lazy Rewriting",
    "year" : 2001,
    "journal" : "Theoretical Computer Science",
    "type" : "ARTICLE"
},

{
    "_id" : "577c432c0227c30f5cf44ea2",
    "actualClass" : "fcheng_230",
    "authors" : [ 
        "Feng Cheng", 
        "thanh-dien tran", 
        "sebastian roschke", 
        "christoph meinel"
    ],
    "title" : "A Specialized Tool for Simulating LockKeeper Data Transfer",
    "year" : 2010,
    "journal" : "Advanced Information Networking and Applications",
    "type" : "ARTICLE"
},

{
    "_id" : "577c432c0227c30f5cf44ea3",
    "actualClass" : "yzhang_1188",
    "authors" : [ 
        "Yi Zhang", 
        "michael hrusak", 
        "juris steprans"
    ],
    "title" : "Confinitary Groups, Almost Disjoint and Dominating Families",
    "year" : 2001,
    "journal" : "Journal of Symbolic Logic",
    "type" : "ARTICLE"
},

{
    "_id" : "577c432c0227c30f5cf44ea4",
    "actualClass" : "she_939",
    "authors" : [ 
        "Shan He", 
        "xiaoli li"
    ],
    "title" : "Application of a group search optimization based Artificial Neural Network to machine condition monitoring",
    "year" : 2008,
    "journal" : "Emerging Technologies and Factory Automation",
    "type" : "ARTICLE"
},

{
    "_id" : "577c432c0227c30f5cf44ea5",
    "actualClass" : "ptaylor_799",
    "authors" : [ 
        "Paul Taylor"
    ],
    "title" : "Quantitative Domains, Groupoids and Linear Logic",
    "year" : 1989,
    "journal" : "Category Theory and Computer Science",
    "type" : "ARTICLE"
},

{
    "_id" : "577c432c0227c30f5cf44ea6",
    "actualClass" : "yqi_1146",
    "authors" : [ 
        "Yan Qi", 
        "jianbo gao", 
        "yinhe cao", 
        "jing hu"
    ],
    "title" : "Building Innovative Representations of DNA Sequences to Facilitate Gene Finding",
    "year" : 2005,
    "journal" : "IEEE Expert / IEEE Intelligent Systems",
    "type" : "ARTICLE"
},

{
    "_id" : "577c432c0227c30f5cf44ea7",
    "actualClass" : "kxu_475",
    "authors" : [ 
        "Kai Xu", 
        "donglin liang"
    ],
    "title" : "Test-Driven Component Integration with UML 2.0 Testing and Monitoring Profile",
    "year" : 2007,
    "journal" : "International Conference on Quality Software",
    "type" : "ARTICLE"
},

{
    "_id" : "577c432c0227c30f5cf44ea8",
    "actualClass" : "lzhang_512",
    "authors" : [ 
        "Lei Zhang", 
        "changhu wang", 
        "hongjiang zhang"
    ],
    "title" : "Graph-based multiple-instance learning for object-based image retrieval",
    "year" : 2008,
    "journal" : "Multimedia Information Retrieval",
    "type" : "ARTICLE"
},

{
    "_id" : "577c432c0227c30f5cf44ea9",
    "actualClass" : "fluo_232",
    "authors" : [ 
        "Feng Luo", 
        "miao jin", 
        "shing-tung yau", 
        "xianfeng gu"
    ],
    "title" : "Computing geodesic spectra of surfaces",
    "year" : 2007,
    "journal" : "Symposium on Solid Modeling and Applications",
    "type" : "ARTICLE"
},

{
    "_id" : "577c432c0227c30f5cf44eaa",
    "actualClass" : "wwang_1075",
    "authors" : [ 
        "Wei Wang", 
        "dongming peng", 
        "honggang wang", 
        "hamid sharif", 
        "hsiao-hwa chen"
    ],
    "title" : "Taming Underlying Design for Energy Efficient Distributed Source Coding in Multirate Wireless Sensor Network",
    "year" : 2007,
    "journal" : "Vehicular Technology Conference",
    "type" : "ARTICLE"
},

{
    "_id" : "577c432c0227c30f5cf44eab",
    "actualClass" : "pzhang_829",
    "authors" : [ 
        "Ping Zhang", 
        "gary chartrand", 
        "frank harary"
    ],
    "title" : "On the Hall Number of a Graph",
    "year" : 2000,
    "journal" : "Ars Combinatoria",
    "type" : "ARTICLE"
},

{
    "_id" : "577c432c0227c30f5cf44eac",
    "actualClass" : "tludwig_1013",
    "authors" : [ 
        "Thomas Ludwig"
    ],
    "title" : "Editorial for the ISC'10 Scientific Sessions Proceedings",
    "year" : 2010,
    "journal" : "Informatik - Forschung Und Entwicklung",
    "type" : "ARTICLE"
},

{
    "_id" : "577c432c0227c30f5cf44ead",
    "actualClass" : "skramer_954",
    "authors" : [ 
        "Simon Kramer", 
        "lars bauer", 
        "muhammad shafique", 
        "jorg henkel"
    ],
    "title" : "RISPP: Rotating Instruction Set Processing Platform",
    "year" : 2007,
    "journal" : "Design Automation Conference",
    "type" : "ARTICLE"
},

{
    "_id" : "577c432c0227c30f5cf44eaf",
    "actualClass" : "dschmidt_174",
    "authors" : [ 
        "Daniel Schmidt", 
        "dietmar fey"
    ],
    "title" : "Marching-pixels: a new organic computing paradigm for smart sensor processor arrays",
    "year" : 2005,
    "journal" : "Conference On Computing Frontiers",
    "type" : "ARTICLE"
},

{
    "_id" : "577c432c0227c30f5cf44eb0",
    "actualClass" : "hzhang_314",
    "authors" : [ 
        "Hui Zhang", 
        "suyash p. awate", 
        "tony j. simon", 
        "james c. gee"
    ],
    "title" : "Multivariate segmentation of brain tissues by fusion of MRI and DTI data",
    "year" : 2008,
    "journal" : "IEEE International Symposium on Biomedical Imaging",
    "type" : "ARTICLE"
},

{
    "_id" : "577c432c0227c30f5cf44eb1",
    "actualClass" : "ntaylor_779",
    "authors" : [ 
        "Nick Taylor", 
        "keith cheverst"
    ],
    "title" : "Social interaction around a rural community photo display",
    "year" : 2009,
    "journal" : "International Journal of Human-computer Studies / International Journal of Man-machine Studies",
    "type" : "ARTICLE"
},

{
    "_id" : "577c432c0227c30f5cf44eb2",
    "actualClass" : "jwang_409",
    "authors" : [ 
        "Jing Wang", 
        "min huang", 
        "limin xiao", 
        "yunzhou li", 
        "shidong zhou"
    ],
    "title" : "Per-Layer Optimization in Multiuser MIMO Systems with Tomlinson-Harashima Precoding",
    "year" : 2007,
    "journal" : "Ieice Transactions",
    "type" : "ARTICLE"
},

{
    "_id" : "577c432c0227c30f5cf44eb3",
    "actualClass" : "lzhang_521",
    "authors" : [ 
        "Lei Zhang", 
        "bo qin", 
        "qianhong wu", 
        "futai zhang"
    ],
    "title" : "Efficient many-to-one authentication with certificateless aggregate signatures",
    "year" : 2010,
    "journal" : "Computer Networks and Isdn Systems",
    "type" : "ARTICLE"
},

{
    "_id" : "577c432c0227c30f5cf44eb4",
    "actualClass" : "yliu_1135",
    "authors" : [ 
        "Yan Liu", 
        "rayid ghani", 
        "katharina probst", 
        "marko krema", 
        "andrew e. fano"
    ],
    "title" : "Text mining for product attribute extraction",
    "year" : 2006,
    "journal" : "Sigkdd Explorations",
    "type" : "ARTICLE"
},

{
    "_id" : "577c432c0227c30f5cf44eb5",
    "actualClass" : "sschulte_975",
    "authors" : [ 
        "Stefan Schulte", 
        "rainer berbner", 
        "ralf steinmetz", 
        "mathias uslar"
    ],
    "title" : "Implementing and Evaluating the Common Information Model in a Relational and RDF-based Database",
    "year" : 2007,
    "journal" : "Information Technologies in Environmental Engineering",
    "type" : "ARTICLE"
},

{
    "_id" : "577c432c0227c30f5cf44eb6",
    "actualClass" : "mtan_721",
    "authors" : [ 
        "Min Tan", 
        "howard jay siegel"
    ],
    "title" : "A stochastic model of a dedicated heterogeneous computing system for establishing a greedy approach to developing data relocation heuristics",
    "year" : 1997,
    "journal" : "Heterogeneous Computing Workshop",
    "type" : "ARTICLE"
},

{
    "_id" : "577c432c0227c30f5cf44eb7",
    "actualClass" : "jyang_460",
    "authors" : [ 
        "Jun Yang", 
        "lan gao", 
        "youtao zhang"
    ],
    "title" : "Improving Memory Encryption Performance in Secure Processors",
    "year" : 2005,
    "journal" : "IEEE Transactions on Computers",
    "type" : "ARTICLE"
},

{
    "_id" : "577c432c0227c30f5cf44eb8",
    "actualClass" : "wwang_1069",
    "authors" : [ 
        "Wei Wang", 
        "peng wang", 
        "haixun wang", 
        "xiaochen wu", 
        "baile shi"
    ],
    "title" : "On Reducing Classifier Granularity in Mining Concept-Drifting Data Streams",
    "year" : 2005,
    "journal" : "IEEE International Conference on Data Mining",
    "type" : "ARTICLE"
},

{
    "_id" : "577c432c0227c30f5cf44eb9",
    "actualClass" : "lchen_506",
    "authors" : [ 
        "Lei Chen", 
        "reynold cheng", 
        "jinchuan chen", 
        "xike xie"
    ],
    "title" : "Evaluating probability threshold k-nearest-neighbor queries over uncertain data",
    "year" : 2009,
    "journal" : "Extending Database Technology",
    "type" : "ARTICLE"
},

{
    "_id" : "577c432c0227c30f5cf44eba",
    "actualClass" : "mschroder_707",
    "authors" : [ 
        "Michael Schroder", 
        "clement fredembach", 
        "sabine susstrunk"
    ],
    "title" : "Eigenregions for Image Classification",
    "year" : 2004,
    "journal" : "IEEE Transactions on Pattern Analysis and Machine Intelligence",
    "type" : "ARTICLE"
},

{
    "_id" : "577c432c0227c30f5cf44ebb",
    "actualClass" : "kchen_491",
    "authors" : [ 
        "Ke Chen", 
        "gang chen", 
        "tianlei hu", 
        "jinxiang dong"
    ],
    "title" : "Watermarking Abstract Tree-Structured Data",
    "year" : 2005,
    "journal" : "Web-Age Information Management",
    "type" : "ARTICLE"
},

{
    "_id" : "577c432c0227c30f5cf44ebc",
    "actualClass" : "kwalczak_500",
    "authors" : [ 
        "Krzysztof Walczak"
    ],
    "title" : "Image Retrieval Using Spatial Color Information",
    "year" : 2001,
    "journal" : "Computer Analysis of Images and Patterns",
    "type" : "ARTICLE"
},

{
    "_id" : "577c432c0227c30f5cf44ebd",
    "actualClass" : "ddas_208",
    "authors" : [ 
        "Dipankar Das", 
        "p. p. chakrabarti", 
        "rajeev kumar"
    ],
    "title" : "Scenario-based timing verification of multiprocessor embedded applications",
    "year" : 2009,
    "journal" : "ACM Transactions on Design Automation of Electronic Systems",
    "type" : "ARTICLE"
},

{
    "_id" : "577c432c0227c30f5cf44ebe",
    "actualClass" : "mjager_628",
    "authors" : [ 
        "Markus Jager", 
        "nicolas debernardi", 
        "jean-christophe laneri", 
        "malek sraj", 
        "pietro lungaro"
    ],
    "title" : "Service Provisioning and Terminal Cooperation in User-Deployed Networks",
    "year" : 2006,
    "journal" : "IEEE International Symposium on Personal, Indoor and Mobile Radio Communications",
    "type" : "ARTICLE"
},

{
    "_id" : "577c432c0227c30f5cf44ebf",
    "actualClass" : "jsun_443",
    "authors" : [ 
        "Jun Sun", 
        "jin song dong", 
        "yuzhang feng", 
        "yuan-fang li"
    ],
    "title" : "A Tools Environment for Developing and Reasoning about Ontologies",
    "year" : 2005,
    "journal" : "Asia-Pacific Software Engineering Conference",
    "type" : "ARTICLE"
},

{
    "_id" : "577c432c0227c30f5cf44ec0",
    "actualClass" : "hishikawa_284",
    "authors" : [ 
        "Hiroshi Ishikawa", 
        "davi geiger"
    ],
    "title" : "Occlusions, Discontinuities, and Epipolar Lines in Stereo",
    "year" : 1998,
    "journal" : "European Conference on Computer Vision",
    "type" : "ARTICLE"
},

{
    "_id" : "577c432c0227c30f5cf44ec1",
    "actualClass" : "lzhang_517",
    "authors" : [ 
        "Lei Zhang", 
        "jifeng ning", 
        "david zhang", 
        "chengke wu"
    ],
    "title" : "Robust Object Tracking Using Joint Color-Texture Histogram",
    "year" : 2009,
    "journal" : "International Journal of Pattern Recognition and Artificial Intelligence",
    "type" : "ARTICLE"
},

{
    "_id" : "577c432c0227c30f5cf44ec2",
    "actualClass" : "clong_117",
    "authors" : [ 
        "Carol A. Long", 
        "sue p. reehm", 
        "mary ito dennison"
    ],
    "title" : "Developing technological and content knowledge through publishing web pages",
    "year" : 1996,
    "journal" : "World Conference on the WWW and Internet",
    "type" : "ARTICLE"
},

{
    "_id" : "577c432c0227c30f5cf44ec3",
    "actualClass" : "abauer_47",
    "authors" : [ 
        "Andreas Bauer", 
        "martin leucker", 
        "jonathan streit"
    ],
    "title" : "SALT - Structured Assertion Language for Temporal Logic",
    "year" : 2006,
    "journal" : "IEEE International Conference on Formal Engineering Methods",
    "type" : "ARTICLE"
},

{
    "_id" : "577c432c0227c30f5cf44ec4",
    "actualClass" : "gwilliams_260",
    "authors" : [ 
        "Gregory Williams", 
        "garrett kaminski", 
        "paul ammann"
    ],
    "title" : "Reconciling perspectives of software logic testing",
    "year" : 2008,
    "journal" : "Software Testing, Verification & Reliability",
    "type" : "ARTICLE"
},

{
    "_id" : "577c432c0227c30f5cf44ec5",
    "actualClass" : "yzhang_1196",
    "authors" : [ 
        "Yi Zhang", 
        "xiaoli liu", 
        "weinong wang"
    ],
    "title" : "Policy Lifecycle Model for Systems Management",
    "year" : 2005,
    "journal" : "It Professional",
    "type" : "ARTICLE"
},

{
    "_id" : "577c432c0227c30f5cf44ec6",
    "actualClass" : "abirk_51",
    "authors" : [ 
        "Andreas Birk", 
        "heiko bulow"
    ],
    "title" : "Fast and robust photomapping with an Unmanned Aerial Vehicle (UAV)",
    "year" : 2009,
    "journal" : "International Conference on Intelligent RObots and Systems - IROS",
    "type" : "ARTICLE"
},

{
    "_id" : "577c432c0227c30f5cf44ec7",
    "actualClass" : "lzhang_591",
    "authors" : [ 
        "Lu Zhang", 
        "lin yang", 
        "jin liu"
    ],
    "title" : "Low-Complexity Time Domain PAPR Mitigation by Amplitude Modification for OFDM Systems",
    "year" : 2010,
    "journal" : "Vehicular Technology Conference",
    "type" : "ARTICLE"
},

{
    "_id" : "577c432c0227c30f5cf44ec8",
    "actualClass" : "mzhao_735",
    "authors" : [ 
        "Ming Zhao", 
        "renato j. o. figueiredo"
    ],
    "title" : "A user-level secure grid file system",
    "year" : 2007,
    "journal" : "Supercomputing Conference",
    "type" : "ARTICLE"
},

{
    "_id" : "577c432c0227c30f5cf44ec9",
    "actualClass" : "jwagner_325",
    "authors" : [ 
        "Jorg Wagner", 
        "armin jahanpanah", 
        "jesper larsson traff"
    ],
    "title" : "User-Land Work Stealing Schedulers: Towards a Standard",
    "year" : 2008,
    "journal" : "International Conference on Complex, Intelligent and Software Intensive Systems",
    "type" : "ARTICLE"
},

{
    "_id" : "577c432c0227c30f5cf44eca",
    "actualClass" : "dzhang_181",
    "authors" : [ 
        "Dapeng Zhang", 
        "bernhard nebel"
    ],
    "title" : "Learning a Table Soccer Robot a New Action Sequence by Observing and Imitating",
    "year" : 2007,
    "journal" : "Artificial Intelligence and Interactive Digital Entertainment Conference",
    "type" : "ARTICLE"
},

{
    "_id" : "577c432c0227c30f5cf44ecb",
    "actualClass" : "lwang_536",
    "authors" : [ 
        "Liang Wang", 
        "christopher leckie", 
        "kotagiri ramamohanarao"
    ],
    "title" : "Combining Real and Virtual Graphs to Enhance Data Clustering",
    "year" : 2010,
    "journal" : "International Conference on Pattern Recognition",
    "type" : "ARTICLE"
},

{
    "_id" : "577c432c0227c30f5cf44ecc",
    "actualClass" : "jyang_464",
    "authors" : [ 
        "Jun Yang", 
        "xin chen", 
        "longxing shi"
    ],
    "title" : "A Novel Fast-Lock-in Digitally Controlled Phase-Locked Loop",
    "year" : 2008,
    "journal" : "Ieice Transactions",
    "type" : "ARTICLE"
},

{
    "_id" : "577c432c0227c30f5cf44ecd",
    "actualClass" : "jyang_457",
    "authors" : [ 
        "Jun Yang", 
        "paul g. flikkema", 
        "pankaj k. agarwal", 
        "james s. clark", 
        "carla schlatter ellis", 
        "alan gelfand", 
        "kamesh munagala"
    ],
    "title" : "Model-Driven Dynamic Control of Embedded Wireless Sensor Networks",
    "year" : 2006,
    "journal" : "International Conference on Computational Science",
    "type" : "ARTICLE"
},

{
    "_id" : "577c432c0227c30f5cf44ece",
    "actualClass" : "jyang_460",
    "authors" : [ 
        "Jun Yang", 
        "pu liu", 
        "hang li", 
        "lingling jin", 
        "wei wu", 
        "sheldon x.-d. tan"
    ],
    "title" : "Fast Thermal Simulation for Runtime Temperature Tracking and Management",
    "year" : 2006,
    "journal" : "IEEE Transactions on Computer-aided Design of Integrated Circuits and Systems",
    "type" : "ARTICLE"
},

{
    "_id" : "577c432c0227c30f5cf44ecf",
    "actualClass" : "jyang_460",
    "authors" : [ 
        "Jun Yang", 
        "dinesh c. suresh", 
        "walid a. najjar"
    ],
    "title" : "Power Efficient Instruction Caches for Embedded Systems",
    "year" : 2005,
    "journal" : "Systems, Architectures, Modeling, and Simulation",
    "type" : "ARTICLE"
},

{
    "_id" : "577c432c0227c30f5cf44ed0",
    "actualClass" : "sparthasarathy_962",
    "authors" : [ 
        "Srinivasan Parthasarathy", 
        "v. s. anil kumar", 
        "madhav v. marathe", 
        "aravind srinivasan", 
        "sibylle zust"
    ],
    "title" : "Provable algorithms for parallel generalized sweep scheduling",
    "year" : 2006,
    "journal" : "Journal of Parallel and Distributed Computing",
    "type" : "ARTICLE"
},

{
    "_id" : "577c432c0227c30f5cf44ed1",
    "actualClass" : "kxu_477",
    "authors" : [ 
        "Kai Xu", 
        "yanzhen wang", 
        "yueshan xiong", 
        "ke tan", 
        "guangyou guo"
    ],
    "title" : "A mass-spring model for surface mesh deformation based on shape matching",
    "year" : 2006,
    "journal" : "Computer graphics and interactive techniques in Austalasia and South East Asia",
    "type" : "ARTICLE"
},

{
    "_id" : "577c432c0227c30f5cf44ed2",
    "actualClass" : "aschafer_62",
    "authors" : [ 
        "Andreas Schafer", 
        "stefan rene salz", 
        "oliver marker", 
        "angi vo�", 
        "andreas klotz"
    ],
    "title" : "Anforderungen an E-Diskurs-Plattformen illustriert am Beispiel DITO",
    "year" : 2003,
    "journal" : "GI-Jahrestagung",
    "type" : "ARTICLE"
},

{
    "_id" : "577c432c0227c30f5cf44ed3",
    "actualClass" : "lli_535",
    "authors" : [ 
        "Lian Li", 
        "lin gao", 
        "jingling xue"
    ],
    "title" : "Memory Coloring: A Compiler Approach for Scratchpad Memory Management",
    "year" : 2005,
    "journal" : "International Conference on Parallel Architectures and Compilation Techniques",
    "type" : "ARTICLE"
},

{
    "_id" : "577c432c0227c30f5cf44ed4",
    "actualClass" : "lzhang_512",
    "authors" : [ 
        "Lei Zhang", 
        "xin-jing wang", 
        "wei-ying ma", 
        "xing li"
    ],
    "title" : "Iteratively clustering web images based on link and attribute reinforcements",
    "year" : 2005,
    "journal" : "ACM Multimedia Conference",
    "type" : "ARTICLE"
},

{
    "_id" : "577c432c0227c30f5cf44ed5",
    "actualClass" : "xliu_1115",
    "authors" : [ 
        "Xiaoming Liu", 
        "hao wu", 
        "gianfranco doretto"
    ],
    "title" : "Face alignment via boosted ranking model",
    "year" : 2008,
    "journal" : "Computer Vision and Pattern Recognition",
    "type" : "ARTICLE"
},

{
    "_id" : "577c432c0227c30f5cf44ed6",
    "actualClass" : "hlu_299",
    "authors" : [ 
        "Hua Lu", 
        "m. j. rizvi", 
        "chris bailey"
    ],
    "title" : "Failure mechanisms of ACF joints under isothermal ageing",
    "year" : 2008,
    "journal" : "Microelectronics Journal",
    "type" : "ARTICLE"
},

{
    "_id" : "577c432c0227c30f5cf44ed7",
    "actualClass" : "bfischer_75",
    "authors" : [ 
        "Bernd Fischer", 
        "nurlida basir", 
        "ewen denney"
    ],
    "title" : "Deriving Safety Cases for the Formal Safety Certification of Automatically Generated Code",
    "year" : 2009,
    "journal" : "Electronic Notes in Theoretical Computer Science",
    "type" : "ARTICLE"
},

{
    "_id" : "577c432c0227c30f5cf44ed8",
    "actualClass" : "jzhang_367",
    "authors" : [ 
        "Jian Zhang", 
        "mazin s. yousif", 
        "robert carpenter", 
        "renato j. o. figueiredo"
    ],
    "title" : "Application Resource Demand Phase Analysis and Prediction in Support of Dynamic Resource Provisioning",
    "year" : 2007,
    "journal" : "International Conference on Autonomic Computing",
    "type" : "ARTICLE"
},

{
    "_id" : "577c432c0227c30f5cf44ed9",
    "actualClass" : "hzhang_314",
    "authors" : [ 
        "Hui Zhang", 
        "suyash p. awate", 
        "sandhitsu r. das", 
        "john h. woo", 
        "elias r. melhem", 
        "james c. gee", 
        "paul a. yushkevich"
    ],
    "title" : "A Tract-Specific Framework for White Matter Morphometry Combining Macroscopic and Microscopic Tract Features",
    "year" : 2009,
    "journal" : "Medical Image Computing and Computer-Assisted Intervention",
    "type" : "ARTICLE"
},

{
    "_id" : "577c432c0227c30f5cf44eda",
    "actualClass" : "swolf_979",
    "authors" : [ 
        "Stefan Wolf", 
        "burkhard peuschel"
    ],
    "title" : "Architectural Support for Distributed Process-Centered Software Development Environments",
    "year" : 1993,
    "journal" : "International Software Process Workshop",
    "type" : "ARTICLE"
},

{
    "_id" : "577c432c0227c30f5cf44edb",
    "actualClass" : "wwang_1070",
    "authors" : [ 
        "Wei Wang", 
        "dean duncan", 
        "hye-chung kum", 
        "kimberly flair"
    ],
    "title" : "Adopting IT for Effective Management of Social Welfare Programs",
    "year" : 2004,
    "journal" : "DG.O (Inter)National Conference on Digital Government Research",
    "type" : "ARTICLE"
},

{
    "_id" : "577c432c0227c30f5cf44edc",
    "actualClass" : "qzhang_848",
    "authors" : [ 
        "Qing Zhang", 
        "konstantinos markantonakis", 
        "keith mayes"
    ],
    "title" : "Practical Fair-Exchange E-Payment Protocol for Anonymous Purchase and Physical Delivery",
    "year" : 2006,
    "journal" : "ACS/IEEE International Conference on Computer Systems and Applications",
    "type" : "ARTICLE"
},

{
    "_id" : "577c432c0227c30f5cf44edd",
    "actualClass" : "lzhang_519",
    "authors" : [ 
        "Lei Zhang", 
        "chenxi lin", 
        "jian zhou", 
        "yin yang", 
        "yong yu"
    ],
    "title" : "SPortS: Semantic + Portal + Service",
    "year" : 2004,
    "journal" : "European Conference on Artificial Intelligence",
    "type" : "ARTICLE"
},

{
    "_id" : "577c432c0227c30f5cf44ede",
    "actualClass" : "wwang_1071",
    "authors" : [ 
        "Wei Wang", 
        "haifeng jiang", 
        "hongjun lu", 
        "jeffrey xu yu"
    ],
    "title" : "Bloom Histogram: Path Selectivity Estimation for XML Data with Updates",
    "year" : 2004,
    "journal" : "Very Large Data Bases",
    "type" : "ARTICLE"
},

{
    "_id" : "577c432c0227c30f5cf44edf",
    "actualClass" : "kchen_491",
    "authors" : [ 
        "Ke Chen", 
        "yueguo chen", 
        "gang chen", 
        "beng chin ooi"
    ],
    "title" : "Efficient Processing of Warping Time Series Join of Motion Capture Data",
    "year" : 2009,
    "journal" : "International Conference on Data Engineering",
    "type" : "ARTICLE"
},

{
    "_id" : "577c432c0227c30f5cf44ee0",
    "actualClass" : "lli_535",
    "authors" : [ 
        "Lian Li", 
        "jingling xue"
    ],
    "title" : "Trace-based leakage energy optimisations at link time",
    "year" : 2007,
    "journal" : "Journal of Systems Architecture",
    "type" : "ARTICLE"
},

{
    "_id" : "577c432c0227c30f5cf44ee1",
    "actualClass" : "dhsu_169",
    "authors" : [ 
        "Daniel Hsu", 
        "shardrom johnson", 
        "ben yang"
    ],
    "title" : "Energy Description of Data Object and Clustering",
    "year" : 2009,
    "journal" : "Fuzzy Systems and Knowledge Discovery",
    "type" : "ARTICLE"
},

{
    "_id" : "577c432c0227c30f5cf44ee2",
    "actualClass" : "lzhang_519",
    "authors" : [ 
        "Lei Zhang", 
        "qiaoling liu", 
        "jie zhang", 
        "haofen wang", 
        "yue pan", 
        "yong yu"
    ],
    "title" : "Semplore: An IR Approach to Scalable Hybrid Query of Semantic Web Data",
    "year" : 2007,
    "journal" : "International Semantic Web Conference",
    "type" : "ARTICLE"
},

{
    "_id" : "577c432c0227c30f5cf44ee3",
    "actualClass" : "lchen_506",
    "authors" : [ 
        "Lei Chen", 
        "liyi zhang", 
        "yanju guo", 
        "ting liu", 
        "qiang li"
    ],
    "title" : "Sequential blind image extraction based on particle swarm optimization",
    "year" : 2010,
    "journal" : "International Conference on Natural Computation",
    "type" : "ARTICLE"
},

{
    "_id" : "577c432c0227c30f5cf44ee4",
    "actualClass" : "tludwig_1011",
    "authors" : [ 
        "Thomas Ludwig", 
        "alexandros stamatakis", 
        "harald meier"
    ],
    "title" : "New Fast and Accurate Heuristics for Inference of Large Phylogenetic Trees",
    "year" : 2004,
    "journal" : "International Parallel and Distributed Processing Symposium/International Parallel Processing Symposium",
    "type" : "ARTICLE"
},

{
    "_id" : "577c432c0227c30f5cf44ee5",
    "actualClass" : "nzhang_769",
    "authors" : [ 
        "Nan Zhang", 
        "aniket pingley", 
        "wei yu", 
        "xinwen fu", 
        "wei zhao"
    ],
    "title" : "CAP: A Context-Aware Privacy Protection System for Location-Based Services",
    "year" : 2009,
    "journal" : "International Conference on Distributed Computing Systems",
    "type" : "ARTICLE"
},

{
    "_id" : "577c432c0227c30f5cf44e1b",
    "actualClass" : "jzhang_360",
    "authors" : [ 
        "Jian Zhang", 
        "jun yan"
    ],
    "title" : "Backtracking Algorithms and Search Heuristics to Generate Test Suites for Combinatorial Testing",
    "year" : 2006,
    "journal" : "International Computer Software and Applications Conference",
    "type" : "ARTICLE"
}
]